store,sku,qty_wasted,reason,date
FB-01,SKU-004,1,Expired,2026-09-17
FB-01,SKU-005,1,Damaged,2026-09-17
FB-01,SKU-011,1,Expired,2026-09-17
FB-01,SKU-012,1,Damaged,2026-09-17
FB-01,SKU-013,2,Expired,2026-09-17
FB-01,SKU-014,1,Expired,2026-09-17
FB-01,SKU-019,1,Expired,2026-09-17
FB-02,SKU-001,1,Expired,2026-09-17
FB-02,SKU-003,1,Quality reject,2026-09-17
FB-02,SKU-005,1,Damaged,2026-09-17
FB-02,SKU-006,1,Damaged,2026-09-17
FB-02,SKU-008,1,Damaged,2026-09-17
FB-02,SKU-013,1,Expired,2026-09-17
FB-02,SKU-014,2,Expired,2026-09-17
FB-02,SKU-016,1,Damaged,2026-09-17
FB-02,SKU-018,1,Quality reject,2026-09-17
FB-02,SKU-024,1,Quality reject,2026-09-17
FB-02,SKU-025,1,Expired,2026-09-17
FB-03,SKU-003,1,Expired,2026-09-17
FB-03,SKU-021,1,Damaged,2026-09-17
FB-03,SKU-022,1,Expired,2026-09-17
FB-03,SKU-023,1,Expired,2026-09-17
FB-04,SKU-013,1,Quality reject,2026-09-17
FB-04,SKU-019,1,Expired,2026-09-17
FB-04,SKU-022,1,Expired,2026-09-17
FB-04,SKU-023,1,Expired,2026-09-17
FB-05,SKU-001,1,Damaged,2026-09-17
FB-05,SKU-004,1,Expired,2026-09-17
FB-05,SKU-006,1,Damaged,2026-09-17
FB-05,SKU-021,1,Expired,2026-09-17
FB-06,SKU-001,1,Expired,2026-09-17
FB-06,SKU-003,1,Damaged,2026-09-17
FB-06,SKU-004,1,Quality reject,2026-09-17
FB-06,SKU-005,1,Damaged,2026-09-17
FB-06,SKU-007,1,Expired,2026-09-17
FB-06,SKU-011,2,Expired,2026-09-17
FB-06,SKU-013,1,Expired,2026-09-17
FB-06,SKU-015,1,Expired,2026-09-17
FB-06,SKU-020,1,Damaged,2026-09-17
FB-06,SKU-023,2,Quality reject,2026-09-17
FB-06,SKU-024,1,Expired,2026-09-17
FB-06,SKU-025,1,Damaged,2026-09-17
FB-07,SKU-006,2,Expired,2026-09-17
FB-07,SKU-015,1,Expired,2026-09-17
FB-07,SKU-017,1,Damaged,2026-09-17
FB-07,SKU-023,1,Expired,2026-09-17
FB-08,SKU-007,4,Quality reject,2026-09-17
FB-08,SKU-008,1,Quality reject,2026-09-17
FB-08,SKU-011,3,Quality reject,2026-09-17
FB-08,SKU-012,2,Expired,2026-09-17
FB-08,SKU-023,1,Expired,2026-09-17
FB-09,SKU-004,1,Expired,2026-09-17
FB-09,SKU-011,1,Expired,2026-09-17
FB-09,SKU-012,1,Damaged,2026-09-17
FB-09,SKU-017,1,Expired,2026-09-17
FB-09,SKU-019,1,Expired,2026-09-17
FB-09,SKU-023,1,Damaged,2026-09-17
FB-09,SKU-024,1,Expired,2026-09-17
FB-09,SKU-025,1,Expired,2026-09-17
FB-10,SKU-003,1,Expired,2026-09-17
FB-10,SKU-008,1,Damaged,2026-09-17
FB-10,SKU-012,1,Expired,2026-09-17
FB-11,SKU-025,1,Expired,2026-09-17
FB-12,SKU-005,1,Expired,2026-09-17
FB-12,SKU-011,3,Damaged,2026-09-17
FB-12,SKU-017,1,Expired,2026-09-17
FB-12,SKU-023,2,Expired,2026-09-17
FB-12,SKU-025,1,Expired,2026-09-17
FB-13,SKU-003,2,Quality reject,2026-09-17
FB-13,SKU-005,2,Expired,2026-09-17
FB-13,SKU-013,1,Expired,2026-09-17
FB-13,SKU-014,1,Expired,2026-09-17
FB-13,SKU-018,3,Expired,2026-09-17
FB-13,SKU-024,1,Expired,2026-09-17
FB-14,SKU-005,1,Expired,2026-09-17
FB-14,SKU-014,3,Expired,2026-09-17
FB-14,SKU-025,1,Expired,2026-09-17
FB-15,SKU-005,1,Damaged,2026-09-17
FB-15,SKU-012,1,Expired,2026-09-17
FB-16,SKU-001,1,Expired,2026-09-17
FB-16,SKU-003,1,Expired,2026-09-17
FB-16,SKU-004,1,Quality reject,2026-09-17
FB-16,SKU-006,1,Expired,2026-09-17
FB-16,SKU-010,1,Expired,2026-09-17
FB-16,SKU-013,1,Expired,2026-09-17
FB-16,SKU-016,1,Expired,2026-09-17
FB-17,SKU-003,2,Damaged,2026-09-17
FB-17,SKU-005,1,Expired,2026-09-17
FB-17,SKU-013,2,Damaged,2026-09-17
FB-17,SKU-014,2,Expired,2026-09-17
FB-17,SKU-018,1,Quality reject,2026-09-17
FB-18,SKU-003,1,Expired,2026-09-17
FB-18,SKU-019,2,Expired,2026-09-17
FB-18,SKU-025,1,Quality reject,2026-09-17
FB-19,SKU-003,3,Expired,2026-09-17
FB-19,SKU-004,1,Expired,2026-09-17
FB-19,SKU-005,3,Expired,2026-09-17
FB-19,SKU-013,1,Damaged,2026-09-17
FB-19,SKU-014,1,Expired,2026-09-17
FB-19,SKU-020,1,Damaged,2026-09-17
FB-20,SKU-002,1,Expired,2026-09-17
FB-20,SKU-003,1,Expired,2026-09-17
FB-20,SKU-011,1,Expired,2026-09-17
FB-20,SKU-013,1,Expired,2026-09-17
FB-20,SKU-017,1,Quality reject,2026-09-17
FB-20,SKU-022,1,Quality reject,2026-09-17
FB-21,SKU-006,1,Damaged,2026-09-17
FB-21,SKU-008,1,Quality reject,2026-09-17
FB-21,SKU-013,4,Quality reject,2026-09-17
FB-21,SKU-014,1,Expired,2026-09-17
FB-21,SKU-017,1,Damaged,2026-09-17
FB-21,SKU-019,1,Quality reject,2026-09-17
FB-21,SKU-021,1,Damaged,2026-09-17
FB-22,SKU-004,5,Expired,2026-09-17
FB-22,SKU-012,1,Damaged,2026-09-17
FB-22,SKU-013,2,Quality reject,2026-09-17
FB-22,SKU-014,3,Expired,2026-09-17
FB-22,SKU-019,1,Expired,2026-09-17
FB-22,SKU-021,1,Quality reject,2026-09-17
FB-22,SKU-022,1,Expired,2026-09-17
FB-22,SKU-023,1,Expired,2026-09-17
FB-22,SKU-024,1,Expired,2026-09-17
FB-23,SKU-004,1,Expired,2026-09-17
FB-23,SKU-005,3,Expired,2026-09-17
FB-23,SKU-011,2,Quality reject,2026-09-17
FB-23,SKU-021,1,Expired,2026-09-17
FB-24,SKU-003,1,Expired,2026-09-17
FB-24,SKU-007,1,Quality reject,2026-09-17
FB-24,SKU-017,1,Quality reject,2026-09-17
FB-24,SKU-022,1,Damaged,2026-09-17
FB-24,SKU-024,2,Expired,2026-09-17
FB-25,SKU-003,1,Expired,2026-09-17
FB-25,SKU-011,1,Expired,2026-09-17
FB-25,SKU-014,2,Quality reject,2026-09-17
FB-25,SKU-020,1,Expired,2026-09-17
FB-25,SKU-023,3,Quality reject,2026-09-17
FB-01,SKU-014,1,Damaged,2026-09-18
FB-01,SKU-022,1,Expired,2026-09-18
FB-01,SKU-023,1,Expired,2026-09-18
FB-01,SKU-024,1,Expired,2026-09-18
FB-01,SKU-025,1,Quality reject,2026-09-18
FB-02,SKU-004,1,Expired,2026-09-18
FB-02,SKU-005,2,Expired,2026-09-18
FB-02,SKU-009,1,Quality reject,2026-09-18
FB-02,SKU-011,2,Quality reject,2026-09-18
FB-02,SKU-014,1,Damaged,2026-09-18
FB-02,SKU-017,1,Expired,2026-09-18
FB-02,SKU-023,1,Damaged,2026-09-18
FB-02,SKU-025,1,Expired,2026-09-18
FB-03,SKU-003,1,Expired,2026-09-18
FB-03,SKU-004,2,Expired,2026-09-18
FB-03,SKU-013,1,Expired,2026-09-18
FB-03,SKU-022,1,Expired,2026-09-18
FB-04,SKU-003,2,Expired,2026-09-18
FB-04,SKU-011,1,Expired,2026-09-18
FB-04,SKU-013,2,Expired,2026-09-18
FB-04,SKU-020,1,Expired,2026-09-18
FB-05,SKU-001,1,Expired,2026-09-18
FB-05,SKU-004,1,Expired,2026-09-18
FB-06,SKU-001,1,Expired,2026-09-18
FB-06,SKU-002,1,Expired,2026-09-18
FB-06,SKU-010,1,Damaged,2026-09-18
FB-06,SKU-011,1,Expired,2026-09-18
FB-06,SKU-013,1,Expired,2026-09-18
FB-06,SKU-014,1,Expired,2026-09-18
FB-06,SKU-022,1,Expired,2026-09-18
FB-06,SKU-024,1,Expired,2026-09-18
FB-07,SKU-005,1,Damaged,2026-09-18
FB-07,SKU-009,2,Expired,2026-09-18
FB-07,SKU-010,1,Damaged,2026-09-18
FB-07,SKU-013,1,Quality reject,2026-09-18
FB-07,SKU-014,1,Quality reject,2026-09-18
FB-07,SKU-019,1,Damaged,2026-09-18
FB-07,SKU-021,1,Expired,2026-09-18
FB-07,SKU-022,1,Expired,2026-09-18
FB-08,SKU-004,1,Quality reject,2026-09-18
FB-08,SKU-007,1,Quality reject,2026-09-18
FB-08,SKU-009,1,Expired,2026-09-18
FB-08,SKU-010,1,Damaged,2026-09-18
FB-08,SKU-011,1,Damaged,2026-09-18
FB-08,SKU-012,1,Expired,2026-09-18
FB-08,SKU-013,1,Expired,2026-09-18
FB-09,SKU-001,1,Damaged,2026-09-18
FB-09,SKU-004,2,Damaged,2026-09-18
FB-09,SKU-009,1,Expired,2026-09-18
FB-09,SKU-011,1,Expired,2026-09-18
FB-09,SKU-012,1,Quality reject,2026-09-18
FB-09,SKU-020,1,Expired,2026-09-18
FB-10,SKU-005,1,Expired,2026-09-18
FB-10,SKU-011,1,Expired,2026-09-18
FB-10,SKU-014,2,Expired,2026-09-18
FB-10,SKU-017,1,Expired,2026-09-18
FB-10,SKU-019,1,Quality reject,2026-09-18
FB-11,SKU-005,1,Expired,2026-09-18
FB-11,SKU-007,1,Damaged,2026-09-18
FB-11,SKU-012,1,Quality reject,2026-09-18
FB-11,SKU-013,1,Expired,2026-09-18
FB-12,SKU-001,1,Expired,2026-09-18
FB-12,SKU-006,1,Expired,2026-09-18
FB-12,SKU-011,2,Expired,2026-09-18
FB-12,SKU-012,1,Expired,2026-09-18
FB-12,SKU-013,1,Expired,2026-09-18
FB-12,SKU-017,1,Expired,2026-09-18
FB-12,SKU-019,1,Expired,2026-09-18
FB-12,SKU-021,1,Expired,2026-09-18
FB-12,SKU-022,1,Damaged,2026-09-18
FB-12,SKU-023,1,Expired,2026-09-18
FB-12,SKU-024,1,Expired,2026-09-18
FB-13,SKU-001,1,Expired,2026-09-18
FB-13,SKU-003,1,Quality reject,2026-09-18
FB-13,SKU-005,1,Expired,2026-09-18
FB-13,SKU-009,1,Expired,2026-09-18
FB-13,SKU-011,1,Quality reject,2026-09-18
FB-13,SKU-013,1,Expired,2026-09-18
FB-13,SKU-014,1,Quality reject,2026-09-18
FB-13,SKU-018,1,Expired,2026-09-18
FB-13,SKU-019,1,Expired,2026-09-18
FB-13,SKU-022,2,Expired,2026-09-18
FB-13,SKU-023,3,Expired,2026-09-18
FB-13,SKU-024,2,Expired,2026-09-18
FB-13,SKU-025,2,Expired,2026-09-18
FB-14,SKU-007,1,Damaged,2026-09-18
FB-14,SKU-011,1,Quality reject,2026-09-18
FB-14,SKU-014,1,Expired,2026-09-18
FB-14,SKU-022,1,Damaged,2026-09-18
FB-15,SKU-014,1,Damaged,2026-09-18
FB-15,SKU-021,1,Expired,2026-09-18
FB-16,SKU-004,2,Expired,2026-09-18
FB-16,SKU-006,2,Quality reject,2026-09-18
FB-16,SKU-011,2,Damaged,2026-09-18
FB-16,SKU-021,1,Expired,2026-09-18
FB-16,SKU-024,1,Expired,2026-09-18
FB-16,SKU-025,1,Expired,2026-09-18
FB-17,SKU-004,1,Quality reject,2026-09-18
FB-17,SKU-005,1,Expired,2026-09-18
FB-17,SKU-006,1,Expired,2026-09-18
FB-17,SKU-011,1,Expired,2026-09-18
FB-17,SKU-017,1,Expired,2026-09-18
FB-18,SKU-005,1,Expired,2026-09-18
FB-18,SKU-006,1,Expired,2026-09-18
FB-18,SKU-014,1,Quality reject,2026-09-18
FB-19,SKU-005,1,Expired,2026-09-18
FB-19,SKU-006,1,Damaged,2026-09-18
FB-19,SKU-021,1,Expired,2026-09-18
FB-20,SKU-004,1,Expired,2026-09-18
FB-20,SKU-014,1,Expired,2026-09-18
FB-20,SKU-020,1,Quality reject,2026-09-18
FB-21,SKU-001,1,Expired,2026-09-18
FB-21,SKU-014,2,Expired,2026-09-18
FB-21,SKU-019,2,Expired,2026-09-18
FB-21,SKU-022,1,Expired,2026-09-18
FB-21,SKU-023,1,Damaged,2026-09-18
FB-22,SKU-003,1,Expired,2026-09-18
FB-22,SKU-004,1,Quality reject,2026-09-18
FB-22,SKU-011,1,Damaged,2026-09-18
FB-22,SKU-012,1,Damaged,2026-09-18
FB-22,SKU-022,1,Quality reject,2026-09-18
FB-22,SKU-025,1,Damaged,2026-09-18
FB-23,SKU-005,1,Expired,2026-09-18
FB-23,SKU-014,2,Quality reject,2026-09-18
FB-23,SKU-021,1,Damaged,2026-09-18
FB-23,SKU-022,1,Expired,2026-09-18
FB-23,SKU-025,1,Expired,2026-09-18
FB-24,SKU-005,1,Expired,2026-09-18
FB-25,SKU-002,1,Quality reject,2026-09-18
FB-25,SKU-003,1,Expired,2026-09-18
FB-25,SKU-004,1,Expired,2026-09-18
FB-25,SKU-005,1,Expired,2026-09-18
FB-25,SKU-011,1,Expired,2026-09-18
FB-25,SKU-014,2,Quality reject,2026-09-18
FB-25,SKU-023,2,Expired,2026-09-18
FB-01,SKU-004,1,Quality reject,2026-09-19
FB-01,SKU-005,1,Damaged,2026-09-19
FB-01,SKU-007,1,Expired,2026-09-19
FB-01,SKU-011,2,Expired,2026-09-19
FB-01,SKU-025,1,Expired,2026-09-19
FB-02,SKU-001,1,Expired,2026-09-19
FB-02,SKU-003,1,Expired,2026-09-19
FB-02,SKU-004,4,Expired,2026-09-19
FB-02,SKU-011,1,Expired,2026-09-19
FB-02,SKU-012,1,Damaged,2026-09-19
FB-02,SKU-013,1,Expired,2026-09-19
FB-03,SKU-011,1,Damaged,2026-09-19
FB-03,SKU-024,1,Damaged,2026-09-19
FB-04,SKU-003,1,Quality reject,2026-09-19
FB-04,SKU-005,1,Expired,2026-09-19
FB-04,SKU-011,1,Damaged,2026-09-19
FB-04,SKU-013,2,Damaged,2026-09-19
FB-04,SKU-017,1,Quality reject,2026-09-19
FB-04,SKU-022,1,Expired,2026-09-19
FB-04,SKU-025,1,Expired,2026-09-19
FB-05,SKU-011,1,Quality reject,2026-09-19
FB-05,SKU-014,1,Expired,2026-09-19
FB-05,SKU-017,1,Expired,2026-09-19
FB-05,SKU-023,1,Expired,2026-09-19
FB-05,SKU-025,1,Damaged,2026-09-19
FB-06,SKU-004,1,Expired,2026-09-19
FB-06,SKU-005,1,Quality reject,2026-09-19
FB-06,SKU-011,1,Expired,2026-09-19
FB-06,SKU-013,1,Damaged,2026-09-19
FB-06,SKU-014,1,Quality reject,2026-09-19
FB-06,SKU-021,1,Expired,2026-09-19
FB-06,SKU-022,1,Expired,2026-09-19
FB-06,SKU-023,1,Damaged,2026-09-19
FB-07,SKU-003,1,Damaged,2026-09-19
FB-07,SKU-005,1,Expired,2026-09-19
FB-07,SKU-011,1,Expired,2026-09-19
FB-07,SKU-012,1,Quality reject,2026-09-19
FB-07,SKU-018,1,Expired,2026-09-19
FB-07,SKU-025,1,Expired,2026-09-19
FB-08,SKU-003,2,Damaged,2026-09-19
FB-08,SKU-005,1,Expired,2026-09-19
FB-08,SKU-009,1,Expired,2026-09-19
FB-08,SKU-010,1,Damaged,2026-09-19
FB-08,SKU-011,5,Expired,2026-09-19
FB-08,SKU-012,3,Expired,2026-09-19
FB-08,SKU-013,1,Damaged,2026-09-19
FB-08,SKU-019,1,Expired,2026-09-19
FB-08,SKU-022,2,Expired,2026-09-19
FB-08,SKU-023,1,Expired,2026-09-19
FB-09,SKU-005,1,Damaged,2026-09-19
FB-09,SKU-008,1,Expired,2026-09-19
FB-09,SKU-022,1,Expired,2026-09-19
FB-09,SKU-025,1,Expired,2026-09-19
FB-10,SKU-001,1,Expired,2026-09-19
FB-10,SKU-003,1,Expired,2026-09-19
FB-10,SKU-006,2,Damaged,2026-09-19
FB-10,SKU-008,1,Expired,2026-09-19
FB-10,SKU-014,1,Expired,2026-09-19
FB-10,SKU-023,2,Expired,2026-09-19
FB-11,SKU-001,1,Expired,2026-09-19
FB-11,SKU-006,1,Expired,2026-09-19
FB-11,SKU-014,1,Expired,2026-09-19
FB-11,SKU-018,1,Expired,2026-09-19
FB-11,SKU-019,1,Expired,2026-09-19
FB-11,SKU-020,1,Damaged,2026-09-19
FB-11,SKU-022,1,Damaged,2026-09-19
FB-12,SKU-004,1,Expired,2026-09-19
FB-12,SKU-008,1,Expired,2026-09-19
FB-12,SKU-010,1,Expired,2026-09-19
FB-12,SKU-014,1,Quality reject,2026-09-19
FB-12,SKU-018,1,Damaged,2026-09-19
FB-12,SKU-021,1,Damaged,2026-09-19
FB-12,SKU-022,1,Damaged,2026-09-19
FB-12,SKU-025,1,Expired,2026-09-19
FB-13,SKU-003,1,Expired,2026-09-19
FB-13,SKU-017,3,Expired,2026-09-19
FB-13,SKU-018,1,Damaged,2026-09-19
FB-13,SKU-019,1,Expired,2026-09-19
FB-13,SKU-021,1,Expired,2026-09-19
FB-13,SKU-023,1,Expired,2026-09-19
FB-13,SKU-024,1,Damaged,2026-09-19
FB-14,SKU-003,2,Expired,2026-09-19
FB-14,SKU-004,1,Damaged,2026-09-19
FB-14,SKU-012,2,Damaged,2026-09-19
FB-14,SKU-013,1,Expired,2026-09-19
FB-14,SKU-015,1,Expired,2026-09-19
FB-14,SKU-017,1,Damaged,2026-09-19
FB-14,SKU-025,1,Expired,2026-09-19
FB-15,SKU-005,1,Expired,2026-09-19
FB-15,SKU-014,3,Expired,2026-09-19
FB-15,SKU-017,1,Quality reject,2026-09-19
FB-16,SKU-006,1,Damaged,2026-09-19
FB-16,SKU-009,1,Expired,2026-09-19
FB-16,SKU-011,3,Expired,2026-09-19
FB-16,SKU-013,1,Expired,2026-09-19
FB-16,SKU-014,2,Quality reject,2026-09-19
FB-16,SKU-015,1,Expired,2026-09-19
FB-16,SKU-022,1,Damaged,2026-09-19
FB-16,SKU-025,1,Expired,2026-09-19
FB-17,SKU-004,1,Expired,2026-09-19
FB-17,SKU-008,1,Expired,2026-09-19
FB-17,SKU-012,1,Expired,2026-09-19
FB-17,SKU-022,1,Expired,2026-09-19
FB-17,SKU-023,2,Expired,2026-09-19
FB-18,SKU-011,1,Damaged,2026-09-19
FB-18,SKU-014,1,Expired,2026-09-19
FB-19,SKU-001,1,Damaged,2026-09-19
FB-19,SKU-003,1,Damaged,2026-09-19
FB-19,SKU-004,1,Quality reject,2026-09-19
FB-19,SKU-013,1,Expired,2026-09-19
FB-19,SKU-019,1,Expired,2026-09-19
FB-19,SKU-022,1,Expired,2026-09-19
FB-19,SKU-023,1,Quality reject,2026-09-19
FB-20,SKU-003,1,Expired,2026-09-19
FB-20,SKU-005,2,Expired,2026-09-19
FB-20,SKU-009,1,Expired,2026-09-19
FB-20,SKU-014,1,Damaged,2026-09-19
FB-20,SKU-019,1,Damaged,2026-09-19
FB-21,SKU-012,2,Expired,2026-09-19
FB-21,SKU-022,1,Expired,2026-09-19
FB-22,SKU-003,2,Quality reject,2026-09-19
FB-22,SKU-005,1,Damaged,2026-09-19
FB-22,SKU-008,1,Quality reject,2026-09-19
FB-22,SKU-012,2,Expired,2026-09-19
FB-22,SKU-013,1,Expired,2026-09-19
FB-22,SKU-022,2,Expired,2026-09-19
FB-22,SKU-025,2,Expired,2026-09-19
FB-23,SKU-003,1,Expired,2026-09-19
FB-23,SKU-012,2,Expired,2026-09-19
FB-23,SKU-014,1,Expired,2026-09-19
FB-24,SKU-003,1,Expired,2026-09-19
FB-24,SKU-008,1,Quality reject,2026-09-19
FB-24,SKU-012,1,Expired,2026-09-19
FB-24,SKU-022,2,Expired,2026-09-19
FB-24,SKU-023,1,Expired,2026-09-19
FB-24,SKU-025,1,Expired,2026-09-19
FB-25,SKU-022,2,Damaged,2026-09-19
FB-25,SKU-023,1,Expired,2026-09-19
FB-01,SKU-001,1,Quality reject,2026-09-20
FB-01,SKU-003,1,Expired,2026-09-20
FB-01,SKU-008,1,Damaged,2026-09-20
FB-01,SKU-011,1,Expired,2026-09-20
FB-01,SKU-012,1,Expired,2026-09-20
FB-01,SKU-014,1,Expired,2026-09-20
FB-01,SKU-024,1,Expired,2026-09-20
FB-02,SKU-003,1,Damaged,2026-09-20
FB-02,SKU-007,1,Expired,2026-09-20
FB-02,SKU-014,2,Quality reject,2026-09-20
FB-02,SKU-015,1,Quality reject,2026-09-20
FB-02,SKU-020,1,Quality reject,2026-09-20
FB-02,SKU-023,2,Expired,2026-09-20
FB-03,SKU-005,1,Expired,2026-09-20
FB-03,SKU-006,1,Damaged,2026-09-20
FB-03,SKU-017,1,Damaged,2026-09-20
FB-03,SKU-019,1,Expired,2026-09-20
FB-03,SKU-020,2,Expired,2026-09-20
FB-03,SKU-023,1,Expired,2026-09-20
FB-03,SKU-025,1,Expired,2026-09-20
FB-04,SKU-017,1,Expired,2026-09-20
FB-04,SKU-020,1,Expired,2026-09-20
FB-05,SKU-007,1,Damaged,2026-09-20
FB-05,SKU-011,1,Damaged,2026-09-20
FB-05,SKU-013,1,Expired,2026-09-20
FB-05,SKU-019,1,Expired,2026-09-20
FB-06,SKU-004,1,Quality reject,2026-09-20
FB-06,SKU-006,1,Expired,2026-09-20
FB-06,SKU-020,1,Quality reject,2026-09-20
FB-06,SKU-022,2,Expired,2026-09-20
FB-06,SKU-023,3,Quality reject,2026-09-20
FB-07,SKU-005,1,Damaged,2026-09-20
FB-07,SKU-020,1,Quality reject,2026-09-20
FB-07,SKU-021,1,Expired,2026-09-20
FB-07,SKU-024,1,Expired,2026-09-20
FB-08,SKU-004,1,Expired,2026-09-20
FB-08,SKU-010,2,Quality reject,2026-09-20
FB-08,SKU-011,2,Quality reject,2026-09-20
FB-08,SKU-012,1,Expired,2026-09-20
FB-08,SKU-013,3,Expired,2026-09-20
FB-08,SKU-017,1,Expired,2026-09-20
FB-09,SKU-004,1,Quality reject,2026-09-20
FB-09,SKU-005,1,Damaged,2026-09-20
FB-09,SKU-010,1,Quality reject,2026-09-20
FB-09,SKU-011,1,Expired,2026-09-20
FB-09,SKU-012,1,Damaged,2026-09-20
FB-09,SKU-014,1,Expired,2026-09-20
FB-09,SKU-019,1,Damaged,2026-09-20
FB-09,SKU-023,1,Expired,2026-09-20
FB-09,SKU-024,1,Expired,2026-09-20
FB-10,SKU-010,2,Quality reject,2026-09-20
FB-10,SKU-011,1,Quality reject,2026-09-20
FB-10,SKU-018,1,Damaged,2026-09-20
FB-10,SKU-023,1,Quality reject,2026-09-20
FB-11,SKU-003,1,Expired,2026-09-20
FB-11,SKU-006,1,Expired,2026-09-20
FB-11,SKU-011,1,Damaged,2026-09-20
FB-11,SKU-016,1,Expired,2026-09-20
FB-11,SKU-023,1,Expired,2026-09-20
FB-12,SKU-003,1,Expired,2026-09-20
FB-12,SKU-005,1,Quality reject,2026-09-20
FB-12,SKU-016,1,Damaged,2026-09-20
FB-12,SKU-017,2,Expired,2026-09-20
FB-12,SKU-020,1,Damaged,2026-09-20
FB-12,SKU-023,1,Expired,2026-09-20
FB-13,SKU-004,2,Expired,2026-09-20
FB-13,SKU-006,1,Quality reject,2026-09-20
FB-13,SKU-011,1,Expired,2026-09-20
FB-13,SKU-014,2,Expired,2026-09-20
FB-13,SKU-023,1,Damaged,2026-09-20
FB-14,SKU-014,1,Expired,2026-09-20
FB-14,SKU-019,1,Expired,2026-09-20
FB-14,SKU-020,1,Expired,2026-09-20
FB-14,SKU-021,1,Expired,2026-09-20
FB-14,SKU-022,1,Expired,2026-09-20
FB-14,SKU-023,2,Expired,2026-09-20
FB-15,SKU-003,1,Expired,2026-09-20
FB-15,SKU-006,1,Expired,2026-09-20
FB-15,SKU-013,1,Quality reject,2026-09-20
FB-15,SKU-015,1,Damaged,2026-09-20
FB-15,SKU-019,1,Damaged,2026-09-20
FB-16,SKU-003,1,Damaged,2026-09-20
FB-16,SKU-005,2,Expired,2026-09-20
FB-16,SKU-006,2,Quality reject,2026-09-20
FB-16,SKU-007,1,Damaged,2026-09-20
FB-16,SKU-008,1,Expired,2026-09-20
FB-16,SKU-014,2,Expired,2026-09-20
FB-17,SKU-009,2,Expired,2026-09-20
FB-17,SKU-010,1,Expired,2026-09-20
FB-17,SKU-013,1,Expired,2026-09-20
FB-17,SKU-014,2,Expired,2026-09-20
FB-17,SKU-021,1,Damaged,2026-09-20
FB-18,SKU-004,1,Expired,2026-09-20
FB-18,SKU-008,1,Expired,2026-09-20
FB-18,SKU-010,1,Quality reject,2026-09-20
FB-18,SKU-013,1,Damaged,2026-09-20
FB-18,SKU-014,1,Expired,2026-09-20
FB-18,SKU-019,2,Quality reject,2026-09-20
FB-19,SKU-004,2,Expired,2026-09-20
FB-19,SKU-005,2,Expired,2026-09-20
FB-19,SKU-014,1,Expired,2026-09-20
FB-19,SKU-021,1,Expired,2026-09-20
FB-19,SKU-024,1,Quality reject,2026-09-20
FB-20,SKU-003,1,Expired,2026-09-20
FB-20,SKU-008,1,Quality reject,2026-09-20
FB-20,SKU-013,1,Expired,2026-09-20
FB-20,SKU-017,3,Expired,2026-09-20
FB-20,SKU-022,1,Damaged,2026-09-20
FB-20,SKU-023,2,Expired,2026-09-20
FB-21,SKU-003,1,Quality reject,2026-09-20
FB-21,SKU-005,1,Expired,2026-09-20
FB-21,SKU-010,1,Quality reject,2026-09-20
FB-21,SKU-016,1,Expired,2026-09-20
FB-21,SKU-021,1,Expired,2026-09-20
FB-21,SKU-023,1,Expired,2026-09-20
FB-21,SKU-024,1,Expired,2026-09-20
FB-22,SKU-004,1,Expired,2026-09-20
FB-22,SKU-005,1,Expired,2026-09-20
FB-22,SKU-012,1,Quality reject,2026-09-20
FB-22,SKU-013,1,Expired,2026-09-20
FB-22,SKU-014,1,Expired,2026-09-20
FB-22,SKU-019,1,Expired,2026-09-20
FB-22,SKU-021,1,Damaged,2026-09-20
FB-22,SKU-023,3,Expired,2026-09-20
FB-23,SKU-017,1,Quality reject,2026-09-20
FB-23,SKU-022,2,Expired,2026-09-20
FB-23,SKU-023,1,Quality reject,2026-09-20
FB-24,SKU-004,2,Expired,2026-09-20
FB-24,SKU-006,1,Expired,2026-09-20
FB-24,SKU-011,1,Expired,2026-09-20
FB-24,SKU-013,1,Expired,2026-09-20
FB-24,SKU-014,1,Expired,2026-09-20
FB-25,SKU-003,1,Quality reject,2026-09-20
FB-25,SKU-005,2,Expired,2026-09-20
FB-25,SKU-009,1,Damaged,2026-09-20
FB-25,SKU-014,2,Damaged,2026-09-20
FB-25,SKU-017,2,Expired,2026-09-20
FB-25,SKU-021,1,Expired,2026-09-20
FB-25,SKU-024,1,Damaged,2026-09-20
FB-01,SKU-007,1,Damaged,2026-09-21
FB-01,SKU-011,1,Expired,2026-09-21
FB-01,SKU-013,1,Expired,2026-09-21
FB-01,SKU-019,1,Quality reject,2026-09-21
FB-01,SKU-022,1,Quality reject,2026-09-21
FB-01,SKU-024,1,Damaged,2026-09-21
FB-02,SKU-004,1,Quality reject,2026-09-21
FB-02,SKU-006,1,Damaged,2026-09-21
FB-02,SKU-014,2,Expired,2026-09-21
FB-02,SKU-015,2,Expired,2026-09-21
FB-02,SKU-020,2,Damaged,2026-09-21
FB-02,SKU-022,1,Quality reject,2026-09-21
FB-03,SKU-001,2,Expired,2026-09-21
FB-03,SKU-005,1,Expired,2026-09-21
FB-04,SKU-001,1,Expired,2026-09-21
FB-04,SKU-003,1,Damaged,2026-09-21
FB-04,SKU-004,1,Damaged,2026-09-21
FB-04,SKU-005,2,Quality reject,2026-09-21
FB-04,SKU-014,1,Expired,2026-09-21
FB-04,SKU-017,1,Expired,2026-09-21
FB-04,SKU-019,1,Expired,2026-09-21
FB-04,SKU-025,1,Expired,2026-09-21
FB-05,SKU-003,1,Quality reject,2026-09-21
FB-05,SKU-005,2,Expired,2026-09-21
FB-05,SKU-013,1,Damaged,2026-09-21
FB-06,SKU-005,2,Expired,2026-09-21
FB-06,SKU-012,1,Damaged,2026-09-21
FB-06,SKU-018,1,Expired,2026-09-21
FB-07,SKU-003,1,Expired,2026-09-21
FB-07,SKU-010,1,Damaged,2026-09-21
FB-07,SKU-022,2,Expired,2026-09-21
FB-07,SKU-023,2,Expired,2026-09-21
FB-07,SKU-024,1,Expired,2026-09-21
FB-08,SKU-003,1,Expired,2026-09-21
FB-08,SKU-005,1,Expired,2026-09-21
FB-08,SKU-008,1,Quality reject,2026-09-21
FB-08,SKU-009,1,Expired,2026-09-21
FB-08,SKU-010,2,Expired,2026-09-21
FB-08,SKU-011,4,Expired,2026-09-21
FB-08,SKU-012,3,Expired,2026-09-21
FB-08,SKU-014,1,Expired,2026-09-21
FB-08,SKU-019,1,Damaged,2026-09-21
FB-08,SKU-020,1,Quality reject,2026-09-21
FB-09,SKU-003,2,Expired,2026-09-21
FB-09,SKU-005,1,Expired,2026-09-21
FB-09,SKU-006,1,Quality reject,2026-09-21
FB-09,SKU-013,1,Expired,2026-09-21
FB-09,SKU-014,1,Expired,2026-09-21
FB-09,SKU-020,1,Quality reject,2026-09-21
FB-10,SKU-004,2,Damaged,2026-09-21
FB-10,SKU-009,1,Expired,2026-09-21
FB-10,SKU-022,1,Quality reject,2026-09-21
FB-10,SKU-025,1,Damaged,2026-09-21
FB-11,SKU-001,1,Expired,2026-09-21
FB-11,SKU-006,1,Expired,2026-09-21
FB-11,SKU-009,1,Expired,2026-09-21
FB-11,SKU-011,1,Damaged,2026-09-21
FB-11,SKU-012,1,Expired,2026-09-21
FB-11,SKU-015,1,Damaged,2026-09-21
FB-11,SKU-017,1,Expired,2026-09-21
FB-11,SKU-018,1,Expired,2026-09-21
FB-11,SKU-022,1,Quality reject,2026-09-21
FB-11,SKU-024,1,Expired,2026-09-21
FB-12,SKU-005,1,Quality reject,2026-09-21
FB-12,SKU-008,1,Expired,2026-09-21
FB-12,SKU-009,1,Expired,2026-09-21
FB-12,SKU-012,1,Quality reject,2026-09-21
FB-12,SKU-022,2,Quality reject,2026-09-21
FB-12,SKU-023,3,Quality reject,2026-09-21
FB-13,SKU-011,2,Expired,2026-09-21
FB-13,SKU-013,2,Expired,2026-09-21
FB-13,SKU-014,1,Quality reject,2026-09-21
FB-13,SKU-022,1,Expired,2026-09-21
FB-13,SKU-023,1,Expired,2026-09-21
FB-14,SKU-005,2,Expired,2026-09-21
FB-14,SKU-007,1,Quality reject,2026-09-21
FB-14,SKU-012,1,Expired,2026-09-21
FB-14,SKU-013,1,Expired,2026-09-21
FB-14,SKU-015,1,Expired,2026-09-21
FB-14,SKU-017,1,Expired,2026-09-21
FB-14,SKU-019,1,Expired,2026-09-21
FB-14,SKU-022,1,Damaged,2026-09-21
FB-14,SKU-025,1,Quality reject,2026-09-21
FB-15,SKU-013,1,Expired,2026-09-21
FB-15,SKU-014,2,Expired,2026-09-21
FB-15,SKU-017,1,Expired,2026-09-21
FB-15,SKU-018,1,Expired,2026-09-21
FB-16,SKU-005,3,Expired,2026-09-21
FB-16,SKU-007,1,Expired,2026-09-21
FB-16,SKU-011,2,Expired,2026-09-21
FB-16,SKU-013,2,Quality reject,2026-09-21
FB-16,SKU-016,1,Expired,2026-09-21
FB-16,SKU-022,1,Damaged,2026-09-21
FB-16,SKU-023,1,Expired,2026-09-21
FB-16,SKU-025,2,Expired,2026-09-21
FB-17,SKU-001,1,Expired,2026-09-21
FB-17,SKU-003,1,Quality reject,2026-09-21
FB-17,SKU-005,1,Expired,2026-09-21
FB-17,SKU-006,2,Expired,2026-09-21
FB-17,SKU-011,2,Expired,2026-09-21
FB-17,SKU-014,1,Expired,2026-09-21
FB-17,SKU-019,1,Quality reject,2026-09-21
FB-17,SKU-021,1,Damaged,2026-09-21
FB-18,SKU-004,1,Expired,2026-09-21
FB-18,SKU-021,1,Expired,2026-09-21
FB-18,SKU-022,1,Expired,2026-09-21
FB-18,SKU-023,2,Damaged,2026-09-21
FB-19,SKU-007,1,Expired,2026-09-21
FB-19,SKU-009,1,Damaged,2026-09-21
FB-19,SKU-011,2,Expired,2026-09-21
FB-19,SKU-013,1,Expired,2026-09-21
FB-19,SKU-014,1,Quality reject,2026-09-21
FB-19,SKU-019,1,Expired,2026-09-21
FB-19,SKU-025,1,Quality reject,2026-09-21
FB-20,SKU-003,2,Damaged,2026-09-21
FB-20,SKU-004,1,Expired,2026-09-21
FB-20,SKU-006,1,Quality reject,2026-09-21
FB-20,SKU-011,2,Quality reject,2026-09-21
FB-20,SKU-022,1,Damaged,2026-09-21
FB-20,SKU-023,1,Damaged,2026-09-21
FB-21,SKU-003,1,Expired,2026-09-21
FB-21,SKU-005,1,Damaged,2026-09-21
FB-21,SKU-006,1,Quality reject,2026-09-21
FB-21,SKU-008,1,Expired,2026-09-21
FB-21,SKU-013,1,Quality reject,2026-09-21
FB-21,SKU-014,1,Expired,2026-09-21
FB-21,SKU-019,1,Damaged,2026-09-21
FB-21,SKU-022,2,Quality reject,2026-09-21
FB-22,SKU-006,1,Damaged,2026-09-21
FB-22,SKU-014,2,Expired,2026-09-21
FB-22,SKU-015,1,Damaged,2026-09-21
FB-22,SKU-016,1,Expired,2026-09-21
FB-22,SKU-024,1,Damaged,2026-09-21
FB-22,SKU-025,1,Damaged,2026-09-21
FB-23,SKU-003,1,Expired,2026-09-21
FB-23,SKU-004,1,Quality reject,2026-09-21
FB-23,SKU-005,2,Damaged,2026-09-21
FB-23,SKU-017,1,Expired,2026-09-21
FB-23,SKU-022,1,Expired,2026-09-21
FB-23,SKU-024,1,Expired,2026-09-21
FB-23,SKU-025,1,Damaged,2026-09-21
FB-24,SKU-013,1,Expired,2026-09-21
FB-24,SKU-014,1,Expired,2026-09-21
FB-24,SKU-022,1,Damaged,2026-09-21
FB-25,SKU-003,1,Damaged,2026-09-21
FB-25,SKU-005,2,Damaged,2026-09-21
FB-25,SKU-014,2,Expired,2026-09-21
FB-25,SKU-019,1,Damaged,2026-09-21
FB-25,SKU-021,1,Expired,2026-09-21
FB-25,SKU-024,1,Expired,2026-09-21
FB-25,SKU-025,2,Expired,2026-09-21
FB-01,SKU-003,1,Expired,2026-09-22
FB-01,SKU-004,1,Quality reject,2026-09-22
FB-01,SKU-006,1,Expired,2026-09-22
FB-01,SKU-012,2,Expired,2026-09-22
FB-01,SKU-014,1,Expired,2026-09-22
FB-01,SKU-015,1,Damaged,2026-09-22
FB-01,SKU-017,1,Expired,2026-09-22
FB-01,SKU-023,1,Damaged,2026-09-22
FB-02,SKU-002,1,Quality reject,2026-09-22
FB-02,SKU-003,1,Damaged,2026-09-22
FB-02,SKU-013,1,Damaged,2026-09-22
FB-02,SKU-014,1,Damaged,2026-09-22
FB-02,SKU-020,1,Damaged,2026-09-22
FB-02,SKU-022,1,Damaged,2026-09-22
FB-02,SKU-023,2,Damaged,2026-09-22
FB-03,SKU-001,2,Expired,2026-09-22
FB-03,SKU-006,1,Expired,2026-09-22
FB-03,SKU-014,1,Damaged,2026-09-22
FB-03,SKU-018,1,Expired,2026-09-22
FB-03,SKU-022,2,Expired,2026-09-22
FB-03,SKU-023,1,Expired,2026-09-22
FB-03,SKU-025,2,Expired,2026-09-22
FB-04,SKU-011,1,Expired,2026-09-22
FB-04,SKU-014,2,Expired,2026-09-22
FB-04,SKU-017,1,Expired,2026-09-22
FB-05,SKU-006,1,Quality reject,2026-09-22
FB-05,SKU-009,1,Expired,2026-09-22
FB-05,SKU-010,1,Quality reject,2026-09-22
FB-05,SKU-023,1,Expired,2026-09-22
FB-05,SKU-025,1,Expired,2026-09-22
FB-06,SKU-013,3,Expired,2026-09-22
FB-06,SKU-014,1,Expired,2026-09-22
FB-06,SKU-022,1,Quality reject,2026-09-22
FB-07,SKU-009,1,Expired,2026-09-22
FB-07,SKU-014,1,Expired,2026-09-22
FB-07,SKU-019,1,Expired,2026-09-22
FB-07,SKU-023,1,Quality reject,2026-09-22
FB-07,SKU-025,1,Expired,2026-09-22
FB-08,SKU-001,1,Quality reject,2026-09-22
FB-08,SKU-004,2,Expired,2026-09-22
FB-08,SKU-005,1,Expired,2026-09-22
FB-08,SKU-006,1,Expired,2026-09-22
FB-08,SKU-007,1,Expired,2026-09-22
FB-08,SKU-009,1,Expired,2026-09-22
FB-08,SKU-010,1,Expired,2026-09-22
FB-08,SKU-011,2,Expired,2026-09-22
FB-08,SKU-013,1,Expired,2026-09-22
FB-08,SKU-014,2,Expired,2026-09-22
FB-08,SKU-022,1,Expired,2026-09-22
FB-08,SKU-024,2,Damaged,2026-09-22
FB-09,SKU-001,1,Damaged,2026-09-22
FB-09,SKU-003,3,Expired,2026-09-22
FB-09,SKU-008,1,Expired,2026-09-22
FB-09,SKU-011,1,Expired,2026-09-22
FB-09,SKU-021,1,Damaged,2026-09-22
FB-09,SKU-022,1,Expired,2026-09-22
FB-10,SKU-004,2,Damaged,2026-09-22
FB-10,SKU-005,1,Expired,2026-09-22
FB-10,SKU-012,2,Damaged,2026-09-22
FB-10,SKU-022,1,Expired,2026-09-22
FB-11,SKU-004,1,Expired,2026-09-22
FB-11,SKU-005,1,Damaged,2026-09-22
FB-11,SKU-009,1,Damaged,2026-09-22
FB-11,SKU-013,1,Quality reject,2026-09-22
FB-11,SKU-020,1,Quality reject,2026-09-22
FB-11,SKU-023,1,Expired,2026-09-22
FB-12,SKU-002,1,Expired,2026-09-22
FB-12,SKU-003,2,Quality reject,2026-09-22
FB-12,SKU-008,1,Expired,2026-09-22
FB-12,SKU-009,1,Damaged,2026-09-22
FB-12,SKU-011,1,Damaged,2026-09-22
FB-12,SKU-012,1,Expired,2026-09-22
FB-12,SKU-017,3,Quality reject,2026-09-22
FB-12,SKU-019,1,Expired,2026-09-22
FB-12,SKU-023,3,Quality reject,2026-09-22
FB-12,SKU-024,1,Expired,2026-09-22
FB-13,SKU-003,1,Damaged,2026-09-22
FB-13,SKU-009,1,Damaged,2026-09-22
FB-13,SKU-010,1,Expired,2026-09-22
FB-13,SKU-014,1,Damaged,2026-09-22
FB-13,SKU-017,1,Expired,2026-09-22
FB-13,SKU-020,1,Expired,2026-09-22
FB-13,SKU-022,2,Damaged,2026-09-22
FB-13,SKU-023,1,Quality reject,2026-09-22
FB-13,SKU-025,1,Quality reject,2026-09-22
FB-14,SKU-003,1,Quality reject,2026-09-22
FB-14,SKU-011,1,Expired,2026-09-22
FB-14,SKU-014,2,Damaged,2026-09-22
FB-14,SKU-015,1,Damaged,2026-09-22
FB-14,SKU-020,1,Quality reject,2026-09-22
FB-14,SKU-022,1,Expired,2026-09-22
FB-14,SKU-023,2,Expired,2026-09-22
FB-15,SKU-006,1,Expired,2026-09-22
FB-15,SKU-013,2,Expired,2026-09-22
FB-15,SKU-014,1,Damaged,2026-09-22
FB-15,SKU-024,1,Damaged,2026-09-22
FB-16,SKU-001,3,Damaged,2026-09-22
FB-16,SKU-003,1,Damaged,2026-09-22
FB-16,SKU-006,1,Expired,2026-09-22
FB-16,SKU-011,1,Quality reject,2026-09-22
FB-16,SKU-013,1,Expired,2026-09-22
FB-16,SKU-019,1,Quality reject,2026-09-22
FB-17,SKU-004,1,Expired,2026-09-22
FB-17,SKU-006,2,Damaged,2026-09-22
FB-17,SKU-011,1,Damaged,2026-09-22
FB-17,SKU-015,2,Expired,2026-09-22
FB-17,SKU-019,1,Expired,2026-09-22
FB-17,SKU-021,1,Quality reject,2026-09-22
FB-17,SKU-022,1,Damaged,2026-09-22
FB-17,SKU-023,1,Quality reject,2026-09-22
FB-17,SKU-024,1,Expired,2026-09-22
FB-18,SKU-001,1,Expired,2026-09-22
FB-18,SKU-002,1,Expired,2026-09-22
FB-18,SKU-006,1,Expired,2026-09-22
FB-18,SKU-013,1,Damaged,2026-09-22
FB-18,SKU-014,1,Expired,2026-09-22
FB-18,SKU-015,1,Quality reject,2026-09-22
FB-18,SKU-022,1,Quality reject,2026-09-22
FB-19,SKU-002,1,Expired,2026-09-22
FB-19,SKU-014,2,Damaged,2026-09-22
FB-20,SKU-005,1,Expired,2026-09-22
FB-20,SKU-009,1,Expired,2026-09-22
FB-20,SKU-010,1,Expired,2026-09-22
FB-20,SKU-011,1,Expired,2026-09-22
FB-20,SKU-022,1,Expired,2026-09-22
FB-21,SKU-012,1,Expired,2026-09-22
FB-21,SKU-013,1,Quality reject,2026-09-22
FB-21,SKU-019,2,Damaged,2026-09-22
FB-21,SKU-022,1,Expired,2026-09-22
FB-21,SKU-025,1,Damaged,2026-09-22
FB-22,SKU-005,1,Quality reject,2026-09-22
FB-22,SKU-006,1,Expired,2026-09-22
FB-22,SKU-008,1,Quality reject,2026-09-22
FB-22,SKU-011,2,Expired,2026-09-22
FB-22,SKU-013,1,Expired,2026-09-22
FB-22,SKU-014,1,Quality reject,2026-09-22
FB-22,SKU-015,1,Expired,2026-09-22
FB-22,SKU-017,1,Expired,2026-09-22
FB-22,SKU-023,1,Expired,2026-09-22
FB-22,SKU-024,1,Expired,2026-09-22
FB-22,SKU-025,2,Damaged,2026-09-22
FB-23,SKU-007,1,Expired,2026-09-22
FB-23,SKU-010,1,Expired,2026-09-22
FB-23,SKU-012,1,Expired,2026-09-22
FB-23,SKU-014,1,Expired,2026-09-22
FB-23,SKU-020,1,Damaged,2026-09-22
FB-23,SKU-023,1,Damaged,2026-09-22
FB-23,SKU-024,1,Quality reject,2026-09-22
FB-24,SKU-001,1,Quality reject,2026-09-22
FB-24,SKU-004,1,Expired,2026-09-22
FB-24,SKU-007,1,Quality reject,2026-09-22
FB-24,SKU-013,1,Expired,2026-09-22
FB-24,SKU-014,1,Damaged,2026-09-22
FB-24,SKU-017,1,Expired,2026-09-22
FB-24,SKU-018,1,Expired,2026-09-22
FB-25,SKU-001,1,Expired,2026-09-22
FB-25,SKU-003,1,Damaged,2026-09-22
FB-25,SKU-005,1,Quality reject,2026-09-22
FB-25,SKU-010,1,Quality reject,2026-09-22
FB-25,SKU-013,1,Expired,2026-09-22
FB-25,SKU-014,1,Expired,2026-09-22
FB-25,SKU-023,1,Expired,2026-09-22
FB-25,SKU-024,1,Damaged,2026-09-22
FB-01,SKU-003,2,Quality reject,2026-09-23
FB-01,SKU-011,1,Expired,2026-09-23
FB-01,SKU-013,1,Expired,2026-09-23
FB-01,SKU-014,2,Expired,2026-09-23
FB-01,SKU-022,2,Quality reject,2026-09-23
FB-01,SKU-023,1,Expired,2026-09-23
FB-01,SKU-025,1,Expired,2026-09-23
FB-02,SKU-003,1,Quality reject,2026-09-23
FB-02,SKU-006,1,Damaged,2026-09-23
FB-02,SKU-009,2,Quality reject,2026-09-23
FB-02,SKU-014,2,Damaged,2026-09-23
FB-02,SKU-015,1,Quality reject,2026-09-23
FB-02,SKU-017,1,Expired,2026-09-23
FB-02,SKU-020,1,Expired,2026-09-23
FB-02,SKU-022,1,Quality reject,2026-09-23
FB-02,SKU-023,1,Damaged,2026-09-23
FB-02,SKU-025,1,Quality reject,2026-09-23
FB-03,SKU-004,1,Quality reject,2026-09-23
FB-03,SKU-007,1,Damaged,2026-09-23
FB-03,SKU-010,1,Quality reject,2026-09-23
FB-03,SKU-011,1,Quality reject,2026-09-23
FB-03,SKU-021,1,Expired,2026-09-23
FB-03,SKU-023,3,Damaged,2026-09-23
FB-04,SKU-001,1,Expired,2026-09-23
FB-04,SKU-006,2,Damaged,2026-09-23
FB-04,SKU-019,1,Damaged,2026-09-23
FB-04,SKU-022,1,Expired,2026-09-23
FB-04,SKU-025,1,Damaged,2026-09-23
FB-05,SKU-003,1,Expired,2026-09-23
FB-05,SKU-004,1,Expired,2026-09-23
FB-05,SKU-006,1,Expired,2026-09-23
FB-05,SKU-010,1,Expired,2026-09-23
FB-05,SKU-011,1,Expired,2026-09-23
FB-05,SKU-013,1,Expired,2026-09-23
FB-05,SKU-019,1,Expired,2026-09-23
FB-05,SKU-023,1,Expired,2026-09-23
FB-05,SKU-024,1,Expired,2026-09-23
FB-06,SKU-002,1,Damaged,2026-09-23
FB-06,SKU-003,1,Expired,2026-09-23
FB-06,SKU-006,1,Quality reject,2026-09-23
FB-06,SKU-010,1,Quality reject,2026-09-23
FB-06,SKU-023,1,Expired,2026-09-23
FB-06,SKU-024,1,Expired,2026-09-23
FB-07,SKU-003,1,Damaged,2026-09-23
FB-07,SKU-014,1,Expired,2026-09-23
FB-07,SKU-023,1,Quality reject,2026-09-23
FB-08,SKU-003,1,Expired,2026-09-23
FB-08,SKU-004,1,Expired,2026-09-23
FB-08,SKU-005,1,Quality reject,2026-09-23
FB-08,SKU-007,1,Expired,2026-09-23
FB-08,SKU-008,1,Quality reject,2026-09-23
FB-08,SKU-009,1,Expired,2026-09-23
FB-08,SKU-011,3,Expired,2026-09-23
FB-08,SKU-012,3,Expired,2026-09-23
FB-08,SKU-019,1,Damaged,2026-09-23
FB-08,SKU-025,1,Quality reject,2026-09-23
FB-09,SKU-005,2,Damaged,2026-09-23
FB-09,SKU-013,1,Expired,2026-09-23
FB-09,SKU-015,1,Damaged,2026-09-23
FB-09,SKU-017,1,Expired,2026-09-23
FB-09,SKU-021,1,Expired,2026-09-23
FB-10,SKU-011,1,Expired,2026-09-23
FB-10,SKU-014,2,Damaged,2026-09-23
FB-10,SKU-020,1,Expired,2026-09-23
FB-11,SKU-002,1,Damaged,2026-09-23
FB-11,SKU-004,1,Quality reject,2026-09-23
FB-11,SKU-008,2,Expired,2026-09-23
FB-11,SKU-018,1,Quality reject,2026-09-23
FB-11,SKU-023,2,Quality reject,2026-09-23
FB-11,SKU-025,1,Expired,2026-09-23
FB-12,SKU-001,2,Expired,2026-09-23
FB-12,SKU-003,1,Expired,2026-09-23
FB-12,SKU-004,1,Expired,2026-09-23
FB-12,SKU-005,1,Quality reject,2026-09-23
FB-12,SKU-013,1,Damaged,2026-09-23
FB-12,SKU-014,1,Damaged,2026-09-23
FB-12,SKU-018,1,Expired,2026-09-23
FB-12,SKU-020,1,Expired,2026-09-23
FB-12,SKU-022,1,Expired,2026-09-23
FB-12,SKU-024,1,Expired,2026-09-23
FB-12,SKU-025,1,Expired,2026-09-23
FB-13,SKU-001,1,Damaged,2026-09-23
FB-13,SKU-003,1,Expired,2026-09-23
FB-13,SKU-009,1,Quality reject,2026-09-23
FB-13,SKU-010,1,Quality reject,2026-09-23
FB-13,SKU-011,1,Expired,2026-09-23
FB-13,SKU-013,1,Damaged,2026-09-23
FB-13,SKU-014,2,Expired,2026-09-23
FB-13,SKU-019,1,Expired,2026-09-23
FB-13,SKU-023,1,Quality reject,2026-09-23
FB-13,SKU-024,1,Expired,2026-09-23
FB-14,SKU-006,1,Expired,2026-09-23
FB-14,SKU-010,3,Expired,2026-09-23
FB-14,SKU-011,1,Expired,2026-09-23
FB-14,SKU-015,2,Expired,2026-09-23
FB-14,SKU-022,1,Quality reject,2026-09-23
FB-14,SKU-023,2,Damaged,2026-09-23
FB-14,SKU-024,1,Quality reject,2026-09-23
FB-14,SKU-025,1,Expired,2026-09-23
FB-15,SKU-003,1,Expired,2026-09-23
FB-15,SKU-004,1,Expired,2026-09-23
FB-15,SKU-010,1,Quality reject,2026-09-23
FB-16,SKU-001,1,Expired,2026-09-23
FB-16,SKU-009,1,Expired,2026-09-23
FB-16,SKU-011,1,Damaged,2026-09-23
FB-16,SKU-013,1,Quality reject,2026-09-23
FB-16,SKU-014,2,Expired,2026-09-23
FB-16,SKU-019,1,Damaged,2026-09-23
FB-16,SKU-020,1,Damaged,2026-09-23
FB-16,SKU-025,1,Expired,2026-09-23
FB-17,SKU-006,1,Expired,2026-09-23
FB-17,SKU-008,1,Damaged,2026-09-23
FB-17,SKU-021,1,Expired,2026-09-23
FB-18,SKU-003,1,Expired,2026-09-23
FB-18,SKU-006,1,Expired,2026-09-23
FB-18,SKU-013,1,Damaged,2026-09-23
FB-18,SKU-020,1,Expired,2026-09-23
FB-19,SKU-003,1,Expired,2026-09-23
FB-19,SKU-010,1,Damaged,2026-09-23
FB-19,SKU-011,1,Damaged,2026-09-23
FB-19,SKU-014,1,Damaged,2026-09-23
FB-19,SKU-015,1,Expired,2026-09-23
FB-19,SKU-020,1,Expired,2026-09-23
FB-20,SKU-011,1,Damaged,2026-09-23
FB-20,SKU-021,1,Quality reject,2026-09-23
FB-21,SKU-003,1,Damaged,2026-09-23
FB-21,SKU-004,1,Expired,2026-09-23
FB-21,SKU-006,1,Quality reject,2026-09-23
FB-21,SKU-009,1,Quality reject,2026-09-23
FB-21,SKU-011,2,Quality reject,2026-09-23
FB-21,SKU-014,1,Expired,2026-09-23
FB-21,SKU-017,2,Damaged,2026-09-23
FB-21,SKU-019,2,Expired,2026-09-23
FB-21,SKU-020,1,Quality reject,2026-09-23
FB-21,SKU-024,1,Expired,2026-09-23
FB-22,SKU-003,1,Expired,2026-09-23
FB-22,SKU-004,1,Expired,2026-09-23
FB-22,SKU-005,1,Damaged,2026-09-23
FB-22,SKU-014,3,Quality reject,2026-09-23
FB-22,SKU-020,1,Damaged,2026-09-23
FB-22,SKU-022,1,Quality reject,2026-09-23
FB-22,SKU-023,2,Expired,2026-09-23
FB-22,SKU-024,2,Damaged,2026-09-23
FB-22,SKU-025,1,Damaged,2026-09-23
FB-23,SKU-004,2,Damaged,2026-09-23
FB-23,SKU-005,1,Damaged,2026-09-23
FB-23,SKU-006,1,Damaged,2026-09-23
FB-23,SKU-014,1,Damaged,2026-09-23
FB-23,SKU-020,1,Expired,2026-09-23
FB-23,SKU-022,1,Quality reject,2026-09-23
FB-23,SKU-023,1,Expired,2026-09-23
FB-23,SKU-025,1,Quality reject,2026-09-23
FB-24,SKU-025,1,Expired,2026-09-23
FB-25,SKU-002,1,Quality reject,2026-09-23
FB-25,SKU-004,1,Expired,2026-09-23
FB-25,SKU-007,1,Expired,2026-09-23
FB-25,SKU-014,1,Quality reject,2026-09-23
FB-25,SKU-019,1,Expired,2026-09-23
FB-25,SKU-020,1,Quality reject,2026-09-23
FB-25,SKU-022,2,Quality reject,2026-09-23
FB-25,SKU-023,1,Expired,2026-09-23
FB-25,SKU-025,1,Expired,2026-09-23
FB-01,SKU-004,2,Expired,2026-09-24
FB-01,SKU-013,1,Expired,2026-09-24
FB-01,SKU-014,2,Damaged,2026-09-24
FB-01,SKU-019,1,Expired,2026-09-24
FB-01,SKU-024,1,Expired,2026-09-24
FB-02,SKU-007,1,Expired,2026-09-24
FB-02,SKU-008,1,Damaged,2026-09-24
FB-02,SKU-011,2,Expired,2026-09-24
FB-02,SKU-013,1,Expired,2026-09-24
FB-02,SKU-019,1,Expired,2026-09-24
FB-02,SKU-023,2,Expired,2026-09-24
FB-03,SKU-001,1,Damaged,2026-09-24
FB-03,SKU-013,1,Quality reject,2026-09-24
FB-03,SKU-015,1,Quality reject,2026-09-24
FB-03,SKU-017,1,Expired,2026-09-24
FB-03,SKU-025,1,Expired,2026-09-24
FB-04,SKU-011,1,Quality reject,2026-09-24
FB-04,SKU-014,1,Damaged,2026-09-24
FB-04,SKU-023,1,Expired,2026-09-24
FB-04,SKU-025,1,Expired,2026-09-24
FB-05,SKU-004,1,Expired,2026-09-24
FB-05,SKU-006,1,Expired,2026-09-24
FB-05,SKU-007,1,Expired,2026-09-24
FB-05,SKU-013,1,Expired,2026-09-24
FB-05,SKU-014,1,Expired,2026-09-24
FB-05,SKU-019,1,Expired,2026-09-24
FB-05,SKU-022,1,Expired,2026-09-24
FB-06,SKU-004,1,Expired,2026-09-24
FB-06,SKU-007,2,Expired,2026-09-24
FB-06,SKU-017,2,Expired,2026-09-24
FB-06,SKU-022,1,Expired,2026-09-24
FB-06,SKU-023,1,Expired,2026-09-24
FB-06,SKU-024,1,Expired,2026-09-24
FB-07,SKU-003,1,Expired,2026-09-24
FB-07,SKU-013,1,Quality reject,2026-09-24
FB-07,SKU-017,1,Quality reject,2026-09-24
FB-07,SKU-022,1,Expired,2026-09-24
FB-07,SKU-025,1,Damaged,2026-09-24
FB-08,SKU-003,2,Expired,2026-09-24
FB-08,SKU-005,1,Quality reject,2026-09-24
FB-08,SKU-007,2,Expired,2026-09-24
FB-08,SKU-010,2,Expired,2026-09-24
FB-08,SKU-011,1,Expired,2026-09-24
FB-08,SKU-012,3,Quality reject,2026-09-24
FB-08,SKU-013,1,Expired,2026-09-24
FB-08,SKU-022,1,Quality reject,2026-09-24
FB-08,SKU-024,1,Quality reject,2026-09-24
FB-09,SKU-004,1,Damaged,2026-09-24
FB-09,SKU-007,1,Expired,2026-09-24
FB-09,SKU-013,1,Expired,2026-09-24
FB-09,SKU-014,1,Expired,2026-09-24
FB-09,SKU-015,2,Expired,2026-09-24
FB-09,SKU-019,1,Expired,2026-09-24
FB-09,SKU-020,1,Quality reject,2026-09-24
FB-09,SKU-023,1,Expired,2026-09-24
FB-10,SKU-003,3,Expired,2026-09-24
FB-10,SKU-013,1,Quality reject,2026-09-24
FB-10,SKU-017,1,Expired,2026-09-24
FB-10,SKU-022,1,Expired,2026-09-24
FB-10,SKU-023,1,Damaged,2026-09-24
FB-10,SKU-025,1,Expired,2026-09-24
FB-11,SKU-003,1,Expired,2026-09-24
FB-11,SKU-011,1,Expired,2026-09-24
FB-11,SKU-013,1,Damaged,2026-09-24
FB-11,SKU-017,2,Damaged,2026-09-24
FB-12,SKU-004,1,Expired,2026-09-24
FB-12,SKU-005,1,Expired,2026-09-24
FB-12,SKU-009,1,Quality reject,2026-09-24
FB-12,SKU-013,1,Expired,2026-09-24
FB-12,SKU-014,1,Expired,2026-09-24
FB-12,SKU-017,1,Expired,2026-09-24
FB-12,SKU-022,2,Expired,2026-09-24
FB-12,SKU-023,1,Expired,2026-09-24
FB-13,SKU-005,1,Damaged,2026-09-24
FB-13,SKU-006,1,Damaged,2026-09-24
FB-13,SKU-008,1,Expired,2026-09-24
FB-13,SKU-011,1,Damaged,2026-09-24
FB-13,SKU-012,1,Quality reject,2026-09-24
FB-13,SKU-013,2,Expired,2026-09-24
FB-13,SKU-014,2,Quality reject,2026-09-24
FB-13,SKU-022,2,Expired,2026-09-24
FB-13,SKU-023,3,Quality reject,2026-09-24
FB-14,SKU-003,1,Quality reject,2026-09-24
FB-14,SKU-012,1,Expired,2026-09-24
FB-14,SKU-013,1,Damaged,2026-09-24
FB-14,SKU-023,1,Expired,2026-09-24
FB-14,SKU-024,1,Expired,2026-09-24
FB-15,SKU-001,1,Expired,2026-09-24
FB-15,SKU-008,1,Expired,2026-09-24
FB-15,SKU-011,1,Quality reject,2026-09-24
FB-15,SKU-022,1,Expired,2026-09-24
FB-15,SKU-025,2,Quality reject,2026-09-24
FB-16,SKU-004,1,Expired,2026-09-24
FB-16,SKU-005,1,Expired,2026-09-24
FB-16,SKU-006,1,Expired,2026-09-24
FB-16,SKU-014,2,Expired,2026-09-24
FB-16,SKU-017,1,Expired,2026-09-24
FB-16,SKU-022,2,Expired,2026-09-24
FB-17,SKU-011,1,Expired,2026-09-24
FB-17,SKU-016,1,Quality reject,2026-09-24
FB-17,SKU-023,1,Expired,2026-09-24
FB-17,SKU-024,1,Expired,2026-09-24
FB-18,SKU-005,2,Expired,2026-09-24
FB-18,SKU-006,1,Quality reject,2026-09-24
FB-18,SKU-021,1,Quality reject,2026-09-24
FB-18,SKU-023,1,Quality reject,2026-09-24
FB-19,SKU-003,1,Expired,2026-09-24
FB-19,SKU-005,1,Expired,2026-09-24
FB-19,SKU-009,1,Damaged,2026-09-24
FB-19,SKU-010,1,Quality reject,2026-09-24
FB-19,SKU-011,1,Expired,2026-09-24
FB-19,SKU-017,2,Damaged,2026-09-24
FB-19,SKU-020,1,Quality reject,2026-09-24
FB-19,SKU-022,1,Expired,2026-09-24
FB-19,SKU-023,1,Quality reject,2026-09-24
FB-19,SKU-024,1,Quality reject,2026-09-24
FB-19,SKU-025,1,Quality reject,2026-09-24
FB-20,SKU-001,1,Expired,2026-09-24
FB-20,SKU-006,1,Damaged,2026-09-24
FB-20,SKU-009,1,Expired,2026-09-24
FB-20,SKU-017,2,Damaged,2026-09-24
FB-20,SKU-019,1,Expired,2026-09-24
FB-20,SKU-021,1,Expired,2026-09-24
FB-20,SKU-022,1,Expired,2026-09-24
FB-20,SKU-023,1,Expired,2026-09-24
FB-20,SKU-024,1,Damaged,2026-09-24
FB-21,SKU-003,1,Damaged,2026-09-24
FB-21,SKU-006,1,Damaged,2026-09-24
FB-21,SKU-011,2,Expired,2026-09-24
FB-21,SKU-015,1,Expired,2026-09-24
FB-21,SKU-021,1,Quality reject,2026-09-24
FB-22,SKU-002,1,Quality reject,2026-09-24
FB-22,SKU-003,1,Damaged,2026-09-24
FB-22,SKU-006,1,Expired,2026-09-24
FB-22,SKU-009,1,Damaged,2026-09-24
FB-22,SKU-012,1,Expired,2026-09-24
FB-22,SKU-013,2,Expired,2026-09-24
FB-22,SKU-014,1,Quality reject,2026-09-24
FB-22,SKU-018,1,Expired,2026-09-24
FB-22,SKU-019,1,Quality reject,2026-09-24
FB-22,SKU-020,1,Expired,2026-09-24
FB-22,SKU-022,1,Expired,2026-09-24
FB-22,SKU-023,2,Expired,2026-09-24
FB-23,SKU-003,1,Expired,2026-09-24
FB-23,SKU-009,1,Quality reject,2026-09-24
FB-23,SKU-011,1,Quality reject,2026-09-24
FB-23,SKU-017,1,Expired,2026-09-24
FB-23,SKU-020,1,Quality reject,2026-09-24
FB-23,SKU-023,2,Quality reject,2026-09-24
FB-24,SKU-001,1,Expired,2026-09-24
FB-24,SKU-004,1,Expired,2026-09-24
FB-24,SKU-011,1,Quality reject,2026-09-24
FB-24,SKU-022,1,Damaged,2026-09-24
FB-24,SKU-023,2,Expired,2026-09-24
FB-25,SKU-002,1,Quality reject,2026-09-24
FB-25,SKU-003,1,Expired,2026-09-24
FB-25,SKU-010,1,Expired,2026-09-24
FB-25,SKU-013,1,Expired,2026-09-24
FB-25,SKU-014,1,Quality reject,2026-09-24
FB-25,SKU-024,1,Expired,2026-09-24
FB-01,SKU-004,1,Damaged,2026-09-25
FB-01,SKU-012,1,Expired,2026-09-25
FB-01,SKU-014,1,Expired,2026-09-25
FB-01,SKU-023,1,Expired,2026-09-25
FB-01,SKU-025,2,Damaged,2026-09-25
FB-02,SKU-005,1,Damaged,2026-09-25
FB-02,SKU-012,2,Quality reject,2026-09-25
FB-02,SKU-013,1,Expired,2026-09-25
FB-02,SKU-022,1,Quality reject,2026-09-25
FB-03,SKU-003,1,Expired,2026-09-25
FB-03,SKU-004,1,Expired,2026-09-25
FB-03,SKU-015,1,Expired,2026-09-25
FB-03,SKU-025,1,Expired,2026-09-25
FB-04,SKU-003,1,Quality reject,2026-09-25
FB-04,SKU-005,1,Expired,2026-09-25
FB-04,SKU-013,1,Expired,2026-09-25
FB-04,SKU-014,1,Expired,2026-09-25
FB-04,SKU-019,1,Quality reject,2026-09-25
FB-04,SKU-020,1,Quality reject,2026-09-25
FB-04,SKU-023,1,Damaged,2026-09-25
FB-04,SKU-025,1,Expired,2026-09-25
FB-05,SKU-008,2,Expired,2026-09-25
FB-05,SKU-016,1,Expired,2026-09-25
FB-05,SKU-022,1,Quality reject,2026-09-25
FB-05,SKU-023,2,Damaged,2026-09-25
FB-06,SKU-005,1,Expired,2026-09-25
FB-06,SKU-009,1,Damaged,2026-09-25
FB-06,SKU-010,2,Expired,2026-09-25
FB-06,SKU-011,1,Expired,2026-09-25
FB-06,SKU-012,1,Expired,2026-09-25
FB-06,SKU-014,2,Quality reject,2026-09-25
FB-06,SKU-023,1,Expired,2026-09-25
FB-06,SKU-025,1,Damaged,2026-09-25
FB-07,SKU-003,1,Damaged,2026-09-25
FB-07,SKU-004,1,Expired,2026-09-25
FB-07,SKU-021,1,Quality reject,2026-09-25
FB-07,SKU-024,1,Quality reject,2026-09-25
FB-08,SKU-010,2,Expired,2026-09-25
FB-08,SKU-011,2,Expired,2026-09-25
FB-08,SKU-012,4,Quality reject,2026-09-25
FB-08,SKU-013,1,Expired,2026-09-25
FB-08,SKU-019,1,Expired,2026-09-25
FB-08,SKU-021,1,Expired,2026-09-25
FB-08,SKU-023,2,Expired,2026-09-25
FB-10,SKU-009,1,Damaged,2026-09-25
FB-10,SKU-014,1,Expired,2026-09-25
FB-10,SKU-018,1,Expired,2026-09-25
FB-10,SKU-019,1,Quality reject,2026-09-25
FB-11,SKU-001,1,Quality reject,2026-09-25
FB-11,SKU-013,1,Expired,2026-09-25
FB-11,SKU-020,1,Expired,2026-09-25
FB-11,SKU-022,1,Expired,2026-09-25
FB-11,SKU-025,1,Expired,2026-09-25
FB-12,SKU-003,1,Expired,2026-09-25
FB-12,SKU-004,1,Expired,2026-09-25
FB-12,SKU-005,2,Quality reject,2026-09-25
FB-12,SKU-006,1,Quality reject,2026-09-25
FB-12,SKU-011,2,Expired,2026-09-25
FB-12,SKU-012,2,Expired,2026-09-25
FB-12,SKU-019,1,Quality reject,2026-09-25
FB-12,SKU-021,1,Expired,2026-09-25
FB-12,SKU-022,1,Expired,2026-09-25
FB-12,SKU-023,2,Quality reject,2026-09-25
FB-12,SKU-024,2,Expired,2026-09-25
FB-13,SKU-002,1,Expired,2026-09-25
FB-13,SKU-003,2,Expired,2026-09-25
FB-13,SKU-009,1,Expired,2026-09-25
FB-13,SKU-012,1,Damaged,2026-09-25
FB-13,SKU-013,1,Damaged,2026-09-25
FB-13,SKU-021,1,Expired,2026-09-25
FB-13,SKU-023,2,Expired,2026-09-25
FB-13,SKU-025,1,Damaged,2026-09-25
FB-14,SKU-001,1,Expired,2026-09-25
FB-14,SKU-004,1,Expired,2026-09-25
FB-14,SKU-005,1,Damaged,2026-09-25
FB-14,SKU-009,1,Expired,2026-09-25
FB-14,SKU-010,1,Quality reject,2026-09-25
FB-14,SKU-015,1,Expired,2026-09-25
FB-14,SKU-023,2,Quality reject,2026-09-25
FB-15,SKU-009,1,Damaged,2026-09-25
FB-15,SKU-020,1,Expired,2026-09-25
FB-15,SKU-021,1,Expired,2026-09-25
FB-15,SKU-025,1,Expired,2026-09-25
FB-16,SKU-004,1,Expired,2026-09-25
FB-16,SKU-005,4,Expired,2026-09-25
FB-16,SKU-011,1,Expired,2026-09-25
FB-16,SKU-016,1,Quality reject,2026-09-25
FB-16,SKU-017,1,Expired,2026-09-25
FB-16,SKU-019,1,Quality reject,2026-09-25
FB-16,SKU-022,1,Expired,2026-09-25
FB-16,SKU-023,1,Quality reject,2026-09-25
FB-17,SKU-003,1,Expired,2026-09-25
FB-17,SKU-010,2,Expired,2026-09-25
FB-17,SKU-012,1,Damaged,2026-09-25
FB-17,SKU-014,1,Expired,2026-09-25
FB-17,SKU-018,1,Quality reject,2026-09-25
FB-17,SKU-022,1,Damaged,2026-09-25
FB-17,SKU-023,2,Quality reject,2026-09-25
FB-17,SKU-024,1,Expired,2026-09-25
FB-18,SKU-010,1,Expired,2026-09-25
FB-18,SKU-011,1,Damaged,2026-09-25
FB-18,SKU-019,1,Quality reject,2026-09-25
FB-18,SKU-022,1,Damaged,2026-09-25
FB-18,SKU-024,1,Damaged,2026-09-25
FB-18,SKU-025,1,Damaged,2026-09-25
FB-19,SKU-005,2,Damaged,2026-09-25
FB-19,SKU-007,2,Damaged,2026-09-25
FB-19,SKU-013,2,Expired,2026-09-25
FB-19,SKU-014,1,Damaged,2026-09-25
FB-19,SKU-021,1,Quality reject,2026-09-25
FB-19,SKU-024,1,Quality reject,2026-09-25
FB-20,SKU-005,1,Expired,2026-09-25
FB-20,SKU-007,1,Expired,2026-09-25
FB-20,SKU-012,2,Quality reject,2026-09-25
FB-20,SKU-017,1,Expired,2026-09-25
FB-20,SKU-018,1,Damaged,2026-09-25
FB-20,SKU-022,1,Quality reject,2026-09-25
FB-21,SKU-005,1,Expired,2026-09-25
FB-21,SKU-007,1,Expired,2026-09-25
FB-21,SKU-008,1,Expired,2026-09-25
FB-21,SKU-009,1,Quality reject,2026-09-25
FB-21,SKU-011,1,Quality reject,2026-09-25
FB-21,SKU-014,1,Damaged,2026-09-25
FB-21,SKU-020,1,Expired,2026-09-25
FB-21,SKU-022,2,Expired,2026-09-25
FB-21,SKU-025,2,Expired,2026-09-25
FB-22,SKU-005,1,Expired,2026-09-25
FB-22,SKU-006,2,Expired,2026-09-25
FB-22,SKU-007,1,Expired,2026-09-25
FB-22,SKU-009,1,Expired,2026-09-25
FB-22,SKU-014,2,Quality reject,2026-09-25
FB-22,SKU-017,1,Quality reject,2026-09-25
FB-22,SKU-020,1,Expired,2026-09-25
FB-22,SKU-022,1,Expired,2026-09-25
FB-22,SKU-023,2,Quality reject,2026-09-25
FB-22,SKU-024,1,Expired,2026-09-25
FB-23,SKU-003,1,Expired,2026-09-25
FB-23,SKU-004,2,Expired,2026-09-25
FB-23,SKU-012,1,Expired,2026-09-25
FB-23,SKU-014,1,Damaged,2026-09-25
FB-23,SKU-022,1,Expired,2026-09-25
FB-23,SKU-023,2,Quality reject,2026-09-25
FB-23,SKU-025,1,Expired,2026-09-25
FB-24,SKU-009,1,Expired,2026-09-25
FB-24,SKU-010,1,Expired,2026-09-25
FB-24,SKU-014,2,Expired,2026-09-25
FB-24,SKU-021,2,Quality reject,2026-09-25
FB-24,SKU-022,2,Expired,2026-09-25
FB-24,SKU-025,2,Expired,2026-09-25
FB-25,SKU-001,1,Expired,2026-09-25
FB-25,SKU-011,1,Quality reject,2026-09-25
FB-25,SKU-013,3,Expired,2026-09-25
FB-25,SKU-017,1,Expired,2026-09-25
FB-25,SKU-019,1,Quality reject,2026-09-25
FB-25,SKU-022,1,Expired,2026-09-25
FB-25,SKU-024,1,Damaged,2026-09-25
FB-01,SKU-001,1,Damaged,2026-09-26
FB-01,SKU-003,1,Expired,2026-09-26
FB-01,SKU-004,2,Expired,2026-09-26
FB-01,SKU-005,1,Damaged,2026-09-26
FB-01,SKU-017,1,Expired,2026-09-26
FB-02,SKU-003,2,Damaged,2026-09-26
FB-02,SKU-013,1,Damaged,2026-09-26
FB-02,SKU-023,2,Quality reject,2026-09-26
FB-02,SKU-024,1,Expired,2026-09-26
FB-03,SKU-005,1,Expired,2026-09-26
FB-03,SKU-006,1,Expired,2026-09-26
FB-04,SKU-001,1,Expired,2026-09-26
FB-04,SKU-004,2,Quality reject,2026-09-26
FB-04,SKU-005,1,Quality reject,2026-09-26
FB-04,SKU-006,2,Expired,2026-09-26
FB-04,SKU-015,1,Expired,2026-09-26
FB-04,SKU-023,1,Expired,2026-09-26
FB-05,SKU-004,2,Expired,2026-09-26
FB-05,SKU-005,2,Damaged,2026-09-26
FB-05,SKU-008,1,Expired,2026-09-26
FB-05,SKU-010,1,Expired,2026-09-26
FB-05,SKU-011,1,Expired,2026-09-26
FB-05,SKU-012,1,Expired,2026-09-26
FB-05,SKU-014,2,Expired,2026-09-26
FB-05,SKU-019,1,Damaged,2026-09-26
FB-05,SKU-021,1,Quality reject,2026-09-26
FB-05,SKU-023,1,Expired,2026-09-26
FB-05,SKU-024,1,Quality reject,2026-09-26
FB-06,SKU-005,1,Expired,2026-09-26
FB-06,SKU-006,1,Damaged,2026-09-26
FB-06,SKU-012,1,Expired,2026-09-26
FB-06,SKU-024,1,Expired,2026-09-26
FB-07,SKU-011,2,Expired,2026-09-26
FB-07,SKU-019,1,Quality reject,2026-09-26
FB-07,SKU-022,1,Expired,2026-09-26
FB-07,SKU-024,1,Expired,2026-09-26
FB-08,SKU-005,1,Expired,2026-09-26
FB-08,SKU-006,1,Expired,2026-09-26
FB-08,SKU-007,3,Damaged,2026-09-26
FB-08,SKU-008,1,Quality reject,2026-09-26
FB-08,SKU-010,1,Quality reject,2026-09-26
FB-08,SKU-011,4,Expired,2026-09-26
FB-08,SKU-012,2,Expired,2026-09-26
FB-08,SKU-013,1,Damaged,2026-09-26
FB-08,SKU-014,1,Expired,2026-09-26
FB-08,SKU-023,1,Quality reject,2026-09-26
FB-08,SKU-025,1,Expired,2026-09-26
FB-09,SKU-004,1,Expired,2026-09-26
FB-09,SKU-005,1,Damaged,2026-09-26
FB-09,SKU-011,1,Expired,2026-09-26
FB-09,SKU-019,1,Expired,2026-09-26
FB-09,SKU-022,1,Expired,2026-09-26
FB-09,SKU-023,1,Quality reject,2026-09-26
FB-09,SKU-024,2,Expired,2026-09-26
FB-10,SKU-004,1,Quality reject,2026-09-26
FB-10,SKU-011,1,Quality reject,2026-09-26
FB-10,SKU-014,1,Damaged,2026-09-26
FB-11,SKU-006,1,Expired,2026-09-26
FB-11,SKU-007,1,Expired,2026-09-26
FB-11,SKU-013,1,Damaged,2026-09-26
FB-11,SKU-014,2,Expired,2026-09-26
FB-11,SKU-017,1,Damaged,2026-09-26
FB-11,SKU-022,2,Expired,2026-09-26
FB-12,SKU-003,1,Damaged,2026-09-26
FB-12,SKU-010,1,Damaged,2026-09-26
FB-12,SKU-011,1,Expired,2026-09-26
FB-12,SKU-012,1,Expired,2026-09-26
FB-12,SKU-013,1,Quality reject,2026-09-26
FB-12,SKU-015,1,Quality reject,2026-09-26
FB-12,SKU-017,1,Expired,2026-09-26
FB-12,SKU-021,1,Expired,2026-09-26
FB-12,SKU-022,1,Damaged,2026-09-26
FB-13,SKU-005,1,Quality reject,2026-09-26
FB-13,SKU-009,1,Expired,2026-09-26
FB-13,SKU-010,1,Expired,2026-09-26
FB-13,SKU-011,3,Expired,2026-09-26
FB-13,SKU-013,1,Damaged,2026-09-26
FB-13,SKU-014,1,Expired,2026-09-26
FB-13,SKU-021,2,Expired,2026-09-26
FB-13,SKU-022,2,Expired,2026-09-26
FB-13,SKU-023,3,Expired,2026-09-26
FB-14,SKU-003,1,Expired,2026-09-26
FB-14,SKU-005,1,Damaged,2026-09-26
FB-14,SKU-006,2,Expired,2026-09-26
FB-14,SKU-010,1,Quality reject,2026-09-26
FB-14,SKU-014,2,Quality reject,2026-09-26
FB-14,SKU-018,1,Damaged,2026-09-26
FB-14,SKU-023,2,Expired,2026-09-26
FB-15,SKU-006,1,Expired,2026-09-26
FB-15,SKU-017,1,Expired,2026-09-26
FB-15,SKU-024,1,Expired,2026-09-26
FB-16,SKU-003,1,Expired,2026-09-26
FB-16,SKU-004,1,Expired,2026-09-26
FB-16,SKU-005,1,Damaged,2026-09-26
FB-16,SKU-011,1,Damaged,2026-09-26
FB-16,SKU-022,1,Quality reject,2026-09-26
FB-17,SKU-005,2,Quality reject,2026-09-26
FB-17,SKU-010,1,Expired,2026-09-26
FB-17,SKU-011,1,Expired,2026-09-26
FB-17,SKU-014,1,Expired,2026-09-26
FB-17,SKU-020,1,Damaged,2026-09-26
FB-18,SKU-007,1,Expired,2026-09-26
FB-18,SKU-012,2,Damaged,2026-09-26
FB-18,SKU-017,1,Damaged,2026-09-26
FB-18,SKU-022,1,Expired,2026-09-26
FB-18,SKU-023,1,Expired,2026-09-26
FB-19,SKU-001,1,Expired,2026-09-26
FB-19,SKU-003,2,Expired,2026-09-26
FB-19,SKU-004,1,Expired,2026-09-26
FB-19,SKU-005,2,Expired,2026-09-26
FB-19,SKU-007,1,Damaged,2026-09-26
FB-19,SKU-011,1,Damaged,2026-09-26
FB-19,SKU-013,1,Damaged,2026-09-26
FB-19,SKU-019,1,Damaged,2026-09-26
FB-19,SKU-023,3,Expired,2026-09-26
FB-20,SKU-005,1,Expired,2026-09-26
FB-20,SKU-013,1,Damaged,2026-09-26
FB-21,SKU-003,1,Expired,2026-09-26
FB-21,SKU-006,1,Expired,2026-09-26
FB-21,SKU-007,1,Quality reject,2026-09-26
FB-21,SKU-009,1,Expired,2026-09-26
FB-21,SKU-012,1,Damaged,2026-09-26
FB-21,SKU-014,1,Expired,2026-09-26
FB-21,SKU-023,1,Damaged,2026-09-26
FB-21,SKU-024,1,Expired,2026-09-26
FB-21,SKU-025,1,Quality reject,2026-09-26
FB-22,SKU-003,1,Quality reject,2026-09-26
FB-22,SKU-006,1,Expired,2026-09-26
FB-22,SKU-011,2,Expired,2026-09-26
FB-22,SKU-014,1,Expired,2026-09-26
FB-22,SKU-019,1,Quality reject,2026-09-26
FB-22,SKU-022,1,Expired,2026-09-26
FB-22,SKU-023,2,Expired,2026-09-26
FB-22,SKU-024,1,Expired,2026-09-26
FB-23,SKU-002,1,Expired,2026-09-26
FB-23,SKU-004,1,Expired,2026-09-26
FB-23,SKU-006,1,Damaged,2026-09-26
FB-23,SKU-009,1,Expired,2026-09-26
FB-23,SKU-011,1,Expired,2026-09-26
FB-23,SKU-014,1,Expired,2026-09-26
FB-23,SKU-017,1,Quality reject,2026-09-26
FB-23,SKU-021,1,Quality reject,2026-09-26
FB-23,SKU-023,1,Expired,2026-09-26
FB-23,SKU-024,1,Quality reject,2026-09-26
FB-24,SKU-008,1,Expired,2026-09-26
FB-24,SKU-013,1,Quality reject,2026-09-26
FB-24,SKU-014,2,Expired,2026-09-26
FB-24,SKU-022,1,Expired,2026-09-26
FB-24,SKU-024,1,Expired,2026-09-26
FB-25,SKU-003,1,Expired,2026-09-26
FB-25,SKU-010,1,Quality reject,2026-09-26
FB-25,SKU-012,1,Quality reject,2026-09-26
FB-25,SKU-019,2,Damaged,2026-09-26
FB-25,SKU-020,1,Damaged,2026-09-26
FB-25,SKU-021,1,Expired,2026-09-26
FB-25,SKU-023,1,Damaged,2026-09-26
FB-01,SKU-006,2,Damaged,2026-09-27
FB-01,SKU-011,1,Expired,2026-09-27
FB-01,SKU-019,1,Damaged,2026-09-27
FB-01,SKU-020,1,Damaged,2026-09-27
FB-01,SKU-022,1,Quality reject,2026-09-27
FB-01,SKU-023,2,Damaged,2026-09-27
FB-01,SKU-024,1,Expired,2026-09-27
FB-01,SKU-025,1,Quality reject,2026-09-27
FB-02,SKU-004,1,Expired,2026-09-27
FB-02,SKU-006,1,Damaged,2026-09-27
FB-02,SKU-014,1,Quality reject,2026-09-27
FB-03,SKU-005,1,Damaged,2026-09-27
FB-03,SKU-014,1,Quality reject,2026-09-27
FB-03,SKU-018,1,Expired,2026-09-27
FB-03,SKU-025,1,Expired,2026-09-27
FB-04,SKU-001,1,Expired,2026-09-27
FB-04,SKU-003,1,Quality reject,2026-09-27
FB-04,SKU-005,1,Expired,2026-09-27
FB-04,SKU-008,1,Expired,2026-09-27
FB-04,SKU-011,2,Quality reject,2026-09-27
FB-04,SKU-015,1,Expired,2026-09-27
FB-04,SKU-022,2,Expired,2026-09-27
FB-04,SKU-023,1,Expired,2026-09-27
FB-05,SKU-004,1,Expired,2026-09-27
FB-05,SKU-010,1,Expired,2026-09-27
FB-05,SKU-011,1,Expired,2026-09-27
FB-05,SKU-012,1,Quality reject,2026-09-27
FB-05,SKU-013,1,Quality reject,2026-09-27
FB-06,SKU-003,1,Expired,2026-09-27
FB-06,SKU-007,1,Expired,2026-09-27
FB-06,SKU-013,1,Expired,2026-09-27
FB-06,SKU-019,1,Expired,2026-09-27
FB-06,SKU-024,1,Expired,2026-09-27
FB-07,SKU-005,1,Expired,2026-09-27
FB-07,SKU-013,1,Expired,2026-09-27
FB-07,SKU-014,1,Expired,2026-09-27
FB-07,SKU-019,1,Expired,2026-09-27
FB-07,SKU-023,1,Quality reject,2026-09-27
FB-08,SKU-009,2,Damaged,2026-09-27
FB-08,SKU-010,3,Damaged,2026-09-27
FB-08,SKU-011,2,Expired,2026-09-27
FB-08,SKU-012,4,Expired,2026-09-27
FB-08,SKU-013,1,Expired,2026-09-27
FB-08,SKU-014,2,Damaged,2026-09-27
FB-08,SKU-019,1,Expired,2026-09-27
FB-08,SKU-020,1,Expired,2026-09-27
FB-09,SKU-004,1,Expired,2026-09-27
FB-09,SKU-014,1,Quality reject,2026-09-27
FB-09,SKU-020,1,Damaged,2026-09-27
FB-09,SKU-024,1,Expired,2026-09-27
FB-09,SKU-025,2,Quality reject,2026-09-27
FB-10,SKU-003,1,Expired,2026-09-27
FB-10,SKU-019,1,Expired,2026-09-27
FB-10,SKU-023,1,Quality reject,2026-09-27
FB-11,SKU-010,1,Expired,2026-09-27
FB-11,SKU-022,1,Damaged,2026-09-27
FB-11,SKU-023,2,Expired,2026-09-27
FB-12,SKU-001,2,Expired,2026-09-27
FB-12,SKU-003,1,Expired,2026-09-27
FB-12,SKU-004,2,Expired,2026-09-27
FB-12,SKU-012,1,Expired,2026-09-27
FB-12,SKU-014,1,Expired,2026-09-27
FB-12,SKU-015,1,Quality reject,2026-09-27
FB-12,SKU-019,1,Quality reject,2026-09-27
FB-12,SKU-022,1,Damaged,2026-09-27
FB-12,SKU-024,1,Expired,2026-09-27
FB-13,SKU-001,2,Expired,2026-09-27
FB-13,SKU-004,1,Expired,2026-09-27
FB-13,SKU-005,2,Expired,2026-09-27
FB-13,SKU-009,1,Quality reject,2026-09-27
FB-13,SKU-012,1,Quality reject,2026-09-27
FB-13,SKU-014,4,Quality reject,2026-09-27
FB-13,SKU-022,1,Expired,2026-09-27
FB-13,SKU-023,4,Expired,2026-09-27
FB-13,SKU-024,1,Damaged,2026-09-27
FB-14,SKU-003,1,Quality reject,2026-09-27
FB-14,SKU-004,1,Expired,2026-09-27
FB-14,SKU-012,1,Expired,2026-09-27
FB-14,SKU-014,1,Expired,2026-09-27
FB-14,SKU-025,1,Quality reject,2026-09-27
FB-15,SKU-002,2,Expired,2026-09-27
FB-15,SKU-007,1,Expired,2026-09-27
FB-16,SKU-003,1,Expired,2026-09-27
FB-16,SKU-006,1,Expired,2026-09-27
FB-16,SKU-009,1,Expired,2026-09-27
FB-16,SKU-013,1,Quality reject,2026-09-27
FB-16,SKU-016,1,Expired,2026-09-27
FB-16,SKU-017,2,Expired,2026-09-27
FB-16,SKU-020,1,Expired,2026-09-27
FB-16,SKU-022,1,Quality reject,2026-09-27
FB-16,SKU-024,1,Expired,2026-09-27
FB-16,SKU-025,1,Damaged,2026-09-27
FB-17,SKU-003,1,Expired,2026-09-27
FB-17,SKU-005,3,Expired,2026-09-27
FB-17,SKU-008,1,Expired,2026-09-27
FB-17,SKU-013,1,Quality reject,2026-09-27
FB-17,SKU-019,1,Damaged,2026-09-27
FB-17,SKU-021,1,Expired,2026-09-27
FB-17,SKU-023,1,Damaged,2026-09-27
FB-18,SKU-004,2,Expired,2026-09-27
FB-18,SKU-012,1,Expired,2026-09-27
FB-18,SKU-017,1,Expired,2026-09-27
FB-18,SKU-021,1,Expired,2026-09-27
FB-19,SKU-001,1,Expired,2026-09-27
FB-19,SKU-002,1,Damaged,2026-09-27
FB-19,SKU-006,1,Damaged,2026-09-27
FB-19,SKU-009,1,Expired,2026-09-27
FB-19,SKU-011,1,Damaged,2026-09-27
FB-19,SKU-014,1,Expired,2026-09-27
FB-19,SKU-022,1,Quality reject,2026-09-27
FB-20,SKU-005,3,Quality reject,2026-09-27
FB-20,SKU-010,1,Quality reject,2026-09-27
FB-20,SKU-011,1,Expired,2026-09-27
FB-20,SKU-021,1,Damaged,2026-09-27
FB-20,SKU-023,2,Quality reject,2026-09-27
FB-21,SKU-004,1,Quality reject,2026-09-27
FB-21,SKU-013,2,Expired,2026-09-27
FB-21,SKU-014,1,Quality reject,2026-09-27
FB-21,SKU-017,1,Damaged,2026-09-27
FB-21,SKU-023,1,Quality reject,2026-09-27
FB-22,SKU-003,2,Quality reject,2026-09-27
FB-22,SKU-004,1,Damaged,2026-09-27
FB-22,SKU-008,1,Expired,2026-09-27
FB-22,SKU-014,1,Damaged,2026-09-27
FB-22,SKU-017,1,Quality reject,2026-09-27
FB-22,SKU-023,4,Quality reject,2026-09-27
FB-23,SKU-009,1,Expired,2026-09-27
FB-23,SKU-011,1,Expired,2026-09-27
FB-23,SKU-014,2,Damaged,2026-09-27
FB-23,SKU-021,1,Expired,2026-09-27
FB-23,SKU-022,1,Expired,2026-09-27
FB-23,SKU-023,2,Expired,2026-09-27
FB-24,SKU-001,1,Damaged,2026-09-27
FB-24,SKU-003,1,Damaged,2026-09-27
FB-24,SKU-005,1,Quality reject,2026-09-27
FB-24,SKU-009,1,Expired,2026-09-27
FB-24,SKU-014,1,Damaged,2026-09-27
FB-24,SKU-020,2,Quality reject,2026-09-27
FB-24,SKU-022,1,Expired,2026-09-27
FB-24,SKU-023,1,Expired,2026-09-27
FB-25,SKU-003,3,Expired,2026-09-27
FB-25,SKU-011,2,Expired,2026-09-27
FB-25,SKU-013,1,Expired,2026-09-27
FB-25,SKU-014,1,Quality reject,2026-09-27
FB-25,SKU-017,1,Quality reject,2026-09-27
FB-25,SKU-018,1,Damaged,2026-09-27
FB-01,SKU-003,1,Expired,2026-09-28
FB-01,SKU-005,1,Damaged,2026-09-28
FB-01,SKU-008,1,Expired,2026-09-28
FB-01,SKU-011,1,Expired,2026-09-28
FB-01,SKU-017,1,Quality reject,2026-09-28
FB-01,SKU-022,1,Quality reject,2026-09-28
FB-02,SKU-004,1,Quality reject,2026-09-28
FB-02,SKU-005,1,Expired,2026-09-28
FB-02,SKU-011,1,Damaged,2026-09-28
FB-02,SKU-012,1,Quality reject,2026-09-28
FB-02,SKU-014,2,Expired,2026-09-28
FB-02,SKU-015,2,Quality reject,2026-09-28
FB-02,SKU-022,1,Damaged,2026-09-28
FB-02,SKU-023,3,Expired,2026-09-28
FB-03,SKU-002,1,Damaged,2026-09-28
FB-03,SKU-004,1,Expired,2026-09-28
FB-03,SKU-020,1,Damaged,2026-09-28
FB-03,SKU-022,1,Expired,2026-09-28
FB-03,SKU-023,3,Quality reject,2026-09-28
FB-04,SKU-005,1,Expired,2026-09-28
FB-04,SKU-011,1,Damaged,2026-09-28
FB-04,SKU-014,1,Quality reject,2026-09-28
FB-04,SKU-016,1,Damaged,2026-09-28
FB-04,SKU-017,1,Expired,2026-09-28
FB-04,SKU-020,2,Expired,2026-09-28
FB-04,SKU-022,1,Quality reject,2026-09-28
FB-04,SKU-024,2,Expired,2026-09-28
FB-05,SKU-001,1,Expired,2026-09-28
FB-05,SKU-005,1,Quality reject,2026-09-28
FB-05,SKU-011,1,Expired,2026-09-28
FB-06,SKU-003,1,Expired,2026-09-28
FB-06,SKU-004,1,Expired,2026-09-28
FB-06,SKU-005,2,Expired,2026-09-28
FB-06,SKU-014,1,Expired,2026-09-28
FB-06,SKU-019,2,Expired,2026-09-28
FB-06,SKU-024,1,Quality reject,2026-09-28
FB-06,SKU-025,1,Expired,2026-09-28
FB-07,SKU-003,1,Quality reject,2026-09-28
FB-07,SKU-009,1,Expired,2026-09-28
FB-07,SKU-010,1,Expired,2026-09-28
FB-07,SKU-022,1,Expired,2026-09-28
FB-08,SKU-005,1,Expired,2026-09-28
FB-08,SKU-007,1,Damaged,2026-09-28
FB-08,SKU-008,1,Quality reject,2026-09-28
FB-08,SKU-011,3,Quality reject,2026-09-28
FB-08,SKU-012,1,Expired,2026-09-28
FB-08,SKU-015,1,Damaged,2026-09-28
FB-08,SKU-023,2,Expired,2026-09-28
FB-09,SKU-002,1,Quality reject,2026-09-28
FB-09,SKU-011,2,Expired,2026-09-28
FB-09,SKU-017,1,Expired,2026-09-28
FB-09,SKU-022,2,Expired,2026-09-28
FB-09,SKU-023,1,Quality reject,2026-09-28
FB-10,SKU-005,1,Expired,2026-09-28
FB-10,SKU-006,1,Quality reject,2026-09-28
FB-10,SKU-007,1,Expired,2026-09-28
FB-10,SKU-010,1,Expired,2026-09-28
FB-10,SKU-011,1,Quality reject,2026-09-28
FB-10,SKU-013,1,Quality reject,2026-09-28
FB-10,SKU-020,1,Expired,2026-09-28
FB-11,SKU-012,1,Damaged,2026-09-28
FB-11,SKU-020,1,Expired,2026-09-28
FB-11,SKU-022,1,Expired,2026-09-28
FB-12,SKU-001,2,Quality reject,2026-09-28
FB-12,SKU-003,1,Quality reject,2026-09-28
FB-12,SKU-006,1,Damaged,2026-09-28
FB-12,SKU-011,1,Quality reject,2026-09-28
FB-12,SKU-014,1,Expired,2026-09-28
FB-12,SKU-023,1,Quality reject,2026-09-28
FB-12,SKU-024,1,Expired,2026-09-28
FB-13,SKU-003,1,Expired,2026-09-28
FB-13,SKU-004,1,Quality reject,2026-09-28
FB-13,SKU-006,1,Quality reject,2026-09-28
FB-13,SKU-007,1,Quality reject,2026-09-28
FB-13,SKU-016,1,Damaged,2026-09-28
FB-13,SKU-020,1,Quality reject,2026-09-28
FB-13,SKU-022,1,Expired,2026-09-28
FB-13,SKU-025,2,Expired,2026-09-28
FB-14,SKU-004,2,Damaged,2026-09-28
FB-14,SKU-006,1,Expired,2026-09-28
FB-14,SKU-010,1,Expired,2026-09-28
FB-14,SKU-012,1,Damaged,2026-09-28
FB-14,SKU-013,1,Damaged,2026-09-28
FB-14,SKU-020,1,Expired,2026-09-28
FB-14,SKU-022,1,Expired,2026-09-28
FB-14,SKU-023,2,Quality reject,2026-09-28
FB-14,SKU-024,1,Quality reject,2026-09-28
FB-14,SKU-025,1,Expired,2026-09-28
FB-15,SKU-005,1,Expired,2026-09-28
FB-15,SKU-007,1,Damaged,2026-09-28
FB-15,SKU-010,1,Expired,2026-09-28
FB-15,SKU-011,1,Expired,2026-09-28
FB-15,SKU-014,1,Expired,2026-09-28
FB-15,SKU-021,1,Quality reject,2026-09-28
FB-15,SKU-022,2,Quality reject,2026-09-28
FB-15,SKU-023,1,Expired,2026-09-28
FB-16,SKU-001,1,Expired,2026-09-28
FB-16,SKU-004,1,Expired,2026-09-28
FB-16,SKU-005,1,Expired,2026-09-28
FB-16,SKU-006,1,Damaged,2026-09-28
FB-16,SKU-007,1,Expired,2026-09-28
FB-16,SKU-010,1,Expired,2026-09-28
FB-17,SKU-009,1,Expired,2026-09-28
FB-17,SKU-017,1,Expired,2026-09-28
FB-17,SKU-022,2,Quality reject,2026-09-28
FB-17,SKU-023,1,Expired,2026-09-28
FB-17,SKU-024,2,Expired,2026-09-28
FB-18,SKU-002,1,Quality reject,2026-09-28
FB-18,SKU-006,1,Expired,2026-09-28
FB-18,SKU-010,1,Expired,2026-09-28
FB-18,SKU-011,1,Damaged,2026-09-28
FB-18,SKU-020,1,Quality reject,2026-09-28
FB-18,SKU-023,1,Expired,2026-09-28
FB-19,SKU-004,1,Quality reject,2026-09-28
FB-19,SKU-007,1,Expired,2026-09-28
FB-19,SKU-011,1,Quality reject,2026-09-28
FB-19,SKU-013,2,Expired,2026-09-28
FB-19,SKU-019,1,Expired,2026-09-28
FB-19,SKU-022,1,Expired,2026-09-28
FB-19,SKU-024,2,Expired,2026-09-28
FB-19,SKU-025,1,Quality reject,2026-09-28
FB-20,SKU-004,1,Expired,2026-09-28
FB-20,SKU-005,1,Expired,2026-09-28
FB-20,SKU-011,1,Expired,2026-09-28
FB-20,SKU-024,1,Quality reject,2026-09-28
FB-20,SKU-025,1,Damaged,2026-09-28
FB-21,SKU-003,1,Expired,2026-09-28
FB-21,SKU-019,1,Expired,2026-09-28
FB-21,SKU-022,1,Expired,2026-09-28
FB-22,SKU-003,1,Expired,2026-09-28
FB-22,SKU-004,3,Expired,2026-09-28
FB-22,SKU-005,1,Expired,2026-09-28
FB-22,SKU-011,1,Expired,2026-09-28
FB-22,SKU-012,2,Quality reject,2026-09-28
FB-22,SKU-013,1,Damaged,2026-09-28
FB-22,SKU-014,1,Damaged,2026-09-28
FB-22,SKU-017,1,Expired,2026-09-28
FB-22,SKU-020,1,Quality reject,2026-09-28
FB-22,SKU-022,1,Expired,2026-09-28
FB-22,SKU-025,1,Expired,2026-09-28
FB-23,SKU-003,1,Damaged,2026-09-28
FB-23,SKU-005,1,Expired,2026-09-28
FB-23,SKU-006,1,Damaged,2026-09-28
FB-23,SKU-014,2,Expired,2026-09-28
FB-23,SKU-015,1,Damaged,2026-09-28
FB-23,SKU-017,1,Quality reject,2026-09-28
FB-23,SKU-021,2,Quality reject,2026-09-28
FB-23,SKU-023,3,Expired,2026-09-28
FB-24,SKU-004,1,Quality reject,2026-09-28
FB-24,SKU-014,1,Expired,2026-09-28
FB-24,SKU-024,1,Expired,2026-09-28
FB-25,SKU-003,2,Damaged,2026-09-28
FB-25,SKU-005,1,Expired,2026-09-28
FB-25,SKU-021,1,Expired,2026-09-28
FB-25,SKU-023,2,Expired,2026-09-28
FB-01,SKU-004,1,Damaged,2026-09-29
FB-01,SKU-006,1,Damaged,2026-09-29
FB-01,SKU-011,1,Quality reject,2026-09-29
FB-01,SKU-023,2,Quality reject,2026-09-29
FB-02,SKU-003,3,Expired,2026-09-29
FB-02,SKU-005,2,Quality reject,2026-09-29
FB-02,SKU-006,1,Damaged,2026-09-29
FB-02,SKU-011,1,Expired,2026-09-29
FB-02,SKU-013,1,Expired,2026-09-29
FB-02,SKU-014,1,Expired,2026-09-29
FB-02,SKU-016,1,Quality reject,2026-09-29
FB-02,SKU-020,1,Damaged,2026-09-29
FB-02,SKU-023,1,Expired,2026-09-29
FB-03,SKU-003,1,Damaged,2026-09-29
FB-03,SKU-004,1,Quality reject,2026-09-29
FB-03,SKU-005,2,Expired,2026-09-29
FB-03,SKU-007,1,Expired,2026-09-29
FB-03,SKU-010,1,Expired,2026-09-29
FB-03,SKU-014,1,Expired,2026-09-29
FB-04,SKU-019,1,Expired,2026-09-29
FB-04,SKU-020,1,Expired,2026-09-29
FB-04,SKU-023,3,Expired,2026-09-29
FB-04,SKU-025,1,Damaged,2026-09-29
FB-05,SKU-003,1,Damaged,2026-09-29
FB-05,SKU-004,1,Damaged,2026-09-29
FB-05,SKU-010,1,Damaged,2026-09-29
FB-05,SKU-013,1,Expired,2026-09-29
FB-05,SKU-022,1,Damaged,2026-09-29
FB-05,SKU-023,1,Expired,2026-09-29
FB-06,SKU-011,1,Expired,2026-09-29
FB-06,SKU-014,1,Expired,2026-09-29
FB-06,SKU-019,2,Damaged,2026-09-29
FB-07,SKU-003,1,Expired,2026-09-29
FB-07,SKU-005,2,Expired,2026-09-29
FB-07,SKU-012,1,Expired,2026-09-29
FB-07,SKU-014,1,Expired,2026-09-29
FB-07,SKU-019,1,Expired,2026-09-29
FB-08,SKU-009,1,Expired,2026-09-29
FB-08,SKU-010,1,Expired,2026-09-29
FB-08,SKU-011,4,Expired,2026-09-29
FB-08,SKU-012,1,Expired,2026-09-29
FB-08,SKU-013,1,Expired,2026-09-29
FB-08,SKU-019,1,Quality reject,2026-09-29
FB-08,SKU-020,1,Quality reject,2026-09-29
FB-08,SKU-021,2,Expired,2026-09-29
FB-08,SKU-022,2,Expired,2026-09-29
FB-08,SKU-023,1,Expired,2026-09-29
FB-09,SKU-004,1,Expired,2026-09-29
FB-09,SKU-005,1,Expired,2026-09-29
FB-09,SKU-006,1,Damaged,2026-09-29
FB-09,SKU-011,1,Expired,2026-09-29
FB-09,SKU-014,1,Damaged,2026-09-29
FB-09,SKU-023,1,Expired,2026-09-29
FB-09,SKU-024,1,Expired,2026-09-29
FB-10,SKU-003,1,Expired,2026-09-29
FB-10,SKU-006,1,Expired,2026-09-29
FB-10,SKU-023,4,Quality reject,2026-09-29
FB-11,SKU-003,1,Damaged,2026-09-29
FB-11,SKU-005,1,Expired,2026-09-29
FB-11,SKU-013,1,Quality reject,2026-09-29
FB-11,SKU-014,1,Expired,2026-09-29
FB-11,SKU-017,1,Quality reject,2026-09-29
FB-11,SKU-019,1,Expired,2026-09-29
FB-12,SKU-005,1,Expired,2026-09-29
FB-12,SKU-009,1,Expired,2026-09-29
FB-12,SKU-011,1,Expired,2026-09-29
FB-12,SKU-014,2,Damaged,2026-09-29
FB-12,SKU-018,1,Expired,2026-09-29
FB-12,SKU-024,1,Damaged,2026-09-29
FB-13,SKU-005,1,Expired,2026-09-29
FB-13,SKU-007,1,Expired,2026-09-29
FB-13,SKU-009,1,Expired,2026-09-29
FB-13,SKU-013,2,Expired,2026-09-29
FB-13,SKU-014,2,Expired,2026-09-29
FB-13,SKU-015,1,Expired,2026-09-29
FB-13,SKU-022,1,Expired,2026-09-29
FB-14,SKU-004,1,Quality reject,2026-09-29
FB-14,SKU-006,1,Expired,2026-09-29
FB-14,SKU-009,1,Expired,2026-09-29
FB-14,SKU-017,1,Damaged,2026-09-29
FB-14,SKU-022,1,Quality reject,2026-09-29
FB-14,SKU-024,1,Expired,2026-09-29
FB-15,SKU-006,1,Expired,2026-09-29
FB-15,SKU-009,1,Expired,2026-09-29
FB-15,SKU-014,1,Expired,2026-09-29
FB-16,SKU-003,2,Damaged,2026-09-29
FB-16,SKU-004,1,Expired,2026-09-29
FB-16,SKU-006,1,Expired,2026-09-29
FB-16,SKU-010,1,Expired,2026-09-29
FB-16,SKU-012,1,Damaged,2026-09-29
FB-16,SKU-013,1,Expired,2026-09-29
FB-16,SKU-014,2,Quality reject,2026-09-29
FB-16,SKU-017,1,Expired,2026-09-29
FB-16,SKU-023,1,Expired,2026-09-29
FB-17,SKU-005,1,Expired,2026-09-29
FB-17,SKU-006,1,Expired,2026-09-29
FB-17,SKU-010,1,Damaged,2026-09-29
FB-17,SKU-023,1,Expired,2026-09-29
FB-18,SKU-022,2,Expired,2026-09-29
FB-18,SKU-023,1,Expired,2026-09-29
FB-18,SKU-025,2,Expired,2026-09-29
FB-19,SKU-001,1,Damaged,2026-09-29
FB-19,SKU-003,1,Expired,2026-09-29
FB-19,SKU-005,2,Quality reject,2026-09-29
FB-19,SKU-012,1,Quality reject,2026-09-29
FB-19,SKU-013,1,Expired,2026-09-29
FB-19,SKU-014,2,Expired,2026-09-29
FB-19,SKU-020,1,Damaged,2026-09-29
FB-19,SKU-021,1,Quality reject,2026-09-29
FB-19,SKU-023,1,Expired,2026-09-29
FB-19,SKU-025,1,Expired,2026-09-29
FB-20,SKU-004,2,Expired,2026-09-29
FB-20,SKU-009,1,Expired,2026-09-29
FB-20,SKU-010,1,Damaged,2026-09-29
FB-20,SKU-018,1,Expired,2026-09-29
FB-20,SKU-020,1,Damaged,2026-09-29
FB-20,SKU-022,3,Quality reject,2026-09-29
FB-20,SKU-023,1,Expired,2026-09-29
FB-21,SKU-013,1,Expired,2026-09-29
FB-21,SKU-015,1,Damaged,2026-09-29
FB-21,SKU-020,1,Expired,2026-09-29
FB-22,SKU-005,3,Expired,2026-09-29
FB-22,SKU-006,1,Quality reject,2026-09-29
FB-22,SKU-007,1,Quality reject,2026-09-29
FB-22,SKU-010,1,Quality reject,2026-09-29
FB-22,SKU-011,2,Expired,2026-09-29
FB-22,SKU-013,1,Damaged,2026-09-29
FB-22,SKU-014,1,Damaged,2026-09-29
FB-22,SKU-020,1,Damaged,2026-09-29
FB-22,SKU-023,1,Quality reject,2026-09-29
FB-22,SKU-025,1,Quality reject,2026-09-29
FB-23,SKU-010,1,Quality reject,2026-09-29
FB-23,SKU-011,1,Quality reject,2026-09-29
FB-23,SKU-013,1,Expired,2026-09-29
FB-23,SKU-014,1,Expired,2026-09-29
FB-23,SKU-017,1,Damaged,2026-09-29
FB-23,SKU-023,4,Expired,2026-09-29
FB-24,SKU-001,1,Quality reject,2026-09-29
FB-24,SKU-004,1,Damaged,2026-09-29
FB-24,SKU-009,1,Expired,2026-09-29
FB-24,SKU-014,2,Expired,2026-09-29
FB-24,SKU-020,1,Expired,2026-09-29
FB-24,SKU-022,1,Expired,2026-09-29
FB-24,SKU-023,2,Expired,2026-09-29
FB-25,SKU-005,1,Quality reject,2026-09-29
FB-25,SKU-009,1,Quality reject,2026-09-29
FB-25,SKU-011,2,Expired,2026-09-29
FB-25,SKU-012,1,Quality reject,2026-09-29
FB-25,SKU-020,1,Expired,2026-09-29
FB-01,SKU-003,1,Expired,2026-09-30
FB-01,SKU-004,1,Expired,2026-09-30
FB-01,SKU-005,1,Expired,2026-09-30
FB-01,SKU-021,1,Quality reject,2026-09-30
FB-02,SKU-005,2,Quality reject,2026-09-30
FB-02,SKU-006,1,Damaged,2026-09-30
FB-02,SKU-011,2,Expired,2026-09-30
FB-02,SKU-013,1,Expired,2026-09-30
FB-02,SKU-019,1,Damaged,2026-09-30
FB-02,SKU-022,1,Expired,2026-09-30
FB-02,SKU-024,1,Expired,2026-09-30
FB-02,SKU-025,1,Quality reject,2026-09-30
FB-03,SKU-003,1,Damaged,2026-09-30
FB-03,SKU-011,1,Expired,2026-09-30
FB-03,SKU-017,1,Expired,2026-09-30
FB-03,SKU-020,1,Expired,2026-09-30
FB-03,SKU-022,1,Quality reject,2026-09-30
FB-04,SKU-003,1,Expired,2026-09-30
FB-04,SKU-006,1,Expired,2026-09-30
FB-04,SKU-021,1,Quality reject,2026-09-30
FB-04,SKU-022,1,Expired,2026-09-30
FB-04,SKU-023,1,Expired,2026-09-30
FB-05,SKU-003,1,Damaged,2026-09-30
FB-05,SKU-014,1,Damaged,2026-09-30
FB-05,SKU-018,1,Damaged,2026-09-30
FB-05,SKU-022,1,Quality reject,2026-09-30
FB-06,SKU-003,1,Damaged,2026-09-30
FB-06,SKU-005,1,Damaged,2026-09-30
FB-06,SKU-007,1,Expired,2026-09-30
FB-06,SKU-010,1,Quality reject,2026-09-30
FB-06,SKU-011,1,Expired,2026-09-30
FB-06,SKU-013,1,Quality reject,2026-09-30
FB-06,SKU-019,1,Expired,2026-09-30
FB-06,SKU-021,1,Expired,2026-09-30
FB-07,SKU-011,1,Damaged,2026-09-30
FB-07,SKU-014,2,Damaged,2026-09-30
FB-07,SKU-022,1,Quality reject,2026-09-30
FB-08,SKU-010,4,Quality reject,2026-09-30
FB-08,SKU-011,4,Quality reject,2026-09-30
FB-08,SKU-012,1,Expired,2026-09-30
FB-08,SKU-013,1,Expired,2026-09-30
FB-08,SKU-014,1,Expired,2026-09-30
FB-08,SKU-020,1,Expired,2026-09-30
FB-09,SKU-013,1,Damaged,2026-09-30
FB-09,SKU-014,1,Quality reject,2026-09-30
FB-09,SKU-018,1,Expired,2026-09-30
FB-09,SKU-022,1,Expired,2026-09-30
FB-09,SKU-025,1,Damaged,2026-09-30
FB-10,SKU-006,1,Expired,2026-09-30
FB-10,SKU-010,1,Expired,2026-09-30
FB-10,SKU-014,4,Expired,2026-09-30
FB-10,SKU-018,1,Expired,2026-09-30
FB-11,SKU-006,1,Quality reject,2026-09-30
FB-11,SKU-022,1,Expired,2026-09-30
FB-12,SKU-005,2,Quality reject,2026-09-30
FB-12,SKU-006,1,Expired,2026-09-30
FB-12,SKU-014,1,Damaged,2026-09-30
FB-12,SKU-017,1,Expired,2026-09-30
FB-12,SKU-022,1,Expired,2026-09-30
FB-12,SKU-023,2,Quality reject,2026-09-30
FB-13,SKU-006,1,Quality reject,2026-09-30
FB-13,SKU-014,1,Expired,2026-09-30
FB-13,SKU-023,1,Damaged,2026-09-30
FB-13,SKU-024,1,Expired,2026-09-30
FB-14,SKU-006,1,Quality reject,2026-09-30
FB-14,SKU-013,1,Damaged,2026-09-30
FB-14,SKU-024,1,Expired,2026-09-30
FB-15,SKU-002,1,Expired,2026-09-30
FB-15,SKU-003,1,Expired,2026-09-30
FB-15,SKU-008,1,Quality reject,2026-09-30
FB-15,SKU-017,1,Expired,2026-09-30
FB-15,SKU-023,1,Expired,2026-09-30
FB-16,SKU-003,1,Expired,2026-09-30
FB-16,SKU-011,2,Expired,2026-09-30
FB-16,SKU-013,1,Damaged,2026-09-30
FB-16,SKU-020,1,Quality reject,2026-09-30
FB-16,SKU-023,1,Quality reject,2026-09-30
FB-17,SKU-011,1,Expired,2026-09-30
FB-17,SKU-012,1,Damaged,2026-09-30
FB-17,SKU-018,1,Damaged,2026-09-30
FB-18,SKU-003,1,Expired,2026-09-30
FB-18,SKU-005,1,Expired,2026-09-30
FB-18,SKU-013,2,Expired,2026-09-30
FB-18,SKU-022,1,Quality reject,2026-09-30
FB-18,SKU-023,1,Quality reject,2026-09-30
FB-18,SKU-024,1,Expired,2026-09-30
FB-19,SKU-005,1,Expired,2026-09-30
FB-19,SKU-011,1,Expired,2026-09-30
FB-19,SKU-017,1,Expired,2026-09-30
FB-19,SKU-022,1,Expired,2026-09-30
FB-19,SKU-023,1,Quality reject,2026-09-30
FB-19,SKU-024,1,Expired,2026-09-30
FB-19,SKU-025,2,Expired,2026-09-30
FB-20,SKU-001,1,Expired,2026-09-30
FB-20,SKU-004,1,Expired,2026-09-30
FB-20,SKU-007,1,Expired,2026-09-30
FB-20,SKU-014,1,Damaged,2026-09-30
FB-20,SKU-015,1,Quality reject,2026-09-30
FB-20,SKU-022,3,Expired,2026-09-30
FB-20,SKU-025,1,Expired,2026-09-30
FB-21,SKU-003,1,Damaged,2026-09-30
FB-21,SKU-006,1,Expired,2026-09-30
FB-21,SKU-013,2,Expired,2026-09-30
FB-21,SKU-014,2,Damaged,2026-09-30
FB-21,SKU-018,1,Damaged,2026-09-30
FB-21,SKU-020,1,Damaged,2026-09-30
FB-21,SKU-024,2,Quality reject,2026-09-30
FB-22,SKU-001,1,Quality reject,2026-09-30
FB-22,SKU-003,1,Expired,2026-09-30
FB-22,SKU-004,1,Damaged,2026-09-30
FB-22,SKU-011,1,Quality reject,2026-09-30
FB-22,SKU-014,1,Expired,2026-09-30
FB-22,SKU-015,1,Damaged,2026-09-30
FB-22,SKU-020,1,Expired,2026-09-30
FB-22,SKU-021,1,Expired,2026-09-30
FB-22,SKU-023,1,Quality reject,2026-09-30
FB-22,SKU-025,1,Expired,2026-09-30
FB-23,SKU-009,1,Damaged,2026-09-30
FB-23,SKU-013,1,Expired,2026-09-30
FB-23,SKU-014,2,Expired,2026-09-30
FB-23,SKU-020,1,Expired,2026-09-30
FB-23,SKU-022,1,Expired,2026-09-30
FB-23,SKU-023,2,Expired,2026-09-30
FB-24,SKU-006,1,Expired,2026-09-30
FB-24,SKU-018,1,Quality reject,2026-09-30
FB-24,SKU-019,1,Damaged,2026-09-30
FB-24,SKU-022,1,Damaged,2026-09-30
FB-24,SKU-023,1,Expired,2026-09-30
FB-24,SKU-024,1,Expired,2026-09-30
FB-25,SKU-001,2,Expired,2026-09-30
FB-25,SKU-002,1,Damaged,2026-09-30
FB-25,SKU-005,1,Expired,2026-09-30
FB-25,SKU-012,1,Quality reject,2026-09-30
FB-25,SKU-020,1,Quality reject,2026-09-30
FB-01,SKU-009,1,Damaged,2026-10-01
FB-01,SKU-011,1,Damaged,2026-10-01
FB-01,SKU-013,2,Expired,2026-10-01
FB-01,SKU-015,2,Expired,2026-10-01
FB-01,SKU-017,1,Quality reject,2026-10-01
FB-01,SKU-022,1,Expired,2026-10-01
FB-01,SKU-023,1,Damaged,2026-10-01
FB-02,SKU-006,1,Damaged,2026-10-01
FB-02,SKU-010,1,Damaged,2026-10-01
FB-02,SKU-011,1,Quality reject,2026-10-01
FB-02,SKU-014,2,Expired,2026-10-01
FB-02,SKU-017,1,Expired,2026-10-01
FB-03,SKU-014,1,Expired,2026-10-01
FB-03,SKU-015,1,Damaged,2026-10-01
FB-03,SKU-017,1,Expired,2026-10-01
FB-03,SKU-024,1,Expired,2026-10-01
FB-03,SKU-025,1,Expired,2026-10-01
FB-04,SKU-002,1,Expired,2026-10-01
FB-04,SKU-009,1,Quality reject,2026-10-01
FB-04,SKU-011,2,Expired,2026-10-01
FB-04,SKU-012,1,Damaged,2026-10-01
FB-04,SKU-013,1,Expired,2026-10-01
FB-04,SKU-020,1,Damaged,2026-10-01
FB-04,SKU-022,2,Expired,2026-10-01
FB-05,SKU-001,1,Expired,2026-10-01
FB-05,SKU-003,1,Expired,2026-10-01
FB-05,SKU-018,1,Damaged,2026-10-01
FB-06,SKU-003,1,Expired,2026-10-01
FB-06,SKU-012,2,Quality reject,2026-10-01
FB-06,SKU-014,2,Expired,2026-10-01
FB-07,SKU-003,1,Quality reject,2026-10-01
FB-07,SKU-005,1,Quality reject,2026-10-01
FB-07,SKU-008,1,Quality reject,2026-10-01
FB-07,SKU-009,1,Expired,2026-10-01
FB-07,SKU-017,2,Quality reject,2026-10-01
FB-07,SKU-022,1,Expired,2026-10-01
FB-07,SKU-023,1,Damaged,2026-10-01
FB-08,SKU-001,1,Quality reject,2026-10-01
FB-08,SKU-002,1,Damaged,2026-10-01
FB-08,SKU-003,1,Quality reject,2026-10-01
FB-08,SKU-005,1,Expired,2026-10-01
FB-08,SKU-007,2,Expired,2026-10-01
FB-08,SKU-008,1,Damaged,2026-10-01
FB-08,SKU-010,2,Damaged,2026-10-01
FB-08,SKU-011,4,Expired,2026-10-01
FB-08,SKU-014,1,Expired,2026-10-01
FB-09,SKU-003,1,Expired,2026-10-01
FB-09,SKU-013,1,Quality reject,2026-10-01
FB-09,SKU-023,1,Expired,2026-10-01
FB-10,SKU-014,2,Expired,2026-10-01
FB-11,SKU-004,1,Expired,2026-10-01
FB-11,SKU-009,1,Expired,2026-10-01
FB-11,SKU-013,2,Expired,2026-10-01
FB-11,SKU-022,1,Expired,2026-10-01
FB-11,SKU-023,2,Quality reject,2026-10-01
FB-12,SKU-003,1,Expired,2026-10-01
FB-12,SKU-005,2,Expired,2026-10-01
FB-12,SKU-010,1,Damaged,2026-10-01
FB-12,SKU-022,2,Damaged,2026-10-01
FB-13,SKU-005,1,Damaged,2026-10-01
FB-13,SKU-011,1,Quality reject,2026-10-01
FB-13,SKU-013,1,Quality reject,2026-10-01
FB-13,SKU-014,2,Quality reject,2026-10-01
FB-13,SKU-019,1,Expired,2026-10-01
FB-13,SKU-022,1,Expired,2026-10-01
FB-14,SKU-004,1,Expired,2026-10-01
FB-14,SKU-005,1,Expired,2026-10-01
FB-14,SKU-012,1,Expired,2026-10-01
FB-14,SKU-024,1,Quality reject,2026-10-01
FB-14,SKU-025,1,Expired,2026-10-01
FB-15,SKU-004,1,Quality reject,2026-10-01
FB-15,SKU-011,2,Expired,2026-10-01
FB-15,SKU-012,2,Quality reject,2026-10-01
FB-15,SKU-013,1,Damaged,2026-10-01
FB-15,SKU-020,1,Damaged,2026-10-01
FB-15,SKU-023,3,Expired,2026-10-01
FB-16,SKU-003,1,Expired,2026-10-01
FB-16,SKU-005,1,Expired,2026-10-01
FB-16,SKU-011,1,Expired,2026-10-01
FB-16,SKU-013,1,Expired,2026-10-01
FB-16,SKU-014,1,Damaged,2026-10-01
FB-17,SKU-006,1,Expired,2026-10-01
FB-17,SKU-012,1,Expired,2026-10-01
FB-17,SKU-014,1,Expired,2026-10-01
FB-17,SKU-018,1,Expired,2026-10-01
FB-17,SKU-020,1,Expired,2026-10-01
FB-17,SKU-023,1,Expired,2026-10-01
FB-17,SKU-025,1,Damaged,2026-10-01
FB-18,SKU-003,1,Quality reject,2026-10-01
FB-18,SKU-005,1,Expired,2026-10-01
FB-18,SKU-009,1,Damaged,2026-10-01
FB-18,SKU-013,1,Damaged,2026-10-01
FB-18,SKU-019,1,Expired,2026-10-01
FB-18,SKU-021,1,Expired,2026-10-01
FB-18,SKU-022,1,Expired,2026-10-01
FB-19,SKU-005,1,Expired,2026-10-01
FB-19,SKU-009,1,Expired,2026-10-01
FB-19,SKU-012,1,Expired,2026-10-01
FB-19,SKU-017,1,Expired,2026-10-01
FB-19,SKU-020,1,Quality reject,2026-10-01
FB-19,SKU-022,1,Quality reject,2026-10-01
FB-19,SKU-023,4,Expired,2026-10-01
FB-20,SKU-002,1,Quality reject,2026-10-01
FB-20,SKU-011,1,Expired,2026-10-01
FB-20,SKU-014,2,Expired,2026-10-01
FB-20,SKU-015,1,Damaged,2026-10-01
FB-20,SKU-018,1,Damaged,2026-10-01
FB-20,SKU-022,1,Expired,2026-10-01
FB-20,SKU-023,2,Expired,2026-10-01
FB-21,SKU-003,1,Damaged,2026-10-01
FB-21,SKU-005,1,Damaged,2026-10-01
FB-21,SKU-008,1,Expired,2026-10-01
FB-21,SKU-014,1,Expired,2026-10-01
FB-21,SKU-017,1,Expired,2026-10-01
FB-21,SKU-022,1,Expired,2026-10-01
FB-21,SKU-024,1,Damaged,2026-10-01
FB-22,SKU-003,3,Expired,2026-10-01
FB-22,SKU-005,1,Expired,2026-10-01
FB-22,SKU-006,1,Expired,2026-10-01
FB-22,SKU-012,1,Damaged,2026-10-01
FB-22,SKU-014,3,Expired,2026-10-01
FB-22,SKU-020,1,Damaged,2026-10-01
FB-22,SKU-021,1,Expired,2026-10-01
FB-22,SKU-024,2,Quality reject,2026-10-01
FB-22,SKU-025,1,Quality reject,2026-10-01
FB-23,SKU-002,1,Expired,2026-10-01
FB-23,SKU-004,1,Damaged,2026-10-01
FB-23,SKU-007,1,Expired,2026-10-01
FB-23,SKU-014,1,Expired,2026-10-01
FB-24,SKU-001,1,Quality reject,2026-10-01
FB-24,SKU-013,1,Quality reject,2026-10-01
FB-24,SKU-016,1,Expired,2026-10-01
FB-24,SKU-022,1,Expired,2026-10-01
FB-24,SKU-024,1,Expired,2026-10-01
FB-24,SKU-025,1,Expired,2026-10-01
FB-25,SKU-004,1,Expired,2026-10-01
FB-25,SKU-011,1,Damaged,2026-10-01
FB-25,SKU-012,1,Quality reject,2026-10-01
FB-25,SKU-014,1,Damaged,2026-10-01
FB-25,SKU-017,1,Expired,2026-10-01
FB-25,SKU-020,1,Expired,2026-10-01
FB-01,SKU-011,1,Expired,2026-10-02
FB-01,SKU-014,1,Damaged,2026-10-02
FB-01,SKU-025,1,Expired,2026-10-02
FB-02,SKU-003,1,Damaged,2026-10-02
FB-02,SKU-005,3,Expired,2026-10-02
FB-02,SKU-010,1,Quality reject,2026-10-02
FB-02,SKU-011,1,Quality reject,2026-10-02
FB-02,SKU-012,1,Quality reject,2026-10-02
FB-02,SKU-013,1,Damaged,2026-10-02
FB-02,SKU-014,1,Expired,2026-10-02
FB-02,SKU-022,1,Expired,2026-10-02
FB-02,SKU-023,3,Expired,2026-10-02
FB-02,SKU-024,1,Quality reject,2026-10-02
FB-02,SKU-025,1,Expired,2026-10-02
FB-03,SKU-001,1,Expired,2026-10-02
FB-03,SKU-005,1,Expired,2026-10-02
FB-03,SKU-013,1,Expired,2026-10-02
FB-03,SKU-017,1,Expired,2026-10-02
FB-03,SKU-023,2,Quality reject,2026-10-02
FB-04,SKU-014,1,Expired,2026-10-02
FB-05,SKU-004,1,Expired,2026-10-02
FB-05,SKU-005,1,Damaged,2026-10-02
FB-05,SKU-011,1,Quality reject,2026-10-02
FB-05,SKU-013,1,Expired,2026-10-02
FB-05,SKU-014,1,Expired,2026-10-02
FB-05,SKU-016,1,Damaged,2026-10-02
FB-05,SKU-018,1,Expired,2026-10-02
FB-05,SKU-021,1,Expired,2026-10-02
FB-06,SKU-003,1,Expired,2026-10-02
FB-06,SKU-006,1,Expired,2026-10-02
FB-06,SKU-007,1,Damaged,2026-10-02
FB-06,SKU-008,1,Expired,2026-10-02
FB-06,SKU-014,1,Damaged,2026-10-02
FB-06,SKU-018,1,Damaged,2026-10-02
FB-06,SKU-024,1,Damaged,2026-10-02
FB-07,SKU-008,1,Expired,2026-10-02
FB-07,SKU-012,1,Expired,2026-10-02
FB-07,SKU-013,1,Quality reject,2026-10-02
FB-07,SKU-020,1,Expired,2026-10-02
FB-08,SKU-001,1,Expired,2026-10-02
FB-08,SKU-007,1,Expired,2026-10-02
FB-08,SKU-008,2,Expired,2026-10-02
FB-08,SKU-009,1,Expired,2026-10-02
FB-08,SKU-010,2,Expired,2026-10-02
FB-08,SKU-011,2,Expired,2026-10-02
FB-08,SKU-022,1,Damaged,2026-10-02
FB-08,SKU-023,2,Expired,2026-10-02
FB-08,SKU-025,1,Expired,2026-10-02
FB-09,SKU-007,1,Expired,2026-10-02
FB-09,SKU-014,1,Expired,2026-10-02
FB-09,SKU-023,1,Damaged,2026-10-02
FB-10,SKU-005,1,Expired,2026-10-02
FB-10,SKU-009,1,Expired,2026-10-02
FB-10,SKU-015,2,Expired,2026-10-02
FB-10,SKU-017,1,Expired,2026-10-02
FB-10,SKU-019,1,Expired,2026-10-02
FB-11,SKU-002,1,Expired,2026-10-02
FB-11,SKU-005,2,Expired,2026-10-02
FB-11,SKU-022,1,Damaged,2026-10-02
FB-12,SKU-006,1,Damaged,2026-10-02
FB-12,SKU-011,2,Expired,2026-10-02
FB-12,SKU-014,1,Expired,2026-10-02
FB-12,SKU-017,1,Expired,2026-10-02
FB-12,SKU-020,1,Expired,2026-10-02
FB-12,SKU-021,1,Expired,2026-10-02
FB-12,SKU-022,2,Damaged,2026-10-02
FB-13,SKU-001,1,Expired,2026-10-02
FB-13,SKU-003,1,Expired,2026-10-02
FB-13,SKU-004,1,Quality reject,2026-10-02
FB-13,SKU-005,2,Quality reject,2026-10-02
FB-13,SKU-006,1,Damaged,2026-10-02
FB-13,SKU-007,1,Expired,2026-10-02
FB-13,SKU-012,1,Quality reject,2026-10-02
FB-13,SKU-013,1,Damaged,2026-10-02
FB-13,SKU-020,2,Quality reject,2026-10-02
FB-13,SKU-021,1,Damaged,2026-10-02
FB-13,SKU-022,1,Expired,2026-10-02
FB-13,SKU-023,2,Damaged,2026-10-02
FB-13,SKU-024,1,Expired,2026-10-02
FB-13,SKU-025,2,Expired,2026-10-02
FB-14,SKU-003,1,Damaged,2026-10-02
FB-14,SKU-010,1,Quality reject,2026-10-02
FB-14,SKU-011,2,Expired,2026-10-02
FB-14,SKU-013,1,Damaged,2026-10-02
FB-14,SKU-014,1,Expired,2026-10-02
FB-15,SKU-002,1,Expired,2026-10-02
FB-15,SKU-003,3,Expired,2026-10-02
FB-15,SKU-010,1,Quality reject,2026-10-02
FB-15,SKU-013,2,Expired,2026-10-02
FB-15,SKU-023,1,Expired,2026-10-02
FB-15,SKU-024,1,Expired,2026-10-02
FB-16,SKU-007,1,Damaged,2026-10-02
FB-16,SKU-014,1,Expired,2026-10-02
FB-16,SKU-024,1,Damaged,2026-10-02
FB-17,SKU-011,1,Damaged,2026-10-02
FB-17,SKU-014,1,Expired,2026-10-02
FB-17,SKU-016,1,Quality reject,2026-10-02
FB-17,SKU-023,1,Expired,2026-10-02
FB-18,SKU-003,1,Expired,2026-10-02
FB-18,SKU-011,2,Quality reject,2026-10-02
FB-18,SKU-019,1,Expired,2026-10-02
FB-18,SKU-020,1,Damaged,2026-10-02
FB-19,SKU-001,1,Expired,2026-10-02
FB-19,SKU-005,2,Expired,2026-10-02
FB-19,SKU-011,1,Expired,2026-10-02
FB-19,SKU-012,1,Expired,2026-10-02
FB-19,SKU-017,1,Expired,2026-10-02
FB-19,SKU-019,1,Expired,2026-10-02
FB-19,SKU-020,1,Expired,2026-10-02
FB-19,SKU-022,1,Expired,2026-10-02
FB-19,SKU-025,1,Quality reject,2026-10-02
FB-20,SKU-001,1,Quality reject,2026-10-02
FB-20,SKU-004,1,Expired,2026-10-02
FB-20,SKU-005,1,Expired,2026-10-02
FB-20,SKU-017,1,Damaged,2026-10-02
FB-20,SKU-025,1,Damaged,2026-10-02
FB-21,SKU-010,1,Expired,2026-10-02
FB-21,SKU-017,1,Expired,2026-10-02
FB-21,SKU-022,1,Quality reject,2026-10-02
FB-21,SKU-023,2,Expired,2026-10-02
FB-21,SKU-024,1,Damaged,2026-10-02
FB-22,SKU-004,1,Expired,2026-10-02
FB-22,SKU-005,2,Expired,2026-10-02
FB-22,SKU-010,1,Quality reject,2026-10-02
FB-22,SKU-011,1,Quality reject,2026-10-02
FB-22,SKU-013,1,Damaged,2026-10-02
FB-22,SKU-016,1,Quality reject,2026-10-02
FB-22,SKU-022,1,Expired,2026-10-02
FB-23,SKU-004,1,Damaged,2026-10-02
FB-23,SKU-006,1,Expired,2026-10-02
FB-23,SKU-011,1,Expired,2026-10-02
FB-23,SKU-013,1,Expired,2026-10-02
FB-23,SKU-014,1,Damaged,2026-10-02
FB-23,SKU-024,1,Damaged,2026-10-02
FB-23,SKU-025,1,Expired,2026-10-02
FB-24,SKU-009,1,Quality reject,2026-10-02
FB-24,SKU-014,1,Expired,2026-10-02
FB-24,SKU-017,1,Expired,2026-10-02
FB-25,SKU-001,1,Quality reject,2026-10-02
FB-25,SKU-005,2,Expired,2026-10-02
FB-25,SKU-007,1,Quality reject,2026-10-02
FB-25,SKU-014,1,Damaged,2026-10-02
FB-25,SKU-019,1,Expired,2026-10-02
FB-25,SKU-023,1,Quality reject,2026-10-02
FB-25,SKU-024,1,Damaged,2026-10-02
FB-01,SKU-003,1,Expired,2026-10-03
FB-01,SKU-012,1,Expired,2026-10-03
FB-01,SKU-013,1,Expired,2026-10-03
FB-01,SKU-023,1,Expired,2026-10-03
FB-01,SKU-025,1,Expired,2026-10-03
FB-02,SKU-004,1,Expired,2026-10-03
FB-02,SKU-005,2,Expired,2026-10-03
FB-02,SKU-008,1,Expired,2026-10-03
FB-02,SKU-010,1,Damaged,2026-10-03
FB-02,SKU-013,1,Expired,2026-10-03
FB-02,SKU-019,1,Damaged,2026-10-03
FB-02,SKU-023,1,Expired,2026-10-03
FB-03,SKU-003,2,Expired,2026-10-03
FB-03,SKU-005,1,Expired,2026-10-03
FB-03,SKU-007,1,Expired,2026-10-03
FB-03,SKU-014,1,Expired,2026-10-03
FB-03,SKU-017,1,Damaged,2026-10-03
FB-03,SKU-018,1,Expired,2026-10-03
FB-03,SKU-023,1,Damaged,2026-10-03
FB-04,SKU-004,2,Expired,2026-10-03
FB-04,SKU-010,1,Expired,2026-10-03
FB-04,SKU-011,2,Expired,2026-10-03
FB-04,SKU-013,2,Expired,2026-10-03
FB-04,SKU-014,1,Damaged,2026-10-03
FB-04,SKU-018,1,Quality reject,2026-10-03
FB-04,SKU-022,2,Expired,2026-10-03
FB-04,SKU-023,1,Expired,2026-10-03
FB-04,SKU-024,1,Quality reject,2026-10-03
FB-05,SKU-001,1,Expired,2026-10-03
FB-05,SKU-004,1,Expired,2026-10-03
FB-05,SKU-005,1,Expired,2026-10-03
FB-05,SKU-022,1,Expired,2026-10-03
FB-05,SKU-023,1,Expired,2026-10-03
FB-05,SKU-024,2,Expired,2026-10-03
FB-05,SKU-025,1,Expired,2026-10-03
FB-06,SKU-003,1,Quality reject,2026-10-03
FB-06,SKU-004,1,Expired,2026-10-03
FB-06,SKU-011,1,Damaged,2026-10-03
FB-06,SKU-012,1,Damaged,2026-10-03
FB-06,SKU-015,1,Expired,2026-10-03
FB-06,SKU-019,1,Quality reject,2026-10-03
FB-06,SKU-022,2,Quality reject,2026-10-03
FB-06,SKU-023,1,Damaged,2026-10-03
FB-06,SKU-024,1,Expired,2026-10-03
FB-07,SKU-004,2,Quality reject,2026-10-03
FB-07,SKU-013,1,Expired,2026-10-03
FB-07,SKU-019,1,Expired,2026-10-03
FB-07,SKU-025,1,Expired,2026-10-03
FB-08,SKU-003,1,Expired,2026-10-03
FB-08,SKU-004,2,Quality reject,2026-10-03
FB-08,SKU-008,2,Quality reject,2026-10-03
FB-08,SKU-009,1,Expired,2026-10-03
FB-08,SKU-011,4,Expired,2026-10-03
FB-08,SKU-012,4,Expired,2026-10-03
FB-08,SKU-019,2,Expired,2026-10-03
FB-09,SKU-001,1,Expired,2026-10-03
FB-09,SKU-006,1,Expired,2026-10-03
FB-09,SKU-009,1,Expired,2026-10-03
FB-09,SKU-012,1,Expired,2026-10-03
FB-09,SKU-013,1,Damaged,2026-10-03
FB-09,SKU-022,1,Expired,2026-10-03
FB-09,SKU-025,1,Expired,2026-10-03
FB-10,SKU-004,1,Expired,2026-10-03
FB-10,SKU-011,2,Expired,2026-10-03
FB-10,SKU-014,2,Expired,2026-10-03
FB-11,SKU-001,1,Damaged,2026-10-03
FB-11,SKU-003,1,Expired,2026-10-03
FB-11,SKU-013,1,Expired,2026-10-03
FB-11,SKU-014,1,Expired,2026-10-03
FB-11,SKU-015,1,Damaged,2026-10-03
FB-11,SKU-021,1,Damaged,2026-10-03
FB-11,SKU-023,1,Expired,2026-10-03
FB-11,SKU-025,1,Expired,2026-10-03
FB-12,SKU-004,1,Expired,2026-10-03
FB-12,SKU-005,1,Expired,2026-10-03
FB-12,SKU-010,1,Expired,2026-10-03
FB-12,SKU-011,1,Expired,2026-10-03
FB-12,SKU-012,1,Damaged,2026-10-03
FB-12,SKU-014,3,Quality reject,2026-10-03
FB-12,SKU-017,1,Quality reject,2026-10-03
FB-12,SKU-019,1,Expired,2026-10-03
FB-12,SKU-022,1,Quality reject,2026-10-03
FB-12,SKU-025,1,Expired,2026-10-03
FB-13,SKU-005,1,Expired,2026-10-03
FB-13,SKU-011,2,Expired,2026-10-03
FB-13,SKU-017,1,Expired,2026-10-03
FB-13,SKU-022,1,Expired,2026-10-03
FB-13,SKU-023,1,Expired,2026-10-03
FB-14,SKU-005,1,Expired,2026-10-03
FB-14,SKU-006,3,Expired,2026-10-03
FB-14,SKU-011,1,Expired,2026-10-03
FB-14,SKU-013,1,Damaged,2026-10-03
FB-14,SKU-017,1,Expired,2026-10-03
FB-14,SKU-021,1,Quality reject,2026-10-03
FB-15,SKU-005,1,Expired,2026-10-03
FB-15,SKU-006,1,Damaged,2026-10-03
FB-15,SKU-014,1,Quality reject,2026-10-03
FB-16,SKU-001,1,Quality reject,2026-10-03
FB-16,SKU-009,1,Expired,2026-10-03
FB-16,SKU-013,1,Expired,2026-10-03
FB-16,SKU-014,3,Expired,2026-10-03
FB-17,SKU-008,2,Damaged,2026-10-03
FB-17,SKU-011,1,Expired,2026-10-03
FB-17,SKU-013,2,Expired,2026-10-03
FB-17,SKU-024,1,Expired,2026-10-03
FB-18,SKU-003,1,Expired,2026-10-03
FB-18,SKU-005,1,Quality reject,2026-10-03
FB-18,SKU-011,1,Expired,2026-10-03
FB-18,SKU-014,3,Expired,2026-10-03
FB-18,SKU-016,1,Expired,2026-10-03
FB-18,SKU-021,1,Expired,2026-10-03
FB-18,SKU-022,1,Damaged,2026-10-03
FB-18,SKU-023,1,Quality reject,2026-10-03
FB-19,SKU-003,2,Damaged,2026-10-03
FB-19,SKU-005,1,Expired,2026-10-03
FB-19,SKU-007,1,Expired,2026-10-03
FB-19,SKU-011,1,Expired,2026-10-03
FB-19,SKU-019,2,Expired,2026-10-03
FB-19,SKU-021,1,Expired,2026-10-03
FB-19,SKU-022,2,Expired,2026-10-03
FB-19,SKU-023,3,Expired,2026-10-03
FB-19,SKU-025,1,Expired,2026-10-03
FB-20,SKU-014,1,Expired,2026-10-03
FB-20,SKU-019,1,Quality reject,2026-10-03
FB-20,SKU-023,1,Expired,2026-10-03
FB-21,SKU-003,2,Damaged,2026-10-03
FB-21,SKU-004,1,Quality reject,2026-10-03
FB-21,SKU-013,1,Expired,2026-10-03
FB-21,SKU-019,1,Expired,2026-10-03
FB-21,SKU-021,1,Expired,2026-10-03
FB-21,SKU-022,1,Damaged,2026-10-03
FB-21,SKU-023,2,Expired,2026-10-03
FB-21,SKU-024,2,Expired,2026-10-03
FB-21,SKU-025,1,Expired,2026-10-03
FB-22,SKU-004,1,Expired,2026-10-03
FB-22,SKU-005,1,Expired,2026-10-03
FB-22,SKU-006,1,Expired,2026-10-03
FB-22,SKU-014,2,Expired,2026-10-03
FB-22,SKU-021,1,Damaged,2026-10-03
FB-22,SKU-022,3,Quality reject,2026-10-03
FB-22,SKU-024,1,Damaged,2026-10-03
FB-23,SKU-001,1,Expired,2026-10-03
FB-23,SKU-004,1,Damaged,2026-10-03
FB-23,SKU-005,2,Damaged,2026-10-03
FB-23,SKU-011,1,Damaged,2026-10-03
FB-23,SKU-013,1,Quality reject,2026-10-03
FB-23,SKU-017,1,Damaged,2026-10-03
FB-23,SKU-023,2,Expired,2026-10-03
FB-24,SKU-005,1,Expired,2026-10-03
FB-24,SKU-016,1,Quality reject,2026-10-03
FB-24,SKU-018,1,Expired,2026-10-03
FB-24,SKU-019,1,Damaged,2026-10-03
FB-24,SKU-022,1,Expired,2026-10-03
FB-25,SKU-005,2,Damaged,2026-10-03
FB-25,SKU-009,1,Expired,2026-10-03
FB-25,SKU-013,1,Expired,2026-10-03
FB-25,SKU-014,1,Expired,2026-10-03
FB-25,SKU-018,1,Expired,2026-10-03
FB-25,SKU-020,1,Damaged,2026-10-03
FB-25,SKU-025,2,Expired,2026-10-03
FB-01,SKU-009,1,Expired,2026-10-04
FB-01,SKU-022,1,Expired,2026-10-04
FB-01,SKU-023,1,Damaged,2026-10-04
FB-02,SKU-004,1,Expired,2026-10-04
FB-02,SKU-010,1,Damaged,2026-10-04
FB-02,SKU-012,1,Quality reject,2026-10-04
FB-02,SKU-017,1,Damaged,2026-10-04
FB-02,SKU-022,1,Expired,2026-10-04
FB-02,SKU-023,1,Expired,2026-10-04
FB-03,SKU-004,2,Damaged,2026-10-04
FB-03,SKU-014,1,Expired,2026-10-04
FB-03,SKU-017,1,Expired,2026-10-04
FB-03,SKU-019,1,Expired,2026-10-04
FB-04,SKU-001,1,Expired,2026-10-04
FB-04,SKU-011,2,Expired,2026-10-04
FB-04,SKU-012,1,Expired,2026-10-04
FB-04,SKU-014,1,Expired,2026-10-04
FB-04,SKU-019,1,Expired,2026-10-04
FB-04,SKU-023,1,Quality reject,2026-10-04
FB-04,SKU-025,2,Damaged,2026-10-04
FB-05,SKU-003,2,Damaged,2026-10-04
FB-05,SKU-011,1,Damaged,2026-10-04
FB-05,SKU-016,1,Quality reject,2026-10-04
FB-05,SKU-019,1,Damaged,2026-10-04
FB-05,SKU-022,1,Damaged,2026-10-04
FB-06,SKU-003,1,Expired,2026-10-04
FB-06,SKU-004,1,Expired,2026-10-04
FB-06,SKU-011,1,Damaged,2026-10-04
FB-06,SKU-019,1,Damaged,2026-10-04
FB-06,SKU-022,2,Expired,2026-10-04
FB-06,SKU-023,1,Expired,2026-10-04
FB-07,SKU-003,1,Quality reject,2026-10-04
FB-07,SKU-011,1,Expired,2026-10-04
FB-07,SKU-013,1,Expired,2026-10-04
FB-07,SKU-017,1,Quality reject,2026-10-04
FB-07,SKU-024,1,Expired,2026-10-04
FB-08,SKU-009,1,Damaged,2026-10-04
FB-08,SKU-010,1,Expired,2026-10-04
FB-08,SKU-011,3,Expired,2026-10-04
FB-08,SKU-012,2,Expired,2026-10-04
FB-08,SKU-013,1,Expired,2026-10-04
FB-08,SKU-014,1,Expired,2026-10-04
FB-08,SKU-017,1,Expired,2026-10-04
FB-08,SKU-024,1,Expired,2026-10-04
FB-08,SKU-025,1,Expired,2026-10-04
FB-09,SKU-003,1,Expired,2026-10-04
FB-09,SKU-005,1,Expired,2026-10-04
FB-09,SKU-011,1,Quality reject,2026-10-04
FB-10,SKU-003,1,Expired,2026-10-04
FB-10,SKU-006,2,Expired,2026-10-04
FB-10,SKU-007,1,Damaged,2026-10-04
FB-10,SKU-019,1,Expired,2026-10-04
FB-10,SKU-020,2,Expired,2026-10-04
FB-10,SKU-023,2,Damaged,2026-10-04
FB-11,SKU-005,1,Expired,2026-10-04
FB-11,SKU-014,1,Quality reject,2026-10-04
FB-11,SKU-022,1,Expired,2026-10-04
FB-11,SKU-023,2,Expired,2026-10-04
FB-11,SKU-025,1,Expired,2026-10-04
FB-12,SKU-001,1,Expired,2026-10-04
FB-12,SKU-003,1,Expired,2026-10-04
FB-12,SKU-005,1,Expired,2026-10-04
FB-12,SKU-009,1,Quality reject,2026-10-04
FB-12,SKU-023,2,Expired,2026-10-04
FB-12,SKU-025,1,Expired,2026-10-04
FB-13,SKU-005,1,Quality reject,2026-10-04
FB-13,SKU-010,1,Expired,2026-10-04
FB-13,SKU-012,1,Expired,2026-10-04
FB-13,SKU-022,4,Expired,2026-10-04
FB-13,SKU-023,1,Expired,2026-10-04
FB-13,SKU-024,1,Damaged,2026-10-04
FB-14,SKU-005,2,Quality reject,2026-10-04
FB-14,SKU-015,1,Expired,2026-10-04
FB-14,SKU-018,1,Expired,2026-10-04
FB-14,SKU-022,1,Quality reject,2026-10-04
FB-15,SKU-023,1,Expired,2026-10-04
FB-16,SKU-004,1,Quality reject,2026-10-04
FB-16,SKU-005,2,Expired,2026-10-04
FB-16,SKU-011,1,Expired,2026-10-04
FB-16,SKU-022,1,Expired,2026-10-04
FB-16,SKU-023,1,Damaged,2026-10-04
FB-16,SKU-024,1,Quality reject,2026-10-04
FB-16,SKU-025,1,Expired,2026-10-04
FB-17,SKU-011,1,Damaged,2026-10-04
FB-17,SKU-013,1,Damaged,2026-10-04
FB-17,SKU-023,2,Quality reject,2026-10-04
FB-18,SKU-004,1,Quality reject,2026-10-04
FB-18,SKU-007,1,Expired,2026-10-04
FB-18,SKU-011,1,Damaged,2026-10-04
FB-18,SKU-014,1,Expired,2026-10-04
FB-18,SKU-020,1,Damaged,2026-10-04
FB-18,SKU-022,1,Quality reject,2026-10-04
FB-19,SKU-007,1,Damaged,2026-10-04
FB-19,SKU-009,1,Damaged,2026-10-04
FB-19,SKU-013,1,Quality reject,2026-10-04
FB-19,SKU-014,2,Expired,2026-10-04
FB-19,SKU-023,2,Expired,2026-10-04
FB-20,SKU-004,1,Expired,2026-10-04
FB-20,SKU-005,1,Damaged,2026-10-04
FB-20,SKU-011,1,Damaged,2026-10-04
FB-20,SKU-014,2,Expired,2026-10-04
FB-20,SKU-018,1,Expired,2026-10-04
FB-20,SKU-020,1,Expired,2026-10-04
FB-20,SKU-021,1,Expired,2026-10-04
FB-21,SKU-010,1,Expired,2026-10-04
FB-21,SKU-014,1,Damaged,2026-10-04
FB-21,SKU-017,1,Damaged,2026-10-04
FB-21,SKU-023,2,Expired,2026-10-04
FB-22,SKU-004,1,Damaged,2026-10-04
FB-22,SKU-005,3,Quality reject,2026-10-04
FB-22,SKU-008,1,Expired,2026-10-04
FB-22,SKU-009,1,Expired,2026-10-04
FB-22,SKU-011,1,Expired,2026-10-04
FB-22,SKU-013,1,Expired,2026-10-04
FB-22,SKU-015,1,Expired,2026-10-04
FB-22,SKU-017,1,Expired,2026-10-04
FB-22,SKU-020,1,Quality reject,2026-10-04
FB-22,SKU-021,2,Expired,2026-10-04
FB-23,SKU-004,2,Expired,2026-10-04
FB-23,SKU-005,1,Damaged,2026-10-04
FB-23,SKU-007,1,Quality reject,2026-10-04
FB-23,SKU-010,1,Quality reject,2026-10-04
FB-23,SKU-017,1,Expired,2026-10-04
FB-23,SKU-021,1,Quality reject,2026-10-04
FB-23,SKU-025,1,Expired,2026-10-04
FB-24,SKU-008,1,Expired,2026-10-04
FB-24,SKU-021,1,Expired,2026-10-04
FB-24,SKU-025,1,Expired,2026-10-04
FB-25,SKU-006,2,Damaged,2026-10-04
FB-25,SKU-011,1,Damaged,2026-10-04
FB-25,SKU-014,2,Expired,2026-10-04
FB-25,SKU-023,1,Quality reject,2026-10-04
FB-01,SKU-008,1,Expired,2026-10-05
FB-01,SKU-011,1,Expired,2026-10-05
FB-01,SKU-013,1,Quality reject,2026-10-05
FB-01,SKU-017,1,Expired,2026-10-05
FB-02,SKU-005,2,Expired,2026-10-05
FB-02,SKU-006,1,Expired,2026-10-05
FB-02,SKU-011,3,Expired,2026-10-05
FB-02,SKU-014,2,Damaged,2026-10-05
FB-02,SKU-019,2,Damaged,2026-10-05
FB-03,SKU-006,1,Quality reject,2026-10-05
FB-03,SKU-014,2,Expired,2026-10-05
FB-03,SKU-023,1,Damaged,2026-10-05
FB-03,SKU-025,2,Damaged,2026-10-05
FB-04,SKU-001,1,Quality reject,2026-10-05
FB-04,SKU-003,1,Expired,2026-10-05
FB-04,SKU-004,1,Expired,2026-10-05
FB-04,SKU-007,1,Expired,2026-10-05
FB-04,SKU-013,1,Expired,2026-10-05
FB-04,SKU-022,1,Damaged,2026-10-05
FB-04,SKU-025,1,Quality reject,2026-10-05
FB-05,SKU-003,1,Damaged,2026-10-05
FB-05,SKU-005,1,Expired,2026-10-05
FB-05,SKU-020,1,Expired,2026-10-05
FB-05,SKU-022,2,Expired,2026-10-05
FB-05,SKU-025,2,Quality reject,2026-10-05
FB-06,SKU-003,1,Quality reject,2026-10-05
FB-06,SKU-004,1,Expired,2026-10-05
FB-06,SKU-008,1,Expired,2026-10-05
FB-06,SKU-017,2,Quality reject,2026-10-05
FB-06,SKU-019,1,Expired,2026-10-05
FB-06,SKU-020,1,Expired,2026-10-05
FB-06,SKU-023,2,Expired,2026-10-05
FB-07,SKU-010,1,Quality reject,2026-10-05
FB-07,SKU-013,3,Quality reject,2026-10-05
FB-07,SKU-014,1,Quality reject,2026-10-05
FB-07,SKU-019,1,Expired,2026-10-05
FB-07,SKU-023,2,Damaged,2026-10-05
FB-07,SKU-024,1,Expired,2026-10-05
FB-08,SKU-003,1,Expired,2026-10-05
FB-08,SKU-006,1,Expired,2026-10-05
FB-08,SKU-007,1,Expired,2026-10-05
FB-08,SKU-009,4,Damaged,2026-10-05
FB-08,SKU-011,1,Damaged,2026-10-05
FB-08,SKU-012,2,Expired,2026-10-05
FB-08,SKU-014,1,Expired,2026-10-05
FB-08,SKU-020,1,Quality reject,2026-10-05
FB-08,SKU-022,1,Damaged,2026-10-05
FB-08,SKU-023,1,Damaged,2026-10-05
FB-09,SKU-001,1,Expired,2026-10-05
FB-09,SKU-003,1,Damaged,2026-10-05
FB-09,SKU-005,1,Quality reject,2026-10-05
FB-09,SKU-011,1,Expired,2026-10-05
FB-09,SKU-014,1,Damaged,2026-10-05
FB-09,SKU-025,2,Expired,2026-10-05
FB-10,SKU-011,2,Expired,2026-10-05
FB-10,SKU-019,2,Expired,2026-10-05
FB-10,SKU-020,1,Expired,2026-10-05
FB-10,SKU-021,1,Expired,2026-10-05
FB-10,SKU-022,1,Expired,2026-10-05
FB-10,SKU-023,1,Damaged,2026-10-05
FB-11,SKU-014,2,Expired,2026-10-05
FB-11,SKU-022,2,Expired,2026-10-05
FB-12,SKU-002,1,Quality reject,2026-10-05
FB-12,SKU-003,2,Expired,2026-10-05
FB-12,SKU-004,2,Damaged,2026-10-05
FB-12,SKU-005,1,Damaged,2026-10-05
FB-12,SKU-007,1,Expired,2026-10-05
FB-12,SKU-009,1,Quality reject,2026-10-05
FB-12,SKU-011,1,Expired,2026-10-05
FB-12,SKU-017,1,Expired,2026-10-05
FB-12,SKU-019,1,Quality reject,2026-10-05
FB-12,SKU-022,1,Expired,2026-10-05
FB-12,SKU-023,2,Expired,2026-10-05
FB-12,SKU-024,1,Expired,2026-10-05
FB-12,SKU-025,1,Expired,2026-10-05
FB-13,SKU-003,2,Expired,2026-10-05
FB-13,SKU-004,2,Quality reject,2026-10-05
FB-13,SKU-005,3,Quality reject,2026-10-05
FB-13,SKU-010,1,Expired,2026-10-05
FB-13,SKU-011,2,Expired,2026-10-05
FB-13,SKU-014,2,Expired,2026-10-05
FB-13,SKU-017,1,Quality reject,2026-10-05
FB-13,SKU-018,1,Expired,2026-10-05
FB-13,SKU-020,1,Expired,2026-10-05
FB-13,SKU-023,1,Damaged,2026-10-05
FB-14,SKU-001,1,Expired,2026-10-05
FB-14,SKU-003,1,Expired,2026-10-05
FB-14,SKU-004,1,Damaged,2026-10-05
FB-14,SKU-005,1,Damaged,2026-10-05
FB-14,SKU-014,2,Expired,2026-10-05
FB-15,SKU-003,1,Damaged,2026-10-05
FB-15,SKU-005,1,Expired,2026-10-05
FB-15,SKU-011,1,Expired,2026-10-05
FB-15,SKU-022,1,Damaged,2026-10-05
FB-15,SKU-023,2,Damaged,2026-10-05
FB-15,SKU-025,1,Quality reject,2026-10-05
FB-16,SKU-003,1,Quality reject,2026-10-05
FB-16,SKU-004,1,Damaged,2026-10-05
FB-16,SKU-009,1,Quality reject,2026-10-05
FB-16,SKU-010,1,Quality reject,2026-10-05
FB-16,SKU-011,2,Quality reject,2026-10-05
FB-16,SKU-013,1,Damaged,2026-10-05
FB-16,SKU-014,1,Expired,2026-10-05
FB-16,SKU-023,1,Expired,2026-10-05
FB-16,SKU-025,1,Expired,2026-10-05
FB-17,SKU-003,1,Expired,2026-10-05
FB-17,SKU-006,1,Expired,2026-10-05
FB-17,SKU-011,1,Expired,2026-10-05
FB-17,SKU-012,1,Expired,2026-10-05
FB-17,SKU-013,1,Expired,2026-10-05
FB-17,SKU-014,1,Damaged,2026-10-05
FB-17,SKU-017,1,Damaged,2026-10-05
FB-17,SKU-022,1,Quality reject,2026-10-05
FB-18,SKU-003,1,Damaged,2026-10-05
FB-18,SKU-015,1,Damaged,2026-10-05
FB-18,SKU-017,1,Expired,2026-10-05
FB-18,SKU-020,1,Expired,2026-10-05
FB-18,SKU-022,1,Expired,2026-10-05
FB-18,SKU-023,1,Expired,2026-10-05
FB-18,SKU-024,1,Damaged,2026-10-05
FB-18,SKU-025,1,Expired,2026-10-05
FB-19,SKU-002,1,Quality reject,2026-10-05
FB-19,SKU-010,1,Damaged,2026-10-05
FB-19,SKU-011,1,Damaged,2026-10-05
FB-19,SKU-013,1,Damaged,2026-10-05
FB-19,SKU-014,2,Expired,2026-10-05
FB-19,SKU-019,1,Expired,2026-10-05
FB-19,SKU-022,2,Quality reject,2026-10-05
FB-19,SKU-023,5,Expired,2026-10-05
FB-19,SKU-025,1,Expired,2026-10-05
FB-20,SKU-001,1,Expired,2026-10-05
FB-20,SKU-003,3,Quality reject,2026-10-05
FB-20,SKU-004,2,Damaged,2026-10-05
FB-20,SKU-011,1,Expired,2026-10-05
FB-20,SKU-013,1,Damaged,2026-10-05
FB-20,SKU-020,1,Expired,2026-10-05
FB-20,SKU-021,1,Expired,2026-10-05
FB-20,SKU-023,2,Damaged,2026-10-05
FB-21,SKU-006,1,Damaged,2026-10-05
FB-21,SKU-012,1,Expired,2026-10-05
FB-21,SKU-013,2,Expired,2026-10-05
FB-21,SKU-014,1,Quality reject,2026-10-05
FB-21,SKU-021,1,Expired,2026-10-05
FB-21,SKU-022,1,Expired,2026-10-05
FB-21,SKU-025,1,Quality reject,2026-10-05
FB-22,SKU-001,1,Expired,2026-10-05
FB-22,SKU-002,1,Expired,2026-10-05
FB-22,SKU-003,1,Expired,2026-10-05
FB-22,SKU-005,1,Quality reject,2026-10-05
FB-22,SKU-006,2,Quality reject,2026-10-05
FB-22,SKU-014,1,Expired,2026-10-05
FB-22,SKU-016,1,Expired,2026-10-05
FB-22,SKU-019,1,Quality reject,2026-10-05
FB-22,SKU-022,1,Quality reject,2026-10-05
FB-22,SKU-023,2,Expired,2026-10-05
FB-22,SKU-025,1,Damaged,2026-10-05
FB-23,SKU-011,1,Damaged,2026-10-05
FB-23,SKU-013,2,Expired,2026-10-05
FB-23,SKU-014,1,Expired,2026-10-05
FB-23,SKU-017,3,Expired,2026-10-05
FB-23,SKU-018,1,Quality reject,2026-10-05
FB-23,SKU-024,1,Quality reject,2026-10-05
FB-24,SKU-015,1,Damaged,2026-10-05
FB-24,SKU-017,1,Expired,2026-10-05
FB-24,SKU-023,1,Expired,2026-10-05
FB-25,SKU-003,1,Damaged,2026-10-05
FB-25,SKU-005,1,Expired,2026-10-05
FB-25,SKU-010,1,Expired,2026-10-05
FB-25,SKU-023,1,Expired,2026-10-05
FB-01,SKU-006,1,Expired,2026-10-06
FB-01,SKU-007,1,Expired,2026-10-06
FB-01,SKU-008,1,Expired,2026-10-06
FB-01,SKU-013,1,Expired,2026-10-06
FB-01,SKU-014,2,Quality reject,2026-10-06
FB-01,SKU-022,1,Quality reject,2026-10-06
FB-02,SKU-003,2,Expired,2026-10-06
FB-02,SKU-005,1,Expired,2026-10-06
FB-02,SKU-006,2,Quality reject,2026-10-06
FB-02,SKU-014,2,Quality reject,2026-10-06
FB-02,SKU-022,2,Expired,2026-10-06
FB-03,SKU-006,1,Expired,2026-10-06
FB-03,SKU-009,1,Damaged,2026-10-06
FB-03,SKU-010,1,Expired,2026-10-06
FB-03,SKU-012,1,Quality reject,2026-10-06
FB-03,SKU-016,1,Damaged,2026-10-06
FB-03,SKU-023,1,Expired,2026-10-06
FB-03,SKU-025,1,Expired,2026-10-06
FB-04,SKU-005,1,Expired,2026-10-06
FB-04,SKU-011,1,Expired,2026-10-06
FB-04,SKU-012,1,Quality reject,2026-10-06
FB-04,SKU-014,1,Quality reject,2026-10-06
FB-04,SKU-015,1,Damaged,2026-10-06
FB-04,SKU-022,1,Damaged,2026-10-06
FB-04,SKU-025,2,Expired,2026-10-06
FB-05,SKU-001,1,Expired,2026-10-06
FB-05,SKU-008,2,Expired,2026-10-06
FB-05,SKU-013,1,Damaged,2026-10-06
FB-05,SKU-014,1,Damaged,2026-10-06
FB-05,SKU-017,1,Quality reject,2026-10-06
FB-06,SKU-011,4,Expired,2026-10-06
FB-06,SKU-013,1,Expired,2026-10-06
FB-06,SKU-015,1,Expired,2026-10-06
FB-06,SKU-019,1,Expired,2026-10-06
FB-06,SKU-020,1,Damaged,2026-10-06
FB-06,SKU-021,1,Damaged,2026-10-06
FB-07,SKU-001,1,Expired,2026-10-06
FB-07,SKU-011,3,Expired,2026-10-06
FB-07,SKU-012,1,Expired,2026-10-06
FB-07,SKU-014,1,Expired,2026-10-06
FB-07,SKU-017,1,Expired,2026-10-06
FB-07,SKU-022,1,Damaged,2026-10-06
FB-07,SKU-024,1,Expired,2026-10-06
FB-07,SKU-025,1,Damaged,2026-10-06
FB-08,SKU-003,2,Damaged,2026-10-06
FB-08,SKU-004,1,Expired,2026-10-06
FB-08,SKU-005,1,Expired,2026-10-06
FB-08,SKU-007,3,Expired,2026-10-06
FB-08,SKU-008,1,Expired,2026-10-06
FB-08,SKU-010,1,Damaged,2026-10-06
FB-08,SKU-011,1,Expired,2026-10-06
FB-08,SKU-012,2,Damaged,2026-10-06
FB-08,SKU-019,2,Expired,2026-10-06
FB-08,SKU-025,1,Damaged,2026-10-06
FB-09,SKU-009,1,Expired,2026-10-06
FB-09,SKU-023,2,Expired,2026-10-06
FB-10,SKU-004,1,Expired,2026-10-06
FB-10,SKU-011,1,Expired,2026-10-06
FB-10,SKU-012,1,Expired,2026-10-06
FB-10,SKU-014,1,Damaged,2026-10-06
FB-10,SKU-022,1,Expired,2026-10-06
FB-10,SKU-024,1,Expired,2026-10-06
FB-11,SKU-011,2,Quality reject,2026-10-06
FB-11,SKU-017,2,Quality reject,2026-10-06
FB-11,SKU-023,1,Expired,2026-10-06
FB-11,SKU-025,1,Damaged,2026-10-06
FB-12,SKU-003,2,Expired,2026-10-06
FB-12,SKU-004,1,Expired,2026-10-06
FB-12,SKU-010,1,Expired,2026-10-06
FB-12,SKU-014,1,Expired,2026-10-06
FB-12,SKU-019,1,Expired,2026-10-06
FB-12,SKU-022,1,Damaged,2026-10-06
FB-12,SKU-024,1,Damaged,2026-10-06
FB-13,SKU-001,1,Expired,2026-10-06
FB-13,SKU-003,1,Damaged,2026-10-06
FB-13,SKU-005,3,Expired,2026-10-06
FB-13,SKU-006,1,Damaged,2026-10-06
FB-13,SKU-007,1,Expired,2026-10-06
FB-13,SKU-017,1,Expired,2026-10-06
FB-13,SKU-020,1,Quality reject,2026-10-06
FB-13,SKU-023,1,Damaged,2026-10-06
FB-13,SKU-024,1,Expired,2026-10-06
FB-13,SKU-025,1,Damaged,2026-10-06
FB-14,SKU-002,1,Damaged,2026-10-06
FB-14,SKU-005,2,Expired,2026-10-06
FB-14,SKU-010,1,Quality reject,2026-10-06
FB-14,SKU-023,1,Expired,2026-10-06
FB-14,SKU-025,2,Quality reject,2026-10-06
FB-15,SKU-001,1,Expired,2026-10-06
FB-15,SKU-014,1,Expired,2026-10-06
FB-15,SKU-023,1,Expired,2026-10-06
FB-15,SKU-024,1,Expired,2026-10-06
FB-16,SKU-001,1,Quality reject,2026-10-06
FB-16,SKU-003,2,Expired,2026-10-06
FB-16,SKU-004,2,Quality reject,2026-10-06
FB-16,SKU-010,1,Expired,2026-10-06
FB-16,SKU-011,2,Quality reject,2026-10-06
FB-16,SKU-012,1,Damaged,2026-10-06
FB-16,SKU-014,2,Quality reject,2026-10-06
FB-16,SKU-020,1,Expired,2026-10-06
FB-17,SKU-007,1,Quality reject,2026-10-06
FB-17,SKU-014,1,Expired,2026-10-06
FB-17,SKU-022,1,Expired,2026-10-06
FB-17,SKU-023,2,Expired,2026-10-06
FB-18,SKU-003,1,Expired,2026-10-06
FB-18,SKU-005,2,Expired,2026-10-06
FB-18,SKU-023,1,Damaged,2026-10-06
FB-19,SKU-009,1,Quality reject,2026-10-06
FB-19,SKU-011,2,Quality reject,2026-10-06
FB-19,SKU-013,1,Expired,2026-10-06
FB-19,SKU-017,1,Expired,2026-10-06
FB-19,SKU-019,1,Expired,2026-10-06
FB-19,SKU-020,1,Expired,2026-10-06
FB-19,SKU-021,1,Expired,2026-10-06
FB-19,SKU-022,1,Expired,2026-10-06
FB-20,SKU-003,1,Expired,2026-10-06
FB-20,SKU-008,1,Expired,2026-10-06
FB-20,SKU-013,1,Quality reject,2026-10-06
FB-20,SKU-017,1,Quality reject,2026-10-06
FB-20,SKU-019,1,Expired,2026-10-06
FB-20,SKU-020,2,Expired,2026-10-06
FB-20,SKU-023,2,Expired,2026-10-06
FB-21,SKU-004,1,Quality reject,2026-10-06
FB-21,SKU-007,1,Expired,2026-10-06
FB-21,SKU-013,1,Quality reject,2026-10-06
FB-21,SKU-025,1,Expired,2026-10-06
FB-22,SKU-003,4,Quality reject,2026-10-06
FB-22,SKU-004,1,Expired,2026-10-06
FB-22,SKU-010,1,Damaged,2026-10-06
FB-22,SKU-011,1,Expired,2026-10-06
FB-22,SKU-013,1,Expired,2026-10-06
FB-22,SKU-014,1,Expired,2026-10-06
FB-22,SKU-017,1,Expired,2026-10-06
FB-22,SKU-019,1,Damaged,2026-10-06
FB-22,SKU-020,2,Damaged,2026-10-06
FB-22,SKU-023,1,Damaged,2026-10-06
FB-22,SKU-025,1,Expired,2026-10-06
FB-23,SKU-003,1,Expired,2026-10-06
FB-23,SKU-009,2,Expired,2026-10-06
FB-23,SKU-011,2,Damaged,2026-10-06
FB-23,SKU-014,1,Damaged,2026-10-06
FB-23,SKU-018,1,Expired,2026-10-06
FB-24,SKU-005,1,Quality reject,2026-10-06
FB-24,SKU-007,1,Quality reject,2026-10-06
FB-24,SKU-008,1,Expired,2026-10-06
FB-24,SKU-011,1,Expired,2026-10-06
FB-24,SKU-022,1,Quality reject,2026-10-06
FB-25,SKU-003,1,Expired,2026-10-06
FB-25,SKU-006,1,Expired,2026-10-06
FB-25,SKU-010,1,Expired,2026-10-06
FB-25,SKU-013,1,Expired,2026-10-06
FB-25,SKU-014,1,Expired,2026-10-06
FB-25,SKU-017,1,Expired,2026-10-06
FB-25,SKU-019,1,Quality reject,2026-10-06
FB-25,SKU-021,1,Expired,2026-10-06
FB-25,SKU-022,1,Damaged,2026-10-06
FB-01,SKU-004,2,Quality reject,2026-10-07
FB-01,SKU-005,1,Expired,2026-10-07
FB-01,SKU-010,1,Expired,2026-10-07
FB-01,SKU-018,1,Expired,2026-10-07
FB-02,SKU-014,4,Expired,2026-10-07
FB-02,SKU-020,1,Expired,2026-10-07
FB-02,SKU-022,1,Quality reject,2026-10-07
FB-03,SKU-004,1,Damaged,2026-10-07
FB-03,SKU-010,1,Damaged,2026-10-07
FB-03,SKU-011,2,Expired,2026-10-07
FB-03,SKU-013,1,Quality reject,2026-10-07
FB-03,SKU-022,2,Quality reject,2026-10-07
FB-03,SKU-024,1,Expired,2026-10-07
FB-04,SKU-005,1,Expired,2026-10-07
FB-04,SKU-013,1,Quality reject,2026-10-07
FB-04,SKU-014,1,Expired,2026-10-07
FB-04,SKU-016,1,Expired,2026-10-07
FB-04,SKU-022,1,Damaged,2026-10-07
FB-04,SKU-023,1,Expired,2026-10-07
FB-04,SKU-024,1,Expired,2026-10-07
FB-04,SKU-025,1,Expired,2026-10-07
FB-05,SKU-003,1,Expired,2026-10-07
FB-05,SKU-011,1,Expired,2026-10-07
FB-05,SKU-014,1,Expired,2026-10-07
FB-05,SKU-019,1,Damaged,2026-10-07
FB-05,SKU-021,1,Quality reject,2026-10-07
FB-05,SKU-024,1,Damaged,2026-10-07
FB-06,SKU-005,1,Damaged,2026-10-07
FB-06,SKU-010,2,Expired,2026-10-07
FB-06,SKU-011,1,Damaged,2026-10-07
FB-06,SKU-013,3,Quality reject,2026-10-07
FB-06,SKU-017,1,Damaged,2026-10-07
FB-06,SKU-019,1,Quality reject,2026-10-07
FB-06,SKU-020,1,Damaged,2026-10-07
FB-07,SKU-010,1,Expired,2026-10-07
FB-07,SKU-019,1,Expired,2026-10-07
FB-07,SKU-023,2,Damaged,2026-10-07
FB-07,SKU-025,1,Damaged,2026-10-07
FB-08,SKU-003,2,Damaged,2026-10-07
FB-08,SKU-007,4,Quality reject,2026-10-07
FB-08,SKU-009,1,Quality reject,2026-10-07
FB-08,SKU-011,6,Expired,2026-10-07
FB-08,SKU-012,4,Expired,2026-10-07
FB-08,SKU-013,1,Expired,2026-10-07
FB-08,SKU-014,2,Expired,2026-10-07
FB-08,SKU-017,1,Expired,2026-10-07
FB-08,SKU-019,1,Expired,2026-10-07
FB-08,SKU-024,1,Quality reject,2026-10-07
FB-09,SKU-002,1,Damaged,2026-10-07
FB-09,SKU-005,1,Quality reject,2026-10-07
FB-09,SKU-006,2,Damaged,2026-10-07
FB-09,SKU-011,1,Expired,2026-10-07
FB-10,SKU-003,1,Damaged,2026-10-07
FB-10,SKU-005,2,Expired,2026-10-07
FB-10,SKU-011,1,Expired,2026-10-07
FB-10,SKU-014,1,Expired,2026-10-07
FB-10,SKU-017,2,Expired,2026-10-07
FB-10,SKU-018,1,Expired,2026-10-07
FB-10,SKU-022,2,Quality reject,2026-10-07
FB-10,SKU-023,1,Expired,2026-10-07
FB-10,SKU-024,1,Expired,2026-10-07
FB-11,SKU-013,1,Expired,2026-10-07
FB-12,SKU-003,1,Expired,2026-10-07
FB-12,SKU-004,1,Quality reject,2026-10-07
FB-12,SKU-013,1,Expired,2026-10-07
FB-12,SKU-017,1,Expired,2026-10-07
FB-12,SKU-020,1,Quality reject,2026-10-07
FB-12,SKU-023,3,Expired,2026-10-07
FB-12,SKU-025,2,Quality reject,2026-10-07
FB-13,SKU-003,1,Damaged,2026-10-07
FB-13,SKU-010,1,Expired,2026-10-07
FB-13,SKU-011,1,Quality reject,2026-10-07
FB-13,SKU-012,1,Damaged,2026-10-07
FB-13,SKU-013,1,Quality reject,2026-10-07
FB-13,SKU-019,2,Expired,2026-10-07
FB-13,SKU-024,1,Expired,2026-10-07
FB-14,SKU-005,1,Expired,2026-10-07
FB-14,SKU-006,1,Expired,2026-10-07
FB-14,SKU-013,1,Expired,2026-10-07
FB-14,SKU-019,1,Damaged,2026-10-07
FB-14,SKU-025,1,Damaged,2026-10-07
FB-15,SKU-011,1,Expired,2026-10-07
FB-15,SKU-017,1,Expired,2026-10-07
FB-15,SKU-023,2,Quality reject,2026-10-07
FB-16,SKU-004,1,Expired,2026-10-07
FB-16,SKU-005,1,Damaged,2026-10-07
FB-16,SKU-009,1,Expired,2026-10-07
FB-16,SKU-011,1,Expired,2026-10-07
FB-16,SKU-021,1,Expired,2026-10-07
FB-16,SKU-022,1,Expired,2026-10-07
FB-17,SKU-001,1,Quality reject,2026-10-07
FB-17,SKU-006,1,Expired,2026-10-07
FB-17,SKU-010,1,Quality reject,2026-10-07
FB-17,SKU-017,1,Expired,2026-10-07
FB-17,SKU-019,1,Expired,2026-10-07
FB-17,SKU-021,1,Expired,2026-10-07
FB-17,SKU-023,1,Quality reject,2026-10-07
FB-18,SKU-004,1,Expired,2026-10-07
FB-18,SKU-006,2,Damaged,2026-10-07
FB-18,SKU-009,1,Expired,2026-10-07
FB-18,SKU-010,1,Damaged,2026-10-07
FB-18,SKU-012,1,Expired,2026-10-07
FB-18,SKU-013,1,Expired,2026-10-07
FB-18,SKU-023,1,Damaged,2026-10-07
FB-18,SKU-024,1,Quality reject,2026-10-07
FB-19,SKU-003,1,Expired,2026-10-07
FB-19,SKU-004,1,Damaged,2026-10-07
FB-19,SKU-011,3,Damaged,2026-10-07
FB-19,SKU-013,1,Expired,2026-10-07
FB-19,SKU-021,1,Expired,2026-10-07
FB-19,SKU-023,1,Quality reject,2026-10-07
FB-20,SKU-004,1,Expired,2026-10-07
FB-20,SKU-012,1,Expired,2026-10-07
FB-20,SKU-013,1,Damaged,2026-10-07
FB-20,SKU-023,2,Damaged,2026-10-07
FB-21,SKU-003,1,Damaged,2026-10-07
FB-21,SKU-005,1,Expired,2026-10-07
FB-21,SKU-008,1,Quality reject,2026-10-07
FB-21,SKU-013,2,Damaged,2026-10-07
FB-21,SKU-016,1,Quality reject,2026-10-07
FB-21,SKU-017,1,Damaged,2026-10-07
FB-21,SKU-018,1,Damaged,2026-10-07
FB-21,SKU-019,3,Expired,2026-10-07
FB-21,SKU-025,1,Expired,2026-10-07
FB-22,SKU-001,1,Expired,2026-10-07
FB-22,SKU-007,1,Expired,2026-10-07
FB-22,SKU-011,1,Expired,2026-10-07
FB-22,SKU-012,1,Expired,2026-10-07
FB-22,SKU-017,2,Expired,2026-10-07
FB-22,SKU-020,1,Damaged,2026-10-07
FB-22,SKU-022,1,Damaged,2026-10-07
FB-22,SKU-023,1,Expired,2026-10-07
FB-22,SKU-024,1,Expired,2026-10-07
FB-23,SKU-003,1,Quality reject,2026-10-07
FB-23,SKU-010,2,Damaged,2026-10-07
FB-23,SKU-011,2,Damaged,2026-10-07
FB-23,SKU-012,1,Expired,2026-10-07
FB-23,SKU-017,1,Expired,2026-10-07
FB-23,SKU-022,2,Expired,2026-10-07
FB-24,SKU-001,1,Quality reject,2026-10-07
FB-24,SKU-011,1,Expired,2026-10-07
FB-24,SKU-013,1,Expired,2026-10-07
FB-24,SKU-016,1,Expired,2026-10-07
FB-24,SKU-017,1,Damaged,2026-10-07
FB-24,SKU-021,1,Expired,2026-10-07
FB-24,SKU-024,1,Expired,2026-10-07
FB-25,SKU-001,1,Expired,2026-10-07
FB-25,SKU-005,1,Quality reject,2026-10-07
FB-25,SKU-006,2,Damaged,2026-10-07
FB-25,SKU-011,2,Expired,2026-10-07
FB-25,SKU-015,1,Damaged,2026-10-07
FB-25,SKU-019,1,Expired,2026-10-07
FB-25,SKU-021,1,Expired,2026-10-07
FB-25,SKU-022,1,Expired,2026-10-07
FB-25,SKU-023,2,Expired,2026-10-07
FB-01,SKU-005,1,Damaged,2026-10-08
FB-01,SKU-011,1,Expired,2026-10-08
FB-01,SKU-022,1,Expired,2026-10-08
FB-02,SKU-003,1,Damaged,2026-10-08
FB-02,SKU-007,1,Quality reject,2026-10-08
FB-02,SKU-012,1,Expired,2026-10-08
FB-02,SKU-014,1,Expired,2026-10-08
FB-02,SKU-022,1,Damaged,2026-10-08
FB-02,SKU-023,1,Damaged,2026-10-08
FB-03,SKU-005,1,Expired,2026-10-08
FB-03,SKU-011,1,Damaged,2026-10-08
FB-03,SKU-025,1,Damaged,2026-10-08
FB-04,SKU-003,1,Damaged,2026-10-08
FB-04,SKU-005,2,Damaged,2026-10-08
FB-04,SKU-009,1,Damaged,2026-10-08
FB-04,SKU-011,1,Quality reject,2026-10-08
FB-04,SKU-012,1,Quality reject,2026-10-08
FB-04,SKU-013,1,Damaged,2026-10-08
FB-04,SKU-022,2,Expired,2026-10-08
FB-05,SKU-006,1,Expired,2026-10-08
FB-05,SKU-011,2,Expired,2026-10-08
FB-05,SKU-013,1,Expired,2026-10-08
FB-06,SKU-003,1,Expired,2026-10-08
FB-06,SKU-005,2,Expired,2026-10-08
FB-06,SKU-010,1,Expired,2026-10-08
FB-06,SKU-011,1,Expired,2026-10-08
FB-07,SKU-003,1,Quality reject,2026-10-08
FB-07,SKU-005,1,Expired,2026-10-08
FB-07,SKU-017,1,Expired,2026-10-08
FB-07,SKU-021,1,Expired,2026-10-08
FB-07,SKU-025,4,Expired,2026-10-08
FB-08,SKU-005,1,Damaged,2026-10-08
FB-08,SKU-007,3,Damaged,2026-10-08
FB-08,SKU-008,3,Damaged,2026-10-08
FB-08,SKU-010,3,Expired,2026-10-08
FB-08,SKU-011,2,Damaged,2026-10-08
FB-08,SKU-012,1,Expired,2026-10-08
FB-08,SKU-025,1,Expired,2026-10-08
FB-09,SKU-005,1,Expired,2026-10-08
FB-09,SKU-007,1,Expired,2026-10-08
FB-09,SKU-009,1,Quality reject,2026-10-08
FB-09,SKU-011,1,Expired,2026-10-08
FB-09,SKU-012,1,Expired,2026-10-08
FB-09,SKU-014,2,Expired,2026-10-08
FB-09,SKU-016,1,Quality reject,2026-10-08
FB-09,SKU-024,1,Damaged,2026-10-08
FB-10,SKU-004,1,Quality reject,2026-10-08
FB-10,SKU-005,2,Damaged,2026-10-08
FB-10,SKU-007,1,Damaged,2026-10-08
FB-10,SKU-010,1,Expired,2026-10-08
FB-10,SKU-011,1,Quality reject,2026-10-08
FB-10,SKU-013,1,Expired,2026-10-08
FB-10,SKU-022,1,Quality reject,2026-10-08
FB-10,SKU-023,1,Expired,2026-10-08
FB-10,SKU-025,1,Expired,2026-10-08
FB-11,SKU-007,1,Quality reject,2026-10-08
FB-11,SKU-014,1,Expired,2026-10-08
FB-11,SKU-015,1,Expired,2026-10-08
FB-11,SKU-022,1,Expired,2026-10-08
FB-12,SKU-004,1,Quality reject,2026-10-08
FB-12,SKU-013,1,Quality reject,2026-10-08
FB-12,SKU-014,1,Expired,2026-10-08
FB-12,SKU-017,1,Expired,2026-10-08
FB-12,SKU-021,1,Quality reject,2026-10-08
FB-12,SKU-022,1,Quality reject,2026-10-08
FB-12,SKU-023,2,Damaged,2026-10-08
FB-12,SKU-025,1,Expired,2026-10-08
FB-13,SKU-001,1,Expired,2026-10-08
FB-13,SKU-002,1,Expired,2026-10-08
FB-13,SKU-003,1,Expired,2026-10-08
FB-13,SKU-005,1,Quality reject,2026-10-08
FB-13,SKU-006,2,Expired,2026-10-08
FB-13,SKU-011,1,Expired,2026-10-08
FB-13,SKU-013,2,Expired,2026-10-08
FB-13,SKU-015,1,Expired,2026-10-08
FB-13,SKU-022,2,Expired,2026-10-08
FB-14,SKU-001,1,Damaged,2026-10-08
FB-14,SKU-003,1,Expired,2026-10-08
FB-14,SKU-011,1,Expired,2026-10-08
FB-14,SKU-015,1,Expired,2026-10-08
FB-14,SKU-017,1,Expired,2026-10-08
FB-14,SKU-019,1,Damaged,2026-10-08
FB-14,SKU-025,2,Quality reject,2026-10-08
FB-15,SKU-003,1,Expired,2026-10-08
FB-15,SKU-004,1,Expired,2026-10-08
FB-15,SKU-006,1,Damaged,2026-10-08
FB-15,SKU-007,1,Expired,2026-10-08
FB-15,SKU-021,2,Quality reject,2026-10-08
FB-15,SKU-023,1,Quality reject,2026-10-08
FB-16,SKU-001,1,Damaged,2026-10-08
FB-16,SKU-003,1,Expired,2026-10-08
FB-16,SKU-004,1,Expired,2026-10-08
FB-16,SKU-005,1,Damaged,2026-10-08
FB-16,SKU-017,1,Expired,2026-10-08
FB-16,SKU-018,1,Expired,2026-10-08
FB-16,SKU-022,2,Expired,2026-10-08
FB-16,SKU-023,1,Damaged,2026-10-08
FB-17,SKU-005,1,Expired,2026-10-08
FB-17,SKU-006,2,Expired,2026-10-08
FB-17,SKU-014,2,Expired,2026-10-08
FB-17,SKU-015,1,Expired,2026-10-08
FB-17,SKU-019,1,Quality reject,2026-10-08
FB-17,SKU-023,1,Expired,2026-10-08
FB-17,SKU-025,1,Expired,2026-10-08
FB-18,SKU-004,1,Expired,2026-10-08
FB-18,SKU-008,1,Expired,2026-10-08
FB-18,SKU-010,1,Quality reject,2026-10-08
FB-18,SKU-013,2,Damaged,2026-10-08
FB-18,SKU-017,1,Quality reject,2026-10-08
FB-19,SKU-003,1,Expired,2026-10-08
FB-19,SKU-006,1,Expired,2026-10-08
FB-19,SKU-007,1,Expired,2026-10-08
FB-19,SKU-011,1,Quality reject,2026-10-08
FB-19,SKU-013,1,Expired,2026-10-08
FB-19,SKU-022,2,Expired,2026-10-08
FB-19,SKU-024,1,Expired,2026-10-08
FB-20,SKU-004,1,Expired,2026-10-08
FB-20,SKU-008,1,Expired,2026-10-08
FB-20,SKU-014,1,Expired,2026-10-08
FB-20,SKU-015,1,Expired,2026-10-08
FB-20,SKU-017,1,Expired,2026-10-08
FB-21,SKU-012,1,Expired,2026-10-08
FB-21,SKU-013,2,Expired,2026-10-08
FB-21,SKU-014,1,Quality reject,2026-10-08
FB-21,SKU-019,1,Quality reject,2026-10-08
FB-21,SKU-020,1,Expired,2026-10-08
FB-21,SKU-022,1,Expired,2026-10-08
FB-21,SKU-025,1,Damaged,2026-10-08
FB-22,SKU-003,1,Damaged,2026-10-08
FB-22,SKU-004,2,Expired,2026-10-08
FB-22,SKU-007,1,Damaged,2026-10-08
FB-22,SKU-012,1,Quality reject,2026-10-08
FB-22,SKU-013,1,Expired,2026-10-08
FB-22,SKU-015,1,Expired,2026-10-08
FB-22,SKU-017,1,Expired,2026-10-08
FB-22,SKU-019,1,Quality reject,2026-10-08
FB-22,SKU-022,2,Damaged,2026-10-08
FB-22,SKU-025,1,Expired,2026-10-08
FB-23,SKU-001,1,Quality reject,2026-10-08
FB-23,SKU-003,1,Quality reject,2026-10-08
FB-23,SKU-004,1,Damaged,2026-10-08
FB-23,SKU-006,1,Expired,2026-10-08
FB-23,SKU-011,1,Quality reject,2026-10-08
FB-23,SKU-014,1,Expired,2026-10-08
FB-24,SKU-001,1,Expired,2026-10-08
FB-24,SKU-005,1,Quality reject,2026-10-08
FB-24,SKU-006,1,Quality reject,2026-10-08
FB-24,SKU-008,1,Damaged,2026-10-08
FB-24,SKU-011,2,Damaged,2026-10-08
FB-24,SKU-015,1,Expired,2026-10-08
FB-24,SKU-025,1,Expired,2026-10-08
FB-25,SKU-003,1,Expired,2026-10-08
FB-25,SKU-005,1,Quality reject,2026-10-08
FB-25,SKU-011,1,Expired,2026-10-08
FB-25,SKU-014,1,Expired,2026-10-08
FB-25,SKU-020,1,Expired,2026-10-08
FB-25,SKU-021,1,Expired,2026-10-08
FB-25,SKU-022,1,Expired,2026-10-08
FB-25,SKU-024,1,Expired,2026-10-08
FB-01,SKU-009,1,Quality reject,2026-10-09
FB-01,SKU-014,1,Expired,2026-10-09
FB-01,SKU-015,1,Expired,2026-10-09
FB-01,SKU-023,1,Expired,2026-10-09
FB-02,SKU-003,3,Expired,2026-10-09
FB-02,SKU-004,1,Expired,2026-10-09
FB-02,SKU-005,2,Quality reject,2026-10-09
FB-02,SKU-007,1,Quality reject,2026-10-09
FB-02,SKU-011,1,Expired,2026-10-09
FB-02,SKU-017,1,Quality reject,2026-10-09
FB-02,SKU-020,1,Expired,2026-10-09
FB-02,SKU-023,1,Expired,2026-10-09
FB-02,SKU-025,1,Expired,2026-10-09
FB-03,SKU-022,1,Expired,2026-10-09
FB-04,SKU-006,1,Damaged,2026-10-09
FB-04,SKU-011,1,Expired,2026-10-09
FB-04,SKU-012,1,Expired,2026-10-09
FB-04,SKU-019,1,Expired,2026-10-09
FB-04,SKU-022,1,Damaged,2026-10-09
FB-04,SKU-023,2,Expired,2026-10-09
FB-05,SKU-011,1,Damaged,2026-10-09
FB-05,SKU-012,1,Expired,2026-10-09
FB-05,SKU-013,1,Expired,2026-10-09
FB-05,SKU-014,1,Expired,2026-10-09
FB-05,SKU-024,1,Expired,2026-10-09
FB-06,SKU-004,1,Quality reject,2026-10-09
FB-06,SKU-010,1,Expired,2026-10-09
FB-06,SKU-011,1,Expired,2026-10-09
FB-06,SKU-025,1,Expired,2026-10-09
FB-07,SKU-008,1,Quality reject,2026-10-09
FB-07,SKU-009,1,Damaged,2026-10-09
FB-07,SKU-011,1,Quality reject,2026-10-09
FB-07,SKU-014,1,Damaged,2026-10-09
FB-07,SKU-015,1,Quality reject,2026-10-09
FB-07,SKU-021,2,Expired,2026-10-09
FB-07,SKU-023,2,Damaged,2026-10-09
FB-08,SKU-007,1,Expired,2026-10-09
FB-08,SKU-008,1,Expired,2026-10-09
FB-08,SKU-010,3,Expired,2026-10-09
FB-08,SKU-011,3,Quality reject,2026-10-09
FB-08,SKU-012,2,Expired,2026-10-09
FB-08,SKU-013,1,Damaged,2026-10-09
FB-08,SKU-017,1,Expired,2026-10-09
FB-09,SKU-003,1,Expired,2026-10-09
FB-09,SKU-005,2,Damaged,2026-10-09
FB-09,SKU-006,1,Damaged,2026-10-09
FB-09,SKU-013,1,Expired,2026-10-09
FB-09,SKU-022,1,Quality reject,2026-10-09
FB-10,SKU-003,1,Expired,2026-10-09
FB-10,SKU-004,2,Expired,2026-10-09
FB-10,SKU-009,1,Quality reject,2026-10-09
FB-10,SKU-013,1,Quality reject,2026-10-09
FB-10,SKU-023,1,Damaged,2026-10-09
FB-10,SKU-024,1,Damaged,2026-10-09
FB-11,SKU-004,1,Quality reject,2026-10-09
FB-11,SKU-023,1,Damaged,2026-10-09
FB-12,SKU-005,1,Expired,2026-10-09
FB-12,SKU-010,1,Expired,2026-10-09
FB-12,SKU-013,1,Damaged,2026-10-09
FB-12,SKU-021,1,Expired,2026-10-09
FB-12,SKU-023,2,Damaged,2026-10-09
FB-13,SKU-003,1,Damaged,2026-10-09
FB-13,SKU-004,1,Quality reject,2026-10-09
FB-13,SKU-005,1,Expired,2026-10-09
FB-13,SKU-008,1,Damaged,2026-10-09
FB-13,SKU-013,2,Quality reject,2026-10-09
FB-13,SKU-014,1,Expired,2026-10-09
FB-13,SKU-017,1,Expired,2026-10-09
FB-13,SKU-021,1,Expired,2026-10-09
FB-13,SKU-025,1,Expired,2026-10-09
FB-14,SKU-005,1,Expired,2026-10-09
FB-14,SKU-006,2,Expired,2026-10-09
FB-14,SKU-012,1,Expired,2026-10-09
FB-15,SKU-001,1,Quality reject,2026-10-09
FB-15,SKU-003,1,Damaged,2026-10-09
FB-15,SKU-004,1,Expired,2026-10-09
FB-15,SKU-006,1,Expired,2026-10-09
FB-15,SKU-011,1,Quality reject,2026-10-09
FB-15,SKU-014,1,Expired,2026-10-09
FB-15,SKU-019,1,Expired,2026-10-09
FB-15,SKU-023,1,Expired,2026-10-09
FB-16,SKU-011,2,Expired,2026-10-09
FB-16,SKU-017,1,Expired,2026-10-09
FB-16,SKU-023,1,Quality reject,2026-10-09
FB-16,SKU-025,1,Quality reject,2026-10-09
FB-17,SKU-003,1,Damaged,2026-10-09
FB-17,SKU-017,1,Expired,2026-10-09
FB-17,SKU-019,1,Expired,2026-10-09
FB-18,SKU-004,2,Expired,2026-10-09
FB-18,SKU-005,1,Damaged,2026-10-09
FB-18,SKU-011,1,Expired,2026-10-09
FB-18,SKU-017,1,Quality reject,2026-10-09
FB-18,SKU-018,1,Quality reject,2026-10-09
FB-18,SKU-019,1,Quality reject,2026-10-09
FB-18,SKU-023,1,Expired,2026-10-09
FB-19,SKU-006,1,Expired,2026-10-09
FB-19,SKU-020,1,Expired,2026-10-09
FB-19,SKU-021,1,Damaged,2026-10-09
FB-20,SKU-002,1,Expired,2026-10-09
FB-20,SKU-005,1,Expired,2026-10-09
FB-20,SKU-011,1,Expired,2026-10-09
FB-20,SKU-023,1,Expired,2026-10-09
FB-21,SKU-002,1,Expired,2026-10-09
FB-21,SKU-012,1,Expired,2026-10-09
FB-21,SKU-014,1,Expired,2026-10-09
FB-21,SKU-020,1,Quality reject,2026-10-09
FB-22,SKU-001,1,Expired,2026-10-09
FB-22,SKU-002,1,Quality reject,2026-10-09
FB-22,SKU-003,1,Quality reject,2026-10-09
FB-22,SKU-005,2,Expired,2026-10-09
FB-22,SKU-010,1,Expired,2026-10-09
FB-22,SKU-013,1,Expired,2026-10-09
FB-22,SKU-019,1,Expired,2026-10-09
FB-22,SKU-023,1,Damaged,2026-10-09
FB-22,SKU-024,1,Damaged,2026-10-09
FB-23,SKU-005,1,Expired,2026-10-09
FB-23,SKU-011,1,Expired,2026-10-09
FB-23,SKU-012,1,Quality reject,2026-10-09
FB-23,SKU-013,1,Expired,2026-10-09
FB-23,SKU-014,2,Quality reject,2026-10-09
FB-23,SKU-022,1,Expired,2026-10-09
FB-24,SKU-001,1,Expired,2026-10-09
FB-24,SKU-011,1,Expired,2026-10-09
FB-24,SKU-014,2,Expired,2026-10-09
FB-24,SKU-019,1,Expired,2026-10-09
FB-24,SKU-022,2,Quality reject,2026-10-09
FB-25,SKU-004,1,Quality reject,2026-10-09
FB-25,SKU-005,1,Expired,2026-10-09
FB-25,SKU-007,1,Expired,2026-10-09
FB-25,SKU-015,1,Expired,2026-10-09
FB-01,SKU-004,2,Expired,2026-10-10
FB-01,SKU-014,1,Quality reject,2026-10-10
FB-01,SKU-015,1,Damaged,2026-10-10
FB-01,SKU-019,1,Expired,2026-10-10
FB-02,SKU-006,1,Expired,2026-10-10
FB-02,SKU-012,1,Expired,2026-10-10
FB-02,SKU-013,1,Expired,2026-10-10
FB-02,SKU-014,5,Expired,2026-10-10
FB-02,SKU-017,1,Quality reject,2026-10-10
FB-02,SKU-022,2,Expired,2026-10-10
FB-02,SKU-023,1,Expired,2026-10-10
FB-03,SKU-004,1,Expired,2026-10-10
FB-03,SKU-005,1,Expired,2026-10-10
FB-03,SKU-006,1,Expired,2026-10-10
FB-03,SKU-011,1,Expired,2026-10-10
FB-03,SKU-013,1,Expired,2026-10-10
FB-03,SKU-014,1,Expired,2026-10-10
FB-04,SKU-002,1,Expired,2026-10-10
FB-04,SKU-004,1,Expired,2026-10-10
FB-04,SKU-006,1,Quality reject,2026-10-10
FB-04,SKU-010,1,Quality reject,2026-10-10
FB-04,SKU-011,2,Expired,2026-10-10
FB-04,SKU-014,1,Expired,2026-10-10
FB-04,SKU-017,2,Expired,2026-10-10
FB-04,SKU-019,1,Expired,2026-10-10
FB-04,SKU-023,1,Expired,2026-10-10
FB-05,SKU-007,1,Expired,2026-10-10
FB-05,SKU-021,1,Expired,2026-10-10
FB-05,SKU-023,3,Expired,2026-10-10
FB-06,SKU-010,1,Expired,2026-10-10
FB-07,SKU-006,2,Expired,2026-10-10
FB-08,SKU-007,2,Expired,2026-10-10
FB-08,SKU-008,1,Expired,2026-10-10
FB-08,SKU-010,2,Expired,2026-10-10
FB-08,SKU-011,5,Quality reject,2026-10-10
FB-08,SKU-012,2,Expired,2026-10-10
FB-08,SKU-020,1,Damaged,2026-10-10
FB-08,SKU-023,1,Expired,2026-10-10
FB-08,SKU-025,1,Expired,2026-10-10
FB-09,SKU-003,1,Damaged,2026-10-10
FB-09,SKU-012,1,Expired,2026-10-10
FB-09,SKU-014,1,Damaged,2026-10-10
FB-09,SKU-024,1,Damaged,2026-10-10
FB-10,SKU-004,1,Expired,2026-10-10
FB-10,SKU-005,1,Expired,2026-10-10
FB-10,SKU-007,1,Expired,2026-10-10
FB-10,SKU-011,1,Expired,2026-10-10
FB-10,SKU-012,1,Damaged,2026-10-10
FB-10,SKU-022,1,Expired,2026-10-10
FB-10,SKU-023,1,Expired,2026-10-10
FB-10,SKU-024,1,Expired,2026-10-10
FB-11,SKU-003,1,Quality reject,2026-10-10
FB-11,SKU-005,1,Damaged,2026-10-10
FB-11,SKU-013,1,Expired,2026-10-10
FB-11,SKU-014,1,Quality reject,2026-10-10
FB-11,SKU-024,2,Expired,2026-10-10
FB-12,SKU-003,1,Expired,2026-10-10
FB-12,SKU-004,2,Quality reject,2026-10-10
FB-12,SKU-005,1,Expired,2026-10-10
FB-12,SKU-009,1,Expired,2026-10-10
FB-12,SKU-016,1,Expired,2026-10-10
FB-12,SKU-020,1,Expired,2026-10-10
FB-12,SKU-023,1,Expired,2026-10-10
FB-13,SKU-004,2,Expired,2026-10-10
FB-13,SKU-007,1,Expired,2026-10-10
FB-13,SKU-010,1,Expired,2026-10-10
FB-13,SKU-011,2,Expired,2026-10-10
FB-13,SKU-013,1,Expired,2026-10-10
FB-13,SKU-014,2,Expired,2026-10-10
FB-13,SKU-019,1,Damaged,2026-10-10
FB-13,SKU-021,1,Damaged,2026-10-10
FB-13,SKU-022,2,Quality reject,2026-10-10
FB-13,SKU-023,2,Damaged,2026-10-10
FB-14,SKU-004,1,Expired,2026-10-10
FB-14,SKU-005,2,Expired,2026-10-10
FB-14,SKU-012,2,Damaged,2026-10-10
FB-14,SKU-013,1,Quality reject,2026-10-10
FB-14,SKU-015,1,Quality reject,2026-10-10
FB-14,SKU-017,1,Quality reject,2026-10-10
FB-14,SKU-019,1,Expired,2026-10-10
FB-14,SKU-020,1,Expired,2026-10-10
FB-14,SKU-022,3,Expired,2026-10-10
FB-15,SKU-001,1,Expired,2026-10-10
FB-15,SKU-012,1,Quality reject,2026-10-10
FB-15,SKU-013,1,Quality reject,2026-10-10
FB-15,SKU-014,1,Quality reject,2026-10-10
FB-15,SKU-023,1,Quality reject,2026-10-10
FB-15,SKU-025,1,Expired,2026-10-10
FB-16,SKU-003,1,Expired,2026-10-10
FB-16,SKU-004,1,Expired,2026-10-10
FB-16,SKU-005,1,Quality reject,2026-10-10
FB-16,SKU-006,1,Expired,2026-10-10
FB-16,SKU-011,1,Quality reject,2026-10-10
FB-17,SKU-006,1,Expired,2026-10-10
FB-17,SKU-009,1,Quality reject,2026-10-10
FB-17,SKU-011,1,Damaged,2026-10-10
FB-17,SKU-014,1,Expired,2026-10-10
FB-17,SKU-019,1,Expired,2026-10-10
FB-17,SKU-023,1,Damaged,2026-10-10
FB-18,SKU-003,1,Expired,2026-10-10
FB-18,SKU-005,2,Expired,2026-10-10
FB-18,SKU-014,3,Quality reject,2026-10-10
FB-18,SKU-017,1,Expired,2026-10-10
FB-18,SKU-019,2,Expired,2026-10-10
FB-19,SKU-004,1,Expired,2026-10-10
FB-19,SKU-005,1,Expired,2026-10-10
FB-19,SKU-017,1,Expired,2026-10-10
FB-19,SKU-019,2,Damaged,2026-10-10
FB-19,SKU-025,1,Quality reject,2026-10-10
FB-20,SKU-001,1,Expired,2026-10-10
FB-20,SKU-005,1,Damaged,2026-10-10
FB-20,SKU-011,1,Damaged,2026-10-10
FB-20,SKU-013,2,Expired,2026-10-10
FB-20,SKU-021,1,Quality reject,2026-10-10
FB-21,SKU-001,1,Expired,2026-10-10
FB-21,SKU-003,1,Expired,2026-10-10
FB-21,SKU-005,1,Expired,2026-10-10
FB-21,SKU-010,1,Expired,2026-10-10
FB-21,SKU-012,1,Expired,2026-10-10
FB-21,SKU-023,1,Expired,2026-10-10
FB-22,SKU-003,1,Expired,2026-10-10
FB-22,SKU-006,1,Damaged,2026-10-10
FB-22,SKU-007,1,Expired,2026-10-10
FB-22,SKU-011,1,Expired,2026-10-10
FB-22,SKU-012,1,Expired,2026-10-10
FB-22,SKU-013,3,Expired,2026-10-10
FB-22,SKU-014,1,Quality reject,2026-10-10
FB-22,SKU-022,1,Expired,2026-10-10
FB-22,SKU-023,1,Expired,2026-10-10
FB-22,SKU-024,1,Expired,2026-10-10
FB-22,SKU-025,1,Expired,2026-10-10
FB-23,SKU-003,1,Expired,2026-10-10
FB-23,SKU-009,1,Damaged,2026-10-10
FB-23,SKU-013,1,Expired,2026-10-10
FB-23,SKU-018,1,Expired,2026-10-10
FB-23,SKU-020,1,Quality reject,2026-10-10
FB-23,SKU-021,1,Damaged,2026-10-10
FB-23,SKU-022,2,Expired,2026-10-10
FB-23,SKU-023,1,Quality reject,2026-10-10
FB-24,SKU-003,1,Expired,2026-10-10
FB-24,SKU-004,2,Damaged,2026-10-10
FB-24,SKU-010,1,Expired,2026-10-10
FB-24,SKU-011,1,Expired,2026-10-10
FB-24,SKU-018,1,Expired,2026-10-10
FB-25,SKU-011,1,Quality reject,2026-10-10
FB-25,SKU-014,1,Damaged,2026-10-10
FB-25,SKU-015,1,Expired,2026-10-10
FB-25,SKU-019,1,Damaged,2026-10-10
FB-25,SKU-020,1,Expired,2026-10-10
FB-25,SKU-021,1,Damaged,2026-10-10
FB-25,SKU-023,3,Expired,2026-10-10
FB-01,SKU-014,1,Expired,2026-10-11
FB-01,SKU-023,1,Damaged,2026-10-11
FB-01,SKU-024,1,Quality reject,2026-10-11
FB-02,SKU-010,1,Expired,2026-10-11
FB-02,SKU-011,1,Expired,2026-10-11
FB-02,SKU-012,1,Expired,2026-10-11
FB-02,SKU-014,1,Expired,2026-10-11
FB-02,SKU-019,1,Expired,2026-10-11
FB-03,SKU-001,1,Expired,2026-10-11
FB-03,SKU-003,1,Damaged,2026-10-11
FB-03,SKU-005,1,Expired,2026-10-11
FB-03,SKU-007,1,Damaged,2026-10-11
FB-03,SKU-011,3,Damaged,2026-10-11
FB-03,SKU-022,1,Expired,2026-10-11
FB-03,SKU-023,1,Quality reject,2026-10-11
FB-04,SKU-003,1,Expired,2026-10-11
FB-04,SKU-004,1,Expired,2026-10-11
FB-04,SKU-005,1,Expired,2026-10-11
FB-04,SKU-011,1,Expired,2026-10-11
FB-04,SKU-014,2,Expired,2026-10-11
FB-04,SKU-023,3,Expired,2026-10-11
FB-05,SKU-006,1,Expired,2026-10-11
FB-05,SKU-011,2,Expired,2026-10-11
FB-05,SKU-014,1,Quality reject,2026-10-11
FB-05,SKU-024,1,Quality reject,2026-10-11
FB-06,SKU-001,1,Expired,2026-10-11
FB-06,SKU-011,4,Expired,2026-10-11
FB-06,SKU-013,1,Quality reject,2026-10-11
FB-06,SKU-017,1,Expired,2026-10-11
FB-06,SKU-022,1,Quality reject,2026-10-11
FB-06,SKU-025,1,Damaged,2026-10-11
FB-07,SKU-004,1,Damaged,2026-10-11
FB-07,SKU-014,1,Expired,2026-10-11
FB-07,SKU-019,1,Expired,2026-10-11
FB-07,SKU-022,2,Quality reject,2026-10-11
FB-07,SKU-023,1,Expired,2026-10-11
FB-08,SKU-001,1,Expired,2026-10-11
FB-08,SKU-003,1,Quality reject,2026-10-11
FB-08,SKU-009,2,Expired,2026-10-11
FB-08,SKU-010,1,Expired,2026-10-11
FB-08,SKU-011,2,Expired,2026-10-11
FB-08,SKU-012,1,Expired,2026-10-11
FB-08,SKU-013,1,Expired,2026-10-11
FB-08,SKU-022,1,Expired,2026-10-11
FB-08,SKU-023,3,Expired,2026-10-11
FB-08,SKU-025,1,Expired,2026-10-11
FB-09,SKU-003,1,Expired,2026-10-11
FB-09,SKU-005,1,Expired,2026-10-11
FB-09,SKU-017,1,Expired,2026-10-11
FB-09,SKU-020,1,Damaged,2026-10-11
FB-09,SKU-024,1,Expired,2026-10-11
FB-09,SKU-025,1,Damaged,2026-10-11
FB-10,SKU-004,1,Quality reject,2026-10-11
FB-10,SKU-012,2,Expired,2026-10-11
FB-10,SKU-022,1,Expired,2026-10-11
FB-10,SKU-025,1,Damaged,2026-10-11
FB-11,SKU-003,1,Expired,2026-10-11
FB-11,SKU-006,1,Expired,2026-10-11
FB-11,SKU-013,1,Expired,2026-10-11
FB-11,SKU-014,1,Expired,2026-10-11
FB-11,SKU-018,1,Damaged,2026-10-11
FB-12,SKU-004,1,Expired,2026-10-11
FB-12,SKU-006,1,Expired,2026-10-11
FB-12,SKU-012,1,Quality reject,2026-10-11
FB-12,SKU-019,1,Expired,2026-10-11
FB-12,SKU-023,1,Expired,2026-10-11
FB-13,SKU-003,2,Expired,2026-10-11
FB-13,SKU-004,1,Expired,2026-10-11
FB-13,SKU-005,1,Expired,2026-10-11
FB-13,SKU-006,1,Quality reject,2026-10-11
FB-13,SKU-011,1,Expired,2026-10-11
FB-13,SKU-012,2,Quality reject,2026-10-11
FB-13,SKU-013,2,Expired,2026-10-11
FB-13,SKU-014,1,Quality reject,2026-10-11
FB-13,SKU-017,1,Damaged,2026-10-11
FB-13,SKU-019,1,Damaged,2026-10-11
FB-13,SKU-023,1,Expired,2026-10-11
FB-14,SKU-003,1,Expired,2026-10-11
FB-14,SKU-004,1,Damaged,2026-10-11
FB-14,SKU-012,1,Damaged,2026-10-11
FB-14,SKU-013,1,Expired,2026-10-11
FB-14,SKU-014,2,Expired,2026-10-11
FB-15,SKU-014,1,Damaged,2026-10-11
FB-15,SKU-015,1,Expired,2026-10-11
FB-16,SKU-001,1,Quality reject,2026-10-11
FB-16,SKU-014,2,Quality reject,2026-10-11
FB-16,SKU-018,1,Expired,2026-10-11
FB-16,SKU-020,1,Expired,2026-10-11
FB-17,SKU-007,1,Quality reject,2026-10-11
FB-17,SKU-021,1,Expired,2026-10-11
FB-18,SKU-004,1,Damaged,2026-10-11
FB-18,SKU-010,1,Damaged,2026-10-11
FB-18,SKU-011,1,Expired,2026-10-11
FB-18,SKU-013,1,Expired,2026-10-11
FB-18,SKU-014,1,Expired,2026-10-11
FB-18,SKU-022,1,Expired,2026-10-11
FB-19,SKU-001,1,Damaged,2026-10-11
FB-19,SKU-003,1,Expired,2026-10-11
FB-19,SKU-010,1,Damaged,2026-10-11
FB-19,SKU-011,1,Expired,2026-10-11
FB-19,SKU-012,1,Expired,2026-10-11
FB-19,SKU-017,1,Expired,2026-10-11
FB-20,SKU-005,2,Quality reject,2026-10-11
FB-20,SKU-006,2,Expired,2026-10-11
FB-20,SKU-007,1,Expired,2026-10-11
FB-20,SKU-013,1,Damaged,2026-10-11
FB-20,SKU-014,1,Expired,2026-10-11
FB-20,SKU-015,1,Quality reject,2026-10-11
FB-20,SKU-019,1,Quality reject,2026-10-11
FB-20,SKU-020,1,Expired,2026-10-11
FB-20,SKU-021,1,Expired,2026-10-11
FB-20,SKU-022,2,Damaged,2026-10-11
FB-20,SKU-024,1,Expired,2026-10-11
FB-21,SKU-003,1,Quality reject,2026-10-11
FB-21,SKU-004,1,Quality reject,2026-10-11
FB-21,SKU-008,1,Expired,2026-10-11
FB-21,SKU-010,1,Expired,2026-10-11
FB-21,SKU-011,2,Damaged,2026-10-11
FB-21,SKU-014,1,Damaged,2026-10-11
FB-21,SKU-016,1,Quality reject,2026-10-11
FB-21,SKU-022,1,Quality reject,2026-10-11
FB-21,SKU-023,1,Damaged,2026-10-11
FB-21,SKU-024,1,Expired,2026-10-11
FB-21,SKU-025,1,Damaged,2026-10-11
FB-22,SKU-003,1,Expired,2026-10-11
FB-22,SKU-012,1,Expired,2026-10-11
FB-22,SKU-013,1,Quality reject,2026-10-11
FB-22,SKU-014,1,Expired,2026-10-11
FB-22,SKU-020,1,Quality reject,2026-10-11
FB-22,SKU-021,1,Expired,2026-10-11
FB-22,SKU-022,1,Damaged,2026-10-11
FB-22,SKU-023,1,Expired,2026-10-11
FB-22,SKU-025,1,Damaged,2026-10-11
FB-23,SKU-013,1,Quality reject,2026-10-11
FB-23,SKU-014,2,Expired,2026-10-11
FB-23,SKU-017,1,Quality reject,2026-10-11
FB-23,SKU-019,1,Damaged,2026-10-11
FB-23,SKU-023,3,Expired,2026-10-11
FB-24,SKU-004,1,Expired,2026-10-11
FB-24,SKU-014,1,Expired,2026-10-11
FB-24,SKU-020,1,Expired,2026-10-11
FB-24,SKU-024,1,Damaged,2026-10-11
FB-25,SKU-003,1,Expired,2026-10-11
FB-25,SKU-005,2,Expired,2026-10-11
FB-25,SKU-011,1,Expired,2026-10-11
FB-25,SKU-019,1,Expired,2026-10-11
FB-25,SKU-022,1,Expired,2026-10-11
FB-25,SKU-024,1,Quality reject,2026-10-11
FB-01,SKU-001,1,Damaged,2026-10-12
FB-01,SKU-010,1,Expired,2026-10-12
FB-01,SKU-019,1,Expired,2026-10-12
FB-01,SKU-022,1,Expired,2026-10-12
FB-01,SKU-023,1,Expired,2026-10-12
FB-02,SKU-003,1,Damaged,2026-10-12
FB-02,SKU-022,2,Damaged,2026-10-12
FB-02,SKU-024,1,Damaged,2026-10-12
FB-03,SKU-004,1,Expired,2026-10-12
FB-03,SKU-011,1,Expired,2026-10-12
FB-03,SKU-023,1,Damaged,2026-10-12
FB-03,SKU-025,1,Quality reject,2026-10-12
FB-04,SKU-007,1,Damaged,2026-10-12
FB-04,SKU-010,1,Expired,2026-10-12
FB-04,SKU-011,2,Damaged,2026-10-12
FB-04,SKU-016,1,Expired,2026-10-12
FB-04,SKU-017,1,Damaged,2026-10-12
FB-04,SKU-018,1,Expired,2026-10-12
FB-04,SKU-022,1,Expired,2026-10-12
FB-04,SKU-023,1,Quality reject,2026-10-12
FB-05,SKU-008,2,Expired,2026-10-12
FB-05,SKU-011,2,Quality reject,2026-10-12
FB-05,SKU-022,1,Expired,2026-10-12
FB-06,SKU-003,1,Expired,2026-10-12
FB-06,SKU-004,3,Quality reject,2026-10-12
FB-06,SKU-022,1,Expired,2026-10-12
FB-06,SKU-023,1,Expired,2026-10-12
FB-06,SKU-024,1,Quality reject,2026-10-12
FB-07,SKU-003,1,Expired,2026-10-12
FB-07,SKU-004,1,Damaged,2026-10-12
FB-07,SKU-011,2,Expired,2026-10-12
FB-07,SKU-024,2,Expired,2026-10-12
FB-08,SKU-003,1,Expired,2026-10-12
FB-08,SKU-005,2,Expired,2026-10-12
FB-08,SKU-007,1,Damaged,2026-10-12
FB-08,SKU-008,2,Expired,2026-10-12
FB-08,SKU-009,2,Quality reject,2026-10-12
FB-08,SKU-010,5,Expired,2026-10-12
FB-08,SKU-011,5,Expired,2026-10-12
FB-08,SKU-012,3,Expired,2026-10-12
FB-08,SKU-014,1,Expired,2026-10-12
FB-08,SKU-018,1,Expired,2026-10-12
FB-09,SKU-003,1,Expired,2026-10-12
FB-09,SKU-006,1,Expired,2026-10-12
FB-09,SKU-007,2,Quality reject,2026-10-12
FB-09,SKU-011,1,Expired,2026-10-12
FB-09,SKU-014,1,Expired,2026-10-12
FB-09,SKU-016,1,Expired,2026-10-12
FB-10,SKU-004,2,Expired,2026-10-12
FB-10,SKU-011,1,Damaged,2026-10-12
FB-10,SKU-018,1,Damaged,2026-10-12
FB-10,SKU-021,1,Expired,2026-10-12
FB-10,SKU-022,1,Expired,2026-10-12
FB-11,SKU-004,1,Damaged,2026-10-12
FB-11,SKU-005,1,Expired,2026-10-12
FB-11,SKU-013,1,Damaged,2026-10-12
FB-11,SKU-023,1,Quality reject,2026-10-12
FB-12,SKU-003,1,Expired,2026-10-12
FB-12,SKU-004,1,Damaged,2026-10-12
FB-12,SKU-005,1,Damaged,2026-10-12
FB-12,SKU-006,1,Damaged,2026-10-12
FB-12,SKU-008,1,Expired,2026-10-12
FB-12,SKU-011,1,Expired,2026-10-12
FB-12,SKU-012,1,Expired,2026-10-12
FB-12,SKU-013,2,Expired,2026-10-12
FB-12,SKU-014,1,Quality reject,2026-10-12
FB-12,SKU-017,1,Damaged,2026-10-12
FB-12,SKU-023,3,Quality reject,2026-10-12
FB-12,SKU-025,1,Expired,2026-10-12
FB-13,SKU-001,1,Expired,2026-10-12
FB-13,SKU-005,2,Expired,2026-10-12
FB-13,SKU-006,1,Expired,2026-10-12
FB-13,SKU-007,1,Expired,2026-10-12
FB-13,SKU-011,1,Quality reject,2026-10-12
FB-13,SKU-012,1,Expired,2026-10-12
FB-13,SKU-013,1,Expired,2026-10-12
FB-13,SKU-014,3,Quality reject,2026-10-12
FB-13,SKU-023,1,Expired,2026-10-12
FB-14,SKU-006,1,Expired,2026-10-12
FB-14,SKU-011,1,Damaged,2026-10-12
FB-14,SKU-014,1,Quality reject,2026-10-12
FB-14,SKU-023,1,Expired,2026-10-12
FB-14,SKU-025,1,Quality reject,2026-10-12
FB-15,SKU-002,1,Expired,2026-10-12
FB-15,SKU-007,1,Expired,2026-10-12
FB-15,SKU-014,1,Expired,2026-10-12
FB-15,SKU-021,1,Expired,2026-10-12
FB-15,SKU-022,1,Quality reject,2026-10-12
FB-15,SKU-025,1,Quality reject,2026-10-12
FB-16,SKU-003,2,Expired,2026-10-12
FB-16,SKU-008,1,Damaged,2026-10-12
FB-16,SKU-011,1,Expired,2026-10-12
FB-16,SKU-014,1,Damaged,2026-10-12
FB-16,SKU-017,1,Damaged,2026-10-12
FB-17,SKU-001,1,Expired,2026-10-12
FB-17,SKU-006,1,Expired,2026-10-12
FB-17,SKU-010,1,Damaged,2026-10-12
FB-17,SKU-014,1,Expired,2026-10-12
FB-17,SKU-015,1,Damaged,2026-10-12
FB-17,SKU-019,1,Damaged,2026-10-12
FB-17,SKU-023,1,Expired,2026-10-12
FB-18,SKU-004,1,Expired,2026-10-12
FB-18,SKU-005,1,Quality reject,2026-10-12
FB-18,SKU-011,1,Damaged,2026-10-12
FB-18,SKU-014,1,Quality reject,2026-10-12
FB-18,SKU-016,1,Expired,2026-10-12
FB-18,SKU-022,1,Damaged,2026-10-12
FB-19,SKU-001,1,Quality reject,2026-10-12
FB-19,SKU-011,1,Expired,2026-10-12
FB-19,SKU-022,2,Expired,2026-10-12
FB-20,SKU-003,1,Expired,2026-10-12
FB-20,SKU-009,1,Damaged,2026-10-12
FB-20,SKU-012,1,Expired,2026-10-12
FB-20,SKU-013,1,Expired,2026-10-12
FB-20,SKU-014,1,Quality reject,2026-10-12
FB-20,SKU-024,1,Damaged,2026-10-12
FB-21,SKU-004,1,Expired,2026-10-12
FB-21,SKU-005,5,Expired,2026-10-12
FB-21,SKU-009,1,Expired,2026-10-12
FB-21,SKU-011,1,Expired,2026-10-12
FB-22,SKU-001,1,Expired,2026-10-12
FB-22,SKU-003,2,Expired,2026-10-12
FB-22,SKU-006,1,Expired,2026-10-12
FB-22,SKU-007,1,Expired,2026-10-12
FB-22,SKU-011,2,Expired,2026-10-12
FB-22,SKU-013,1,Quality reject,2026-10-12
FB-22,SKU-014,1,Expired,2026-10-12
FB-22,SKU-015,1,Expired,2026-10-12
FB-22,SKU-017,1,Expired,2026-10-12
FB-22,SKU-020,2,Expired,2026-10-12
FB-22,SKU-022,1,Damaged,2026-10-12
FB-22,SKU-023,2,Expired,2026-10-12
FB-23,SKU-003,1,Quality reject,2026-10-12
FB-23,SKU-008,1,Damaged,2026-10-12
FB-23,SKU-013,1,Damaged,2026-10-12
FB-23,SKU-015,1,Expired,2026-10-12
FB-23,SKU-019,1,Expired,2026-10-12
FB-23,SKU-022,1,Expired,2026-10-12
FB-24,SKU-003,2,Expired,2026-10-12
FB-24,SKU-005,1,Damaged,2026-10-12
FB-24,SKU-011,1,Damaged,2026-10-12
FB-24,SKU-019,1,Expired,2026-10-12
FB-24,SKU-022,1,Expired,2026-10-12
FB-25,SKU-007,1,Expired,2026-10-12
FB-25,SKU-013,2,Expired,2026-10-12
FB-25,SKU-014,1,Quality reject,2026-10-12
FB-25,SKU-017,1,Expired,2026-10-12
FB-25,SKU-020,2,Expired,2026-10-12
FB-25,SKU-024,1,Quality reject,2026-10-12
FB-01,SKU-007,1,Expired,2026-10-13
FB-01,SKU-009,1,Expired,2026-10-13
FB-01,SKU-012,1,Expired,2026-10-13
FB-01,SKU-025,1,Expired,2026-10-13
FB-02,SKU-003,2,Expired,2026-10-13
FB-02,SKU-005,1,Damaged,2026-10-13
FB-02,SKU-011,1,Quality reject,2026-10-13
FB-02,SKU-014,2,Quality reject,2026-10-13
FB-02,SKU-019,1,Expired,2026-10-13
FB-02,SKU-023,1,Expired,2026-10-13
FB-03,SKU-003,1,Expired,2026-10-13
FB-03,SKU-004,1,Expired,2026-10-13
FB-03,SKU-011,1,Quality reject,2026-10-13
FB-03,SKU-012,1,Expired,2026-10-13
FB-03,SKU-015,1,Quality reject,2026-10-13
FB-03,SKU-023,1,Expired,2026-10-13
FB-03,SKU-025,1,Expired,2026-10-13
FB-04,SKU-004,1,Damaged,2026-10-13
FB-04,SKU-011,1,Expired,2026-10-13
FB-04,SKU-013,1,Expired,2026-10-13
FB-04,SKU-017,1,Expired,2026-10-13
FB-05,SKU-005,1,Expired,2026-10-13
FB-06,SKU-001,1,Expired,2026-10-13
FB-06,SKU-019,1,Expired,2026-10-13
FB-06,SKU-021,1,Quality reject,2026-10-13
FB-06,SKU-022,1,Quality reject,2026-10-13
FB-06,SKU-023,2,Expired,2026-10-13
FB-07,SKU-004,1,Quality reject,2026-10-13
FB-07,SKU-013,1,Damaged,2026-10-13
FB-07,SKU-019,1,Quality reject,2026-10-13
FB-07,SKU-022,1,Expired,2026-10-13
FB-07,SKU-023,1,Damaged,2026-10-13
FB-07,SKU-024,1,Expired,2026-10-13
FB-08,SKU-007,1,Expired,2026-10-13
FB-08,SKU-009,1,Damaged,2026-10-13
FB-08,SKU-011,1,Expired,2026-10-13
FB-08,SKU-012,1,Damaged,2026-10-13
FB-08,SKU-020,1,Expired,2026-10-13
FB-08,SKU-025,1,Expired,2026-10-13
FB-09,SKU-005,1,Expired,2026-10-13
FB-09,SKU-011,1,Quality reject,2026-10-13
FB-09,SKU-013,1,Expired,2026-10-13
FB-09,SKU-021,1,Expired,2026-10-13
FB-10,SKU-003,1,Expired,2026-10-13
FB-10,SKU-004,1,Damaged,2026-10-13
FB-10,SKU-006,1,Expired,2026-10-13
FB-10,SKU-007,1,Expired,2026-10-13
FB-10,SKU-008,1,Expired,2026-10-13
FB-10,SKU-010,1,Quality reject,2026-10-13
FB-10,SKU-014,1,Expired,2026-10-13
FB-10,SKU-021,2,Quality reject,2026-10-13
FB-10,SKU-022,2,Expired,2026-10-13
FB-11,SKU-004,1,Expired,2026-10-13
FB-11,SKU-005,1,Damaged,2026-10-13
FB-11,SKU-018,1,Expired,2026-10-13
FB-11,SKU-019,1,Quality reject,2026-10-13
FB-12,SKU-003,1,Expired,2026-10-13
FB-12,SKU-011,1,Quality reject,2026-10-13
FB-12,SKU-012,1,Expired,2026-10-13
FB-12,SKU-013,1,Expired,2026-10-13
FB-12,SKU-021,1,Quality reject,2026-10-13
FB-12,SKU-022,1,Expired,2026-10-13
FB-12,SKU-023,2,Expired,2026-10-13
FB-13,SKU-007,1,Expired,2026-10-13
FB-13,SKU-008,1,Expired,2026-10-13
FB-13,SKU-010,1,Expired,2026-10-13
FB-13,SKU-011,1,Expired,2026-10-13
FB-13,SKU-012,1,Expired,2026-10-13
FB-13,SKU-013,1,Quality reject,2026-10-13
FB-13,SKU-014,2,Damaged,2026-10-13
FB-13,SKU-019,1,Expired,2026-10-13
FB-13,SKU-023,2,Expired,2026-10-13
FB-14,SKU-003,1,Expired,2026-10-13
FB-14,SKU-004,1,Damaged,2026-10-13
FB-14,SKU-005,1,Damaged,2026-10-13
FB-14,SKU-006,1,Quality reject,2026-10-13
FB-14,SKU-010,1,Quality reject,2026-10-13
FB-14,SKU-011,2,Damaged,2026-10-13
FB-14,SKU-013,1,Quality reject,2026-10-13
FB-14,SKU-022,1,Expired,2026-10-13
FB-15,SKU-011,2,Expired,2026-10-13
FB-15,SKU-014,2,Expired,2026-10-13
FB-16,SKU-001,1,Expired,2026-10-13
FB-16,SKU-007,1,Expired,2026-10-13
FB-16,SKU-011,2,Damaged,2026-10-13
FB-16,SKU-017,1,Expired,2026-10-13
FB-16,SKU-022,2,Expired,2026-10-13
FB-16,SKU-023,2,Expired,2026-10-13
FB-16,SKU-024,1,Expired,2026-10-13
FB-17,SKU-001,1,Expired,2026-10-13
FB-17,SKU-004,3,Damaged,2026-10-13
FB-17,SKU-006,1,Expired,2026-10-13
FB-17,SKU-007,1,Expired,2026-10-13
FB-17,SKU-011,1,Quality reject,2026-10-13
FB-17,SKU-021,1,Damaged,2026-10-13
FB-18,SKU-004,1,Expired,2026-10-13
FB-18,SKU-013,2,Damaged,2026-10-13
FB-18,SKU-022,2,Expired,2026-10-13
FB-18,SKU-023,1,Expired,2026-10-13
FB-19,SKU-011,1,Expired,2026-10-13
FB-19,SKU-013,1,Expired,2026-10-13
FB-19,SKU-019,1,Quality reject,2026-10-13
FB-19,SKU-022,3,Expired,2026-10-13
FB-19,SKU-024,2,Damaged,2026-10-13
FB-20,SKU-001,1,Damaged,2026-10-13
FB-20,SKU-003,2,Expired,2026-10-13
FB-20,SKU-005,1,Quality reject,2026-10-13
FB-20,SKU-011,1,Expired,2026-10-13
FB-20,SKU-013,1,Expired,2026-10-13
FB-20,SKU-014,1,Damaged,2026-10-13
FB-20,SKU-019,1,Expired,2026-10-13
FB-20,SKU-024,1,Expired,2026-10-13
FB-21,SKU-003,1,Quality reject,2026-10-13
FB-21,SKU-011,1,Damaged,2026-10-13
FB-21,SKU-017,1,Quality reject,2026-10-13
FB-21,SKU-024,1,Expired,2026-10-13
FB-21,SKU-025,1,Expired,2026-10-13
FB-22,SKU-004,2,Expired,2026-10-13
FB-22,SKU-005,1,Expired,2026-10-13
FB-22,SKU-008,1,Damaged,2026-10-13
FB-22,SKU-011,1,Expired,2026-10-13
FB-22,SKU-013,1,Damaged,2026-10-13
FB-22,SKU-014,2,Quality reject,2026-10-13
FB-22,SKU-017,1,Quality reject,2026-10-13
FB-22,SKU-022,3,Expired,2026-10-13
FB-23,SKU-011,1,Quality reject,2026-10-13
FB-23,SKU-014,1,Damaged,2026-10-13
FB-23,SKU-023,1,Quality reject,2026-10-13
FB-23,SKU-024,1,Quality reject,2026-10-13
FB-23,SKU-025,1,Damaged,2026-10-13
FB-24,SKU-001,2,Expired,2026-10-13
FB-24,SKU-007,1,Expired,2026-10-13
FB-24,SKU-014,1,Expired,2026-10-13
FB-24,SKU-017,1,Expired,2026-10-13
FB-24,SKU-020,1,Damaged,2026-10-13
FB-25,SKU-011,1,Quality reject,2026-10-13
FB-25,SKU-012,1,Expired,2026-10-13
FB-25,SKU-013,1,Expired,2026-10-13
FB-25,SKU-020,1,Damaged,2026-10-13
FB-25,SKU-024,3,Expired,2026-10-13
FB-25,SKU-025,2,Expired,2026-10-13
FB-01,SKU-005,1,Expired,2026-10-14
FB-01,SKU-006,1,Expired,2026-10-14
FB-01,SKU-011,1,Quality reject,2026-10-14
FB-01,SKU-012,1,Expired,2026-10-14
FB-01,SKU-019,1,Expired,2026-10-14
FB-01,SKU-025,2,Expired,2026-10-14
FB-02,SKU-001,1,Expired,2026-10-14
FB-02,SKU-003,1,Quality reject,2026-10-14
FB-02,SKU-004,1,Damaged,2026-10-14
FB-02,SKU-006,1,Expired,2026-10-14
FB-02,SKU-014,1,Expired,2026-10-14
FB-02,SKU-015,2,Expired,2026-10-14
FB-02,SKU-016,1,Damaged,2026-10-14
FB-02,SKU-022,1,Expired,2026-10-14
FB-03,SKU-003,1,Quality reject,2026-10-14
FB-03,SKU-004,1,Quality reject,2026-10-14
FB-03,SKU-011,1,Expired,2026-10-14
FB-03,SKU-013,1,Damaged,2026-10-14
FB-03,SKU-014,1,Quality reject,2026-10-14
FB-04,SKU-004,1,Expired,2026-10-14
FB-04,SKU-005,1,Expired,2026-10-14
FB-04,SKU-008,1,Quality reject,2026-10-14
FB-04,SKU-009,1,Quality reject,2026-10-14
FB-04,SKU-012,1,Expired,2026-10-14
FB-04,SKU-022,1,Damaged,2026-10-14
FB-04,SKU-023,1,Expired,2026-10-14
FB-05,SKU-004,1,Expired,2026-10-14
FB-05,SKU-005,1,Expired,2026-10-14
FB-05,SKU-012,1,Quality reject,2026-10-14
FB-05,SKU-018,1,Quality reject,2026-10-14
FB-06,SKU-003,1,Damaged,2026-10-14
FB-06,SKU-006,2,Expired,2026-10-14
FB-06,SKU-010,1,Quality reject,2026-10-14
FB-06,SKU-014,3,Expired,2026-10-14
FB-06,SKU-023,1,Damaged,2026-10-14
FB-06,SKU-025,3,Expired,2026-10-14
FB-07,SKU-003,1,Expired,2026-10-14
FB-07,SKU-019,1,Expired,2026-10-14
FB-07,SKU-022,1,Quality reject,2026-10-14
FB-07,SKU-024,1,Damaged,2026-10-14
FB-08,SKU-004,1,Expired,2026-10-14
FB-08,SKU-006,1,Damaged,2026-10-14
FB-08,SKU-008,1,Expired,2026-10-14
FB-08,SKU-010,1,Expired,2026-10-14
FB-08,SKU-011,7,Expired,2026-10-14
FB-08,SKU-014,1,Quality reject,2026-10-14
FB-08,SKU-017,1,Expired,2026-10-14
FB-08,SKU-024,1,Damaged,2026-10-14
FB-09,SKU-002,1,Quality reject,2026-10-14
FB-09,SKU-004,1,Damaged,2026-10-14
FB-09,SKU-009,1,Quality reject,2026-10-14
FB-09,SKU-022,1,Quality reject,2026-10-14
FB-10,SKU-013,1,Damaged,2026-10-14
FB-10,SKU-019,1,Damaged,2026-10-14
FB-11,SKU-002,1,Expired,2026-10-14
FB-11,SKU-003,1,Expired,2026-10-14
FB-11,SKU-005,1,Expired,2026-10-14
FB-11,SKU-023,1,Quality reject,2026-10-14
FB-12,SKU-003,1,Quality reject,2026-10-14
FB-12,SKU-004,1,Expired,2026-10-14
FB-12,SKU-009,2,Expired,2026-10-14
FB-12,SKU-011,1,Damaged,2026-10-14
FB-12,SKU-012,1,Quality reject,2026-10-14
FB-12,SKU-018,1,Quality reject,2026-10-14
FB-12,SKU-020,1,Expired,2026-10-14
FB-12,SKU-022,2,Expired,2026-10-14
FB-12,SKU-023,2,Damaged,2026-10-14
FB-12,SKU-024,1,Expired,2026-10-14
FB-13,SKU-001,1,Expired,2026-10-14
FB-13,SKU-003,2,Expired,2026-10-14
FB-13,SKU-004,2,Expired,2026-10-14
FB-13,SKU-005,1,Quality reject,2026-10-14
FB-13,SKU-011,1,Expired,2026-10-14
FB-13,SKU-012,1,Quality reject,2026-10-14
FB-13,SKU-013,1,Expired,2026-10-14
FB-13,SKU-016,1,Expired,2026-10-14
FB-13,SKU-024,2,Expired,2026-10-14
FB-14,SKU-001,2,Quality reject,2026-10-14
FB-14,SKU-005,1,Quality reject,2026-10-14
FB-14,SKU-014,1,Expired,2026-10-14
FB-14,SKU-019,1,Expired,2026-10-14
FB-14,SKU-022,1,Damaged,2026-10-14
FB-14,SKU-023,3,Expired,2026-10-14
FB-15,SKU-001,1,Expired,2026-10-14
FB-15,SKU-002,1,Quality reject,2026-10-14
FB-15,SKU-011,1,Damaged,2026-10-14
FB-15,SKU-017,2,Expired,2026-10-14
FB-15,SKU-023,1,Expired,2026-10-14
FB-15,SKU-024,1,Expired,2026-10-14
FB-16,SKU-004,3,Expired,2026-10-14
FB-16,SKU-005,1,Damaged,2026-10-14
FB-16,SKU-009,1,Damaged,2026-10-14
FB-16,SKU-011,1,Damaged,2026-10-14
FB-16,SKU-013,1,Expired,2026-10-14
FB-16,SKU-015,1,Damaged,2026-10-14
FB-16,SKU-022,1,Damaged,2026-10-14
FB-16,SKU-023,2,Expired,2026-10-14
FB-17,SKU-006,2,Expired,2026-10-14
FB-17,SKU-023,2,Expired,2026-10-14
FB-17,SKU-024,1,Expired,2026-10-14
FB-18,SKU-005,3,Damaged,2026-10-14
FB-18,SKU-014,1,Expired,2026-10-14
FB-18,SKU-015,1,Quality reject,2026-10-14
FB-18,SKU-021,1,Expired,2026-10-14
FB-18,SKU-022,1,Damaged,2026-10-14
FB-18,SKU-023,1,Expired,2026-10-14
FB-19,SKU-007,1,Expired,2026-10-14
FB-19,SKU-008,1,Expired,2026-10-14
FB-19,SKU-009,1,Expired,2026-10-14
FB-19,SKU-011,2,Expired,2026-10-14
FB-19,SKU-014,1,Expired,2026-10-14
FB-19,SKU-020,1,Damaged,2026-10-14
FB-19,SKU-022,1,Damaged,2026-10-14
FB-20,SKU-007,1,Quality reject,2026-10-14
FB-20,SKU-011,1,Expired,2026-10-14
FB-20,SKU-012,1,Damaged,2026-10-14
FB-20,SKU-019,1,Damaged,2026-10-14
FB-20,SKU-020,1,Damaged,2026-10-14
FB-20,SKU-022,1,Damaged,2026-10-14
FB-20,SKU-023,1,Expired,2026-10-14
FB-21,SKU-003,1,Expired,2026-10-14
FB-21,SKU-009,1,Expired,2026-10-14
FB-21,SKU-010,2,Damaged,2026-10-14
FB-21,SKU-013,1,Quality reject,2026-10-14
FB-21,SKU-014,1,Damaged,2026-10-14
FB-21,SKU-022,1,Expired,2026-10-14
FB-22,SKU-002,1,Expired,2026-10-14
FB-22,SKU-004,1,Quality reject,2026-10-14
FB-22,SKU-009,1,Expired,2026-10-14
FB-22,SKU-011,1,Expired,2026-10-14
FB-22,SKU-014,1,Damaged,2026-10-14
FB-22,SKU-019,1,Expired,2026-10-14
FB-22,SKU-022,1,Expired,2026-10-14
FB-22,SKU-023,2,Expired,2026-10-14
FB-22,SKU-024,2,Damaged,2026-10-14
FB-23,SKU-003,1,Expired,2026-10-14
FB-23,SKU-005,1,Damaged,2026-10-14
FB-23,SKU-010,1,Quality reject,2026-10-14
FB-23,SKU-012,1,Expired,2026-10-14
FB-23,SKU-019,1,Damaged,2026-10-14
FB-23,SKU-020,1,Expired,2026-10-14
FB-23,SKU-022,1,Damaged,2026-10-14
FB-23,SKU-023,1,Damaged,2026-10-14
FB-23,SKU-025,1,Expired,2026-10-14
FB-24,SKU-002,1,Expired,2026-10-14
FB-24,SKU-014,1,Expired,2026-10-14
FB-24,SKU-021,1,Expired,2026-10-14
FB-24,SKU-022,1,Quality reject,2026-10-14
FB-24,SKU-024,2,Expired,2026-10-14
FB-25,SKU-003,1,Damaged,2026-10-14
FB-25,SKU-005,1,Expired,2026-10-14
FB-25,SKU-006,2,Expired,2026-10-14
FB-25,SKU-014,1,Expired,2026-10-14
FB-25,SKU-017,1,Damaged,2026-10-14
FB-25,SKU-021,2,Expired,2026-10-14
FB-25,SKU-022,1,Quality reject,2026-10-14
FB-01,SKU-008,1,Expired,2026-10-15
FB-01,SKU-012,1,Expired,2026-10-15
FB-01,SKU-014,1,Expired,2026-10-15
FB-01,SKU-017,1,Expired,2026-10-15
FB-01,SKU-018,1,Expired,2026-10-15
FB-01,SKU-019,2,Expired,2026-10-15
FB-01,SKU-022,1,Quality reject,2026-10-15
FB-01,SKU-023,1,Quality reject,2026-10-15
FB-02,SKU-004,2,Expired,2026-10-15
FB-02,SKU-009,1,Damaged,2026-10-15
FB-02,SKU-011,1,Damaged,2026-10-15
FB-02,SKU-012,1,Expired,2026-10-15
FB-02,SKU-014,1,Expired,2026-10-15
FB-02,SKU-018,1,Quality reject,2026-10-15
FB-02,SKU-022,2,Damaged,2026-10-15
FB-02,SKU-025,1,Expired,2026-10-15
FB-03,SKU-010,1,Expired,2026-10-15
FB-03,SKU-011,2,Damaged,2026-10-15
FB-03,SKU-013,1,Expired,2026-10-15
FB-03,SKU-015,1,Expired,2026-10-15
FB-03,SKU-022,1,Expired,2026-10-15
FB-03,SKU-025,1,Expired,2026-10-15
FB-04,SKU-009,1,Quality reject,2026-10-15
FB-04,SKU-012,1,Damaged,2026-10-15
FB-04,SKU-013,1,Expired,2026-10-15
FB-04,SKU-019,1,Quality reject,2026-10-15
FB-04,SKU-021,1,Damaged,2026-10-15
FB-04,SKU-022,2,Damaged,2026-10-15
FB-04,SKU-023,3,Damaged,2026-10-15
FB-05,SKU-011,1,Expired,2026-10-15
FB-05,SKU-022,1,Expired,2026-10-15
FB-05,SKU-025,2,Expired,2026-10-15
FB-06,SKU-001,1,Expired,2026-10-15
FB-06,SKU-006,1,Quality reject,2026-10-15
FB-06,SKU-019,1,Expired,2026-10-15
FB-06,SKU-020,2,Expired,2026-10-15
FB-06,SKU-023,1,Expired,2026-10-15
FB-07,SKU-009,1,Damaged,2026-10-15
FB-07,SKU-014,1,Expired,2026-10-15
FB-07,SKU-015,1,Damaged,2026-10-15
FB-07,SKU-020,1,Quality reject,2026-10-15
FB-07,SKU-023,2,Expired,2026-10-15
FB-08,SKU-002,1,Expired,2026-10-15
FB-08,SKU-005,1,Expired,2026-10-15
FB-08,SKU-007,1,Quality reject,2026-10-15
FB-08,SKU-010,1,Expired,2026-10-15
FB-08,SKU-011,4,Expired,2026-10-15
FB-08,SKU-012,3,Quality reject,2026-10-15
FB-08,SKU-017,1,Quality reject,2026-10-15
FB-08,SKU-020,2,Damaged,2026-10-15
FB-09,SKU-004,1,Quality reject,2026-10-15
FB-09,SKU-010,1,Expired,2026-10-15
FB-09,SKU-013,1,Quality reject,2026-10-15
FB-09,SKU-022,1,Expired,2026-10-15
FB-09,SKU-023,1,Quality reject,2026-10-15
FB-10,SKU-011,1,Expired,2026-10-15
FB-10,SKU-025,1,Expired,2026-10-15
FB-11,SKU-003,1,Damaged,2026-10-15
FB-11,SKU-005,1,Quality reject,2026-10-15
FB-11,SKU-014,2,Expired,2026-10-15
FB-11,SKU-020,1,Damaged,2026-10-15
FB-12,SKU-001,1,Expired,2026-10-15
FB-12,SKU-004,1,Quality reject,2026-10-15
FB-12,SKU-006,1,Expired,2026-10-15
FB-12,SKU-008,1,Expired,2026-10-15
FB-12,SKU-011,3,Damaged,2026-10-15
FB-12,SKU-014,1,Quality reject,2026-10-15
FB-12,SKU-015,1,Expired,2026-10-15
FB-12,SKU-017,1,Expired,2026-10-15
FB-12,SKU-020,1,Expired,2026-10-15
FB-12,SKU-022,2,Expired,2026-10-15
FB-12,SKU-023,4,Expired,2026-10-15
FB-13,SKU-011,1,Expired,2026-10-15
FB-13,SKU-012,1,Expired,2026-10-15
FB-13,SKU-013,1,Expired,2026-10-15
FB-13,SKU-017,1,Expired,2026-10-15
FB-13,SKU-019,1,Expired,2026-10-15
FB-13,SKU-023,2,Expired,2026-10-15
FB-14,SKU-002,1,Quality reject,2026-10-15
FB-14,SKU-003,1,Damaged,2026-10-15
FB-14,SKU-004,1,Expired,2026-10-15
FB-14,SKU-005,1,Expired,2026-10-15
FB-14,SKU-014,1,Expired,2026-10-15
FB-14,SKU-022,1,Damaged,2026-10-15
FB-15,SKU-006,1,Damaged,2026-10-15
FB-15,SKU-011,2,Quality reject,2026-10-15
FB-15,SKU-014,1,Expired,2026-10-15
FB-15,SKU-020,1,Damaged,2026-10-15
FB-15,SKU-021,1,Expired,2026-10-15
FB-16,SKU-003,1,Quality reject,2026-10-15
FB-16,SKU-004,1,Expired,2026-10-15
FB-16,SKU-013,1,Quality reject,2026-10-15
FB-16,SKU-022,1,Expired,2026-10-15
FB-16,SKU-024,1,Expired,2026-10-15
FB-17,SKU-004,1,Quality reject,2026-10-15
FB-17,SKU-017,1,Quality reject,2026-10-15
FB-17,SKU-020,1,Expired,2026-10-15
FB-17,SKU-023,1,Quality reject,2026-10-15
FB-18,SKU-003,1,Expired,2026-10-15
FB-18,SKU-005,1,Expired,2026-10-15
FB-18,SKU-012,1,Expired,2026-10-15
FB-18,SKU-014,1,Expired,2026-10-15
FB-18,SKU-023,3,Expired,2026-10-15
FB-19,SKU-001,2,Expired,2026-10-15
FB-19,SKU-005,1,Expired,2026-10-15
FB-19,SKU-007,1,Damaged,2026-10-15
FB-19,SKU-012,1,Expired,2026-10-15
FB-19,SKU-013,2,Damaged,2026-10-15
FB-19,SKU-014,2,Expired,2026-10-15
FB-19,SKU-015,1,Expired,2026-10-15
FB-19,SKU-023,1,Expired,2026-10-15
FB-19,SKU-024,1,Expired,2026-10-15
FB-20,SKU-009,2,Expired,2026-10-15
FB-20,SKU-011,1,Expired,2026-10-15
FB-20,SKU-019,1,Damaged,2026-10-15
FB-21,SKU-002,1,Expired,2026-10-15
FB-21,SKU-005,1,Damaged,2026-10-15
FB-21,SKU-011,2,Expired,2026-10-15
FB-21,SKU-017,1,Expired,2026-10-15
FB-21,SKU-022,3,Damaged,2026-10-15
FB-21,SKU-025,1,Expired,2026-10-15
FB-22,SKU-004,3,Damaged,2026-10-15
FB-22,SKU-006,1,Expired,2026-10-15
FB-22,SKU-013,1,Quality reject,2026-10-15
FB-22,SKU-020,1,Damaged,2026-10-15
FB-22,SKU-021,2,Damaged,2026-10-15
FB-22,SKU-022,1,Expired,2026-10-15
FB-22,SKU-023,1,Expired,2026-10-15
FB-23,SKU-004,1,Damaged,2026-10-15
FB-23,SKU-007,1,Expired,2026-10-15
FB-23,SKU-014,1,Expired,2026-10-15
FB-23,SKU-019,1,Expired,2026-10-15
FB-23,SKU-023,3,Expired,2026-10-15
FB-24,SKU-012,1,Damaged,2026-10-15
FB-24,SKU-017,2,Quality reject,2026-10-15
FB-24,SKU-022,1,Damaged,2026-10-15
FB-24,SKU-025,1,Expired,2026-10-15
FB-25,SKU-004,1,Expired,2026-10-15
FB-25,SKU-007,2,Damaged,2026-10-15
FB-25,SKU-009,1,Quality reject,2026-10-15
FB-25,SKU-022,1,Expired,2026-10-15
FB-01,SKU-007,1,Expired,2026-10-16
FB-01,SKU-011,1,Damaged,2026-10-16
FB-01,SKU-017,1,Expired,2026-10-16
FB-01,SKU-025,1,Expired,2026-10-16
FB-02,SKU-013,1,Quality reject,2026-10-16
FB-02,SKU-014,1,Damaged,2026-10-16
FB-02,SKU-016,1,Expired,2026-10-16
FB-02,SKU-022,1,Damaged,2026-10-16
FB-03,SKU-001,1,Quality reject,2026-10-16
FB-03,SKU-003,1,Damaged,2026-10-16
FB-03,SKU-005,1,Expired,2026-10-16
FB-03,SKU-010,1,Expired,2026-10-16
FB-03,SKU-019,1,Damaged,2026-10-16
FB-04,SKU-005,1,Expired,2026-10-16
FB-04,SKU-007,1,Damaged,2026-10-16
FB-04,SKU-010,1,Damaged,2026-10-16
FB-04,SKU-011,1,Quality reject,2026-10-16
FB-04,SKU-019,1,Expired,2026-10-16
FB-04,SKU-023,2,Expired,2026-10-16
FB-05,SKU-001,1,Expired,2026-10-16
FB-05,SKU-010,1,Quality reject,2026-10-16
FB-05,SKU-019,1,Damaged,2026-10-16
FB-06,SKU-005,1,Expired,2026-10-16
FB-06,SKU-007,1,Damaged,2026-10-16
FB-06,SKU-012,2,Expired,2026-10-16
FB-06,SKU-020,1,Expired,2026-10-16
FB-06,SKU-023,1,Expired,2026-10-16
FB-06,SKU-025,2,Quality reject,2026-10-16
FB-07,SKU-019,1,Expired,2026-10-16
FB-07,SKU-022,1,Expired,2026-10-16
FB-07,SKU-023,1,Quality reject,2026-10-16
FB-08,SKU-003,1,Expired,2026-10-16
FB-08,SKU-005,2,Expired,2026-10-16
FB-08,SKU-007,1,Quality reject,2026-10-16
FB-08,SKU-010,1,Expired,2026-10-16
FB-08,SKU-011,4,Damaged,2026-10-16
FB-08,SKU-012,2,Damaged,2026-10-16
FB-08,SKU-017,1,Expired,2026-10-16
FB-08,SKU-020,1,Expired,2026-10-16
FB-08,SKU-021,1,Damaged,2026-10-16
FB-08,SKU-022,1,Expired,2026-10-16
FB-09,SKU-003,1,Expired,2026-10-16
FB-09,SKU-006,1,Expired,2026-10-16
FB-09,SKU-014,1,Expired,2026-10-16
FB-09,SKU-023,1,Expired,2026-10-16
FB-10,SKU-006,1,Damaged,2026-10-16
FB-10,SKU-008,1,Quality reject,2026-10-16
FB-10,SKU-014,1,Expired,2026-10-16
FB-10,SKU-015,1,Expired,2026-10-16
FB-10,SKU-017,1,Expired,2026-10-16
FB-10,SKU-019,1,Quality reject,2026-10-16
FB-10,SKU-022,1,Expired,2026-10-16
FB-11,SKU-002,1,Expired,2026-10-16
FB-11,SKU-004,1,Damaged,2026-10-16
FB-11,SKU-006,2,Expired,2026-10-16
FB-11,SKU-010,1,Damaged,2026-10-16
FB-11,SKU-014,1,Quality reject,2026-10-16
FB-11,SKU-023,1,Quality reject,2026-10-16
FB-12,SKU-003,1,Quality reject,2026-10-16
FB-12,SKU-004,1,Expired,2026-10-16
FB-12,SKU-013,4,Expired,2026-10-16
FB-12,SKU-014,1,Expired,2026-10-16
FB-12,SKU-015,1,Damaged,2026-10-16
FB-12,SKU-018,1,Expired,2026-10-16
FB-12,SKU-019,1,Expired,2026-10-16
FB-12,SKU-020,1,Damaged,2026-10-16
FB-12,SKU-021,1,Expired,2026-10-16
FB-13,SKU-001,2,Damaged,2026-10-16
FB-13,SKU-008,1,Damaged,2026-10-16
FB-13,SKU-011,1,Expired,2026-10-16
FB-13,SKU-013,1,Expired,2026-10-16
FB-13,SKU-022,1,Damaged,2026-10-16
FB-13,SKU-023,2,Damaged,2026-10-16
FB-14,SKU-004,2,Quality reject,2026-10-16
FB-14,SKU-007,1,Expired,2026-10-16
FB-14,SKU-010,1,Expired,2026-10-16
FB-14,SKU-012,1,Quality reject,2026-10-16
FB-14,SKU-013,1,Quality reject,2026-10-16
FB-14,SKU-023,1,Damaged,2026-10-16
FB-16,SKU-003,2,Quality reject,2026-10-16
FB-16,SKU-006,1,Expired,2026-10-16
FB-16,SKU-009,1,Quality reject,2026-10-16
FB-16,SKU-013,1,Quality reject,2026-10-16
FB-16,SKU-014,1,Damaged,2026-10-16
FB-16,SKU-017,1,Damaged,2026-10-16
FB-16,SKU-023,2,Damaged,2026-10-16
FB-17,SKU-001,1,Expired,2026-10-16
FB-17,SKU-005,1,Quality reject,2026-10-16
FB-17,SKU-012,1,Damaged,2026-10-16
FB-17,SKU-023,1,Quality reject,2026-10-16
FB-18,SKU-001,2,Quality reject,2026-10-16
FB-18,SKU-005,1,Expired,2026-10-16
FB-18,SKU-006,1,Damaged,2026-10-16
FB-18,SKU-014,2,Expired,2026-10-16
FB-18,SKU-021,2,Damaged,2026-10-16
FB-18,SKU-022,2,Quality reject,2026-10-16
FB-18,SKU-023,1,Expired,2026-10-16
FB-19,SKU-003,1,Expired,2026-10-16
FB-19,SKU-005,1,Expired,2026-10-16
FB-19,SKU-008,2,Quality reject,2026-10-16
FB-19,SKU-011,1,Damaged,2026-10-16
FB-19,SKU-023,1,Quality reject,2026-10-16
FB-19,SKU-024,1,Expired,2026-10-16
FB-20,SKU-001,1,Expired,2026-10-16
FB-20,SKU-011,2,Expired,2026-10-16
FB-20,SKU-014,1,Expired,2026-10-16
FB-20,SKU-023,1,Damaged,2026-10-16
FB-20,SKU-024,1,Quality reject,2026-10-16
FB-21,SKU-005,1,Expired,2026-10-16
FB-21,SKU-009,1,Expired,2026-10-16
FB-21,SKU-014,2,Expired,2026-10-16
FB-21,SKU-015,1,Damaged,2026-10-16
FB-21,SKU-017,2,Expired,2026-10-16
FB-21,SKU-022,1,Expired,2026-10-16
FB-21,SKU-023,1,Expired,2026-10-16
FB-22,SKU-001,2,Expired,2026-10-16
FB-22,SKU-007,1,Damaged,2026-10-16
FB-22,SKU-013,1,Quality reject,2026-10-16
FB-22,SKU-014,1,Damaged,2026-10-16
FB-22,SKU-019,2,Expired,2026-10-16
FB-22,SKU-023,4,Expired,2026-10-16
FB-22,SKU-025,1,Damaged,2026-10-16
FB-23,SKU-003,1,Quality reject,2026-10-16
FB-23,SKU-008,1,Quality reject,2026-10-16
FB-23,SKU-017,1,Damaged,2026-10-16
FB-23,SKU-019,1,Quality reject,2026-10-16
FB-23,SKU-022,1,Expired,2026-10-16
FB-23,SKU-024,1,Expired,2026-10-16
FB-24,SKU-013,1,Quality reject,2026-10-16
FB-24,SKU-014,2,Expired,2026-10-16
FB-24,SKU-025,1,Expired,2026-10-16
FB-25,SKU-006,2,Expired,2026-10-16
FB-25,SKU-010,1,Quality reject,2026-10-16
FB-25,SKU-011,1,Quality reject,2026-10-16
FB-25,SKU-014,1,Quality reject,2026-10-16
FB-25,SKU-015,2,Expired,2026-10-16
FB-25,SKU-019,1,Expired,2026-10-16
FB-25,SKU-021,1,Expired,2026-10-16
FB-25,SKU-024,1,Quality reject,2026-10-16
FB-01,SKU-001,1,Damaged,2026-10-17
FB-01,SKU-009,1,Damaged,2026-10-17
FB-01,SKU-012,1,Expired,2026-10-17
FB-01,SKU-017,1,Expired,2026-10-17
FB-01,SKU-022,1,Damaged,2026-10-17
FB-02,SKU-004,1,Expired,2026-10-17
FB-02,SKU-013,1,Expired,2026-10-17
FB-02,SKU-014,2,Quality reject,2026-10-17
FB-02,SKU-022,3,Damaged,2026-10-17
FB-03,SKU-007,1,Expired,2026-10-17
FB-03,SKU-013,1,Expired,2026-10-17
FB-03,SKU-014,1,Expired,2026-10-17
FB-03,SKU-022,1,Expired,2026-10-17
FB-03,SKU-023,1,Quality reject,2026-10-17
FB-03,SKU-024,1,Damaged,2026-10-17
FB-04,SKU-002,1,Expired,2026-10-17
FB-04,SKU-003,1,Expired,2026-10-17
FB-04,SKU-004,1,Quality reject,2026-10-17
FB-04,SKU-005,2,Expired,2026-10-17
FB-04,SKU-009,1,Expired,2026-10-17
FB-04,SKU-011,2,Expired,2026-10-17
FB-04,SKU-012,1,Expired,2026-10-17
FB-04,SKU-014,1,Quality reject,2026-10-17
FB-04,SKU-020,1,Expired,2026-10-17
FB-04,SKU-021,1,Expired,2026-10-17
FB-04,SKU-023,2,Damaged,2026-10-17
FB-05,SKU-004,2,Quality reject,2026-10-17
FB-05,SKU-010,1,Damaged,2026-10-17
FB-05,SKU-024,1,Quality reject,2026-10-17
FB-06,SKU-003,1,Damaged,2026-10-17
FB-06,SKU-005,1,Quality reject,2026-10-17
FB-06,SKU-006,2,Expired,2026-10-17
FB-06,SKU-014,2,Expired,2026-10-17
FB-06,SKU-017,1,Damaged,2026-10-17
FB-06,SKU-020,1,Damaged,2026-10-17
FB-06,SKU-021,1,Expired,2026-10-17
FB-06,SKU-022,2,Expired,2026-10-17
FB-06,SKU-023,1,Quality reject,2026-10-17
FB-07,SKU-003,1,Damaged,2026-10-17
FB-08,SKU-004,1,Damaged,2026-10-17
FB-08,SKU-005,1,Quality reject,2026-10-17
FB-08,SKU-007,1,Quality reject,2026-10-17
FB-08,SKU-008,1,Quality reject,2026-10-17
FB-08,SKU-009,2,Damaged,2026-10-17
FB-08,SKU-010,1,Quality reject,2026-10-17
FB-08,SKU-011,2,Expired,2026-10-17
FB-08,SKU-012,1,Expired,2026-10-17
FB-08,SKU-014,3,Expired,2026-10-17
FB-08,SKU-019,2,Expired,2026-10-17
FB-08,SKU-023,1,Quality reject,2026-10-17
FB-08,SKU-024,1,Damaged,2026-10-17
FB-08,SKU-025,2,Expired,2026-10-17
FB-09,SKU-004,2,Expired,2026-10-17
FB-09,SKU-006,1,Damaged,2026-10-17
FB-09,SKU-012,1,Damaged,2026-10-17
FB-09,SKU-021,1,Damaged,2026-10-17
FB-10,SKU-005,2,Expired,2026-10-17
FB-11,SKU-005,2,Quality reject,2026-10-17
FB-11,SKU-011,1,Quality reject,2026-10-17
FB-11,SKU-012,1,Expired,2026-10-17
FB-11,SKU-023,1,Quality reject,2026-10-17
FB-11,SKU-025,1,Expired,2026-10-17
FB-12,SKU-002,1,Expired,2026-10-17
FB-12,SKU-006,1,Quality reject,2026-10-17
FB-12,SKU-017,1,Expired,2026-10-17
FB-12,SKU-019,1,Expired,2026-10-17
FB-12,SKU-021,1,Expired,2026-10-17
FB-12,SKU-022,1,Quality reject,2026-10-17
FB-12,SKU-023,1,Quality reject,2026-10-17
FB-13,SKU-004,1,Expired,2026-10-17
FB-13,SKU-005,1,Damaged,2026-10-17
FB-13,SKU-006,1,Damaged,2026-10-17
FB-13,SKU-011,2,Expired,2026-10-17
FB-13,SKU-014,1,Expired,2026-10-17
FB-13,SKU-023,1,Expired,2026-10-17
FB-14,SKU-001,2,Expired,2026-10-17
FB-14,SKU-004,1,Expired,2026-10-17
FB-14,SKU-005,2,Expired,2026-10-17
FB-14,SKU-018,1,Damaged,2026-10-17
FB-14,SKU-022,2,Expired,2026-10-17
FB-15,SKU-003,2,Expired,2026-10-17
FB-15,SKU-005,1,Expired,2026-10-17
FB-15,SKU-011,3,Damaged,2026-10-17
FB-15,SKU-014,1,Damaged,2026-10-17
FB-15,SKU-018,1,Quality reject,2026-10-17
FB-15,SKU-022,1,Damaged,2026-10-17
FB-15,SKU-025,1,Expired,2026-10-17
FB-16,SKU-004,1,Expired,2026-10-17
FB-16,SKU-005,1,Expired,2026-10-17
FB-16,SKU-011,1,Damaged,2026-10-17
FB-16,SKU-014,1,Quality reject,2026-10-17
FB-16,SKU-022,1,Expired,2026-10-17
FB-17,SKU-002,1,Expired,2026-10-17
FB-17,SKU-011,2,Expired,2026-10-17
FB-17,SKU-014,1,Expired,2026-10-17
FB-17,SKU-017,1,Damaged,2026-10-17
FB-17,SKU-020,1,Quality reject,2026-10-17
FB-17,SKU-024,1,Damaged,2026-10-17
FB-18,SKU-005,1,Expired,2026-10-17
FB-18,SKU-017,1,Damaged,2026-10-17
FB-19,SKU-003,1,Expired,2026-10-17
FB-19,SKU-005,1,Damaged,2026-10-17
FB-19,SKU-014,1,Expired,2026-10-17
FB-19,SKU-016,2,Quality reject,2026-10-17
FB-19,SKU-022,1,Expired,2026-10-17
FB-19,SKU-023,1,Expired,2026-10-17
FB-20,SKU-019,1,Expired,2026-10-17
FB-20,SKU-021,1,Quality reject,2026-10-17
FB-21,SKU-001,1,Damaged,2026-10-17
FB-21,SKU-005,1,Expired,2026-10-17
FB-21,SKU-007,2,Expired,2026-10-17
FB-21,SKU-021,1,Expired,2026-10-17
FB-21,SKU-022,1,Quality reject,2026-10-17
FB-21,SKU-023,2,Damaged,2026-10-17
FB-22,SKU-001,1,Expired,2026-10-17
FB-22,SKU-004,2,Expired,2026-10-17
FB-22,SKU-005,2,Expired,2026-10-17
FB-22,SKU-009,1,Expired,2026-10-17
FB-22,SKU-011,1,Quality reject,2026-10-17
FB-22,SKU-012,2,Expired,2026-10-17
FB-22,SKU-014,1,Expired,2026-10-17
FB-22,SKU-016,1,Quality reject,2026-10-17
FB-22,SKU-022,2,Expired,2026-10-17
FB-22,SKU-023,1,Quality reject,2026-10-17
FB-23,SKU-005,2,Expired,2026-10-17
FB-23,SKU-012,1,Quality reject,2026-10-17
FB-23,SKU-013,2,Expired,2026-10-17
FB-23,SKU-017,1,Expired,2026-10-17
FB-23,SKU-022,2,Quality reject,2026-10-17
FB-24,SKU-022,1,Expired,2026-10-17
FB-24,SKU-023,2,Expired,2026-10-17
FB-24,SKU-025,1,Expired,2026-10-17
FB-25,SKU-011,1,Expired,2026-10-17
FB-25,SKU-013,1,Damaged,2026-10-17
FB-25,SKU-017,1,Expired,2026-10-17
FB-25,SKU-019,1,Expired,2026-10-17
FB-25,SKU-023,1,Quality reject,2026-10-17
FB-25,SKU-025,1,Expired,2026-10-17
FB-01,SKU-005,1,Expired,2026-10-18
FB-01,SKU-008,1,Quality reject,2026-10-18
FB-01,SKU-011,1,Expired,2026-10-18
FB-01,SKU-016,1,Expired,2026-10-18
FB-01,SKU-023,1,Expired,2026-10-18
FB-02,SKU-002,1,Quality reject,2026-10-18
FB-02,SKU-004,1,Expired,2026-10-18
FB-02,SKU-007,1,Quality reject,2026-10-18
FB-02,SKU-011,2,Expired,2026-10-18
FB-02,SKU-018,1,Damaged,2026-10-18
FB-02,SKU-021,1,Quality reject,2026-10-18
FB-03,SKU-003,1,Damaged,2026-10-18
FB-03,SKU-014,1,Expired,2026-10-18
FB-03,SKU-023,1,Expired,2026-10-18
FB-04,SKU-003,1,Expired,2026-10-18
FB-04,SKU-005,1,Damaged,2026-10-18
FB-04,SKU-010,2,Expired,2026-10-18
FB-04,SKU-017,1,Damaged,2026-10-18
FB-04,SKU-022,1,Expired,2026-10-18
FB-05,SKU-003,2,Expired,2026-10-18
FB-05,SKU-011,1,Expired,2026-10-18
FB-05,SKU-019,1,Expired,2026-10-18
FB-05,SKU-022,1,Quality reject,2026-10-18
FB-05,SKU-024,1,Expired,2026-10-18
FB-06,SKU-002,1,Expired,2026-10-18
FB-06,SKU-009,1,Expired,2026-10-18
FB-06,SKU-013,1,Expired,2026-10-18
FB-06,SKU-014,1,Expired,2026-10-18
FB-06,SKU-021,2,Quality reject,2026-10-18
FB-06,SKU-023,2,Expired,2026-10-18
FB-06,SKU-025,1,Expired,2026-10-18
FB-07,SKU-014,1,Damaged,2026-10-18
FB-07,SKU-019,1,Expired,2026-10-18
FB-07,SKU-021,1,Quality reject,2026-10-18
FB-07,SKU-025,1,Expired,2026-10-18
FB-08,SKU-003,1,Expired,2026-10-18
FB-08,SKU-008,1,Expired,2026-10-18
FB-08,SKU-009,1,Damaged,2026-10-18
FB-08,SKU-010,1,Expired,2026-10-18
FB-08,SKU-011,1,Expired,2026-10-18
FB-08,SKU-012,1,Expired,2026-10-18
FB-08,SKU-018,1,Quality reject,2026-10-18
FB-08,SKU-020,2,Expired,2026-10-18
FB-08,SKU-023,1,Expired,2026-10-18
FB-09,SKU-003,2,Damaged,2026-10-18
FB-09,SKU-004,1,Damaged,2026-10-18
FB-09,SKU-011,1,Quality reject,2026-10-18
FB-10,SKU-007,1,Quality reject,2026-10-18
FB-10,SKU-009,1,Expired,2026-10-18
FB-10,SKU-014,1,Quality reject,2026-10-18
FB-10,SKU-017,1,Expired,2026-10-18
FB-10,SKU-020,1,Expired,2026-10-18
FB-11,SKU-004,1,Expired,2026-10-18
FB-11,SKU-008,1,Expired,2026-10-18
FB-11,SKU-013,1,Damaged,2026-10-18
FB-11,SKU-014,4,Expired,2026-10-18
FB-11,SKU-018,1,Damaged,2026-10-18
FB-11,SKU-023,1,Damaged,2026-10-18
FB-12,SKU-001,1,Expired,2026-10-18
FB-12,SKU-004,1,Expired,2026-10-18
FB-12,SKU-005,1,Expired,2026-10-18
FB-12,SKU-008,1,Expired,2026-10-18
FB-12,SKU-009,1,Expired,2026-10-18
FB-12,SKU-011,1,Expired,2026-10-18
FB-12,SKU-012,1,Quality reject,2026-10-18
FB-12,SKU-023,1,Expired,2026-10-18
FB-12,SKU-024,1,Quality reject,2026-10-18
FB-12,SKU-025,1,Expired,2026-10-18
FB-13,SKU-005,1,Expired,2026-10-18
FB-13,SKU-007,2,Expired,2026-10-18
FB-13,SKU-011,2,Expired,2026-10-18
FB-13,SKU-017,2,Expired,2026-10-18
FB-13,SKU-019,1,Quality reject,2026-10-18
FB-13,SKU-020,1,Expired,2026-10-18
FB-13,SKU-022,2,Expired,2026-10-18
FB-14,SKU-001,1,Damaged,2026-10-18
FB-14,SKU-002,1,Damaged,2026-10-18
FB-14,SKU-003,2,Expired,2026-10-18
FB-14,SKU-010,2,Damaged,2026-10-18
FB-14,SKU-017,1,Expired,2026-10-18
FB-14,SKU-018,1,Expired,2026-10-18
FB-14,SKU-019,1,Quality reject,2026-10-18
FB-15,SKU-003,2,Expired,2026-10-18
FB-15,SKU-004,1,Expired,2026-10-18
FB-15,SKU-009,1,Expired,2026-10-18
FB-15,SKU-022,1,Quality reject,2026-10-18
FB-16,SKU-003,1,Expired,2026-10-18
FB-16,SKU-017,1,Expired,2026-10-18
FB-16,SKU-024,1,Expired,2026-10-18
FB-17,SKU-010,1,Quality reject,2026-10-18
FB-17,SKU-013,2,Expired,2026-10-18
FB-17,SKU-016,1,Quality reject,2026-10-18
FB-17,SKU-017,1,Expired,2026-10-18
FB-17,SKU-022,1,Damaged,2026-10-18
FB-18,SKU-001,1,Expired,2026-10-18
FB-18,SKU-008,1,Expired,2026-10-18
FB-18,SKU-012,1,Expired,2026-10-18
FB-18,SKU-017,1,Quality reject,2026-10-18
FB-18,SKU-022,1,Expired,2026-10-18
FB-18,SKU-023,3,Expired,2026-10-18
FB-19,SKU-004,3,Expired,2026-10-18
FB-19,SKU-011,1,Damaged,2026-10-18
FB-19,SKU-012,1,Expired,2026-10-18
FB-19,SKU-013,3,Damaged,2026-10-18
FB-19,SKU-014,1,Expired,2026-10-18
FB-19,SKU-022,1,Damaged,2026-10-18
FB-19,SKU-023,1,Expired,2026-10-18
FB-20,SKU-003,1,Expired,2026-10-18
FB-20,SKU-006,1,Damaged,2026-10-18
FB-20,SKU-007,1,Expired,2026-10-18
FB-20,SKU-008,1,Expired,2026-10-18
FB-20,SKU-013,2,Expired,2026-10-18
FB-20,SKU-023,1,Expired,2026-10-18
FB-21,SKU-003,1,Expired,2026-10-18
FB-21,SKU-008,1,Damaged,2026-10-18
FB-21,SKU-014,3,Expired,2026-10-18
FB-21,SKU-017,1,Expired,2026-10-18
FB-21,SKU-021,1,Expired,2026-10-18
FB-22,SKU-005,1,Damaged,2026-10-18
FB-22,SKU-009,1,Expired,2026-10-18
FB-22,SKU-020,1,Expired,2026-10-18
FB-23,SKU-004,3,Expired,2026-10-18
FB-23,SKU-007,1,Quality reject,2026-10-18
FB-23,SKU-011,2,Expired,2026-10-18
FB-23,SKU-013,2,Quality reject,2026-10-18
FB-23,SKU-019,1,Expired,2026-10-18
FB-23,SKU-023,1,Damaged,2026-10-18
FB-24,SKU-003,1,Damaged,2026-10-18
FB-24,SKU-009,1,Expired,2026-10-18
FB-24,SKU-011,1,Expired,2026-10-18
FB-24,SKU-015,1,Damaged,2026-10-18
FB-24,SKU-022,1,Quality reject,2026-10-18
FB-25,SKU-011,1,Damaged,2026-10-18
FB-25,SKU-012,1,Damaged,2026-10-18
FB-25,SKU-014,1,Expired,2026-10-18
FB-25,SKU-018,1,Damaged,2026-10-18
FB-25,SKU-023,1,Damaged,2026-10-18
FB-01,SKU-005,1,Expired,2026-10-19
FB-01,SKU-006,1,Quality reject,2026-10-19
FB-01,SKU-012,1,Quality reject,2026-10-19
FB-01,SKU-020,1,Expired,2026-10-19
FB-02,SKU-001,1,Damaged,2026-10-19
FB-02,SKU-003,1,Expired,2026-10-19
FB-02,SKU-005,1,Quality reject,2026-10-19
FB-02,SKU-006,2,Expired,2026-10-19
FB-02,SKU-008,1,Damaged,2026-10-19
FB-02,SKU-011,1,Expired,2026-10-19
FB-02,SKU-014,1,Expired,2026-10-19
FB-02,SKU-015,1,Damaged,2026-10-19
FB-02,SKU-019,2,Expired,2026-10-19
FB-02,SKU-022,2,Quality reject,2026-10-19
FB-02,SKU-023,2,Quality reject,2026-10-19
FB-02,SKU-025,1,Expired,2026-10-19
FB-03,SKU-010,1,Expired,2026-10-19
FB-03,SKU-012,1,Expired,2026-10-19
FB-03,SKU-022,1,Expired,2026-10-19
FB-03,SKU-025,1,Expired,2026-10-19
FB-04,SKU-002,1,Expired,2026-10-19
FB-04,SKU-004,1,Expired,2026-10-19
FB-04,SKU-008,1,Expired,2026-10-19
FB-04,SKU-011,1,Expired,2026-10-19
FB-04,SKU-012,1,Expired,2026-10-19
FB-04,SKU-022,1,Quality reject,2026-10-19
FB-04,SKU-023,1,Damaged,2026-10-19
FB-04,SKU-024,1,Expired,2026-10-19
FB-05,SKU-011,2,Expired,2026-10-19
FB-05,SKU-019,1,Expired,2026-10-19
FB-05,SKU-023,1,Expired,2026-10-19
FB-06,SKU-008,1,Quality reject,2026-10-19
FB-06,SKU-011,1,Quality reject,2026-10-19
FB-06,SKU-018,1,Expired,2026-10-19
FB-06,SKU-025,1,Quality reject,2026-10-19
FB-07,SKU-001,2,Expired,2026-10-19
FB-07,SKU-003,1,Expired,2026-10-19
FB-07,SKU-004,1,Damaged,2026-10-19
FB-07,SKU-019,1,Expired,2026-10-19
FB-07,SKU-025,1,Expired,2026-10-19
FB-08,SKU-003,1,Expired,2026-10-19
FB-08,SKU-004,1,Expired,2026-10-19
FB-08,SKU-007,1,Expired,2026-10-19
FB-08,SKU-009,2,Expired,2026-10-19
FB-08,SKU-011,4,Expired,2026-10-19
FB-08,SKU-012,1,Expired,2026-10-19
FB-08,SKU-013,1,Damaged,2026-10-19
FB-09,SKU-004,1,Expired,2026-10-19
FB-09,SKU-005,3,Expired,2026-10-19
FB-09,SKU-011,1,Quality reject,2026-10-19
FB-09,SKU-012,1,Quality reject,2026-10-19
FB-09,SKU-014,1,Expired,2026-10-19
FB-09,SKU-018,1,Quality reject,2026-10-19
FB-09,SKU-025,1,Expired,2026-10-19
FB-10,SKU-003,1,Damaged,2026-10-19
FB-10,SKU-004,1,Expired,2026-10-19
FB-10,SKU-009,1,Expired,2026-10-19
FB-10,SKU-010,1,Expired,2026-10-19
FB-10,SKU-011,1,Expired,2026-10-19
FB-10,SKU-017,1,Expired,2026-10-19
FB-10,SKU-019,1,Damaged,2026-10-19
FB-10,SKU-023,1,Quality reject,2026-10-19
FB-10,SKU-024,1,Expired,2026-10-19
FB-11,SKU-020,1,Expired,2026-10-19
FB-11,SKU-021,1,Expired,2026-10-19
FB-12,SKU-001,1,Expired,2026-10-19
FB-12,SKU-004,1,Expired,2026-10-19
FB-12,SKU-005,1,Quality reject,2026-10-19
FB-12,SKU-009,1,Expired,2026-10-19
FB-12,SKU-011,2,Quality reject,2026-10-19
FB-12,SKU-025,1,Quality reject,2026-10-19
FB-13,SKU-002,1,Expired,2026-10-19
FB-13,SKU-006,1,Expired,2026-10-19
FB-13,SKU-011,3,Expired,2026-10-19
FB-13,SKU-013,1,Damaged,2026-10-19
FB-13,SKU-014,1,Expired,2026-10-19
FB-13,SKU-022,1,Expired,2026-10-19
FB-13,SKU-023,1,Expired,2026-10-19
FB-14,SKU-003,1,Damaged,2026-10-19
FB-14,SKU-005,1,Expired,2026-10-19
FB-14,SKU-009,1,Damaged,2026-10-19
FB-14,SKU-010,2,Damaged,2026-10-19
FB-14,SKU-011,2,Expired,2026-10-19
FB-14,SKU-014,2,Quality reject,2026-10-19
FB-14,SKU-017,1,Expired,2026-10-19
FB-14,SKU-021,1,Damaged,2026-10-19
FB-14,SKU-022,1,Expired,2026-10-19
FB-14,SKU-023,1,Damaged,2026-10-19
FB-15,SKU-003,1,Expired,2026-10-19
FB-15,SKU-014,1,Damaged,2026-10-19
FB-15,SKU-023,1,Damaged,2026-10-19
FB-16,SKU-013,1,Quality reject,2026-10-19
FB-16,SKU-014,1,Quality reject,2026-10-19
FB-16,SKU-015,1,Expired,2026-10-19
FB-17,SKU-001,1,Expired,2026-10-19
FB-17,SKU-007,1,Quality reject,2026-10-19
FB-17,SKU-011,1,Damaged,2026-10-19
FB-17,SKU-013,1,Expired,2026-10-19
FB-17,SKU-021,1,Expired,2026-10-19
FB-17,SKU-024,1,Quality reject,2026-10-19
FB-18,SKU-003,1,Expired,2026-10-19
FB-19,SKU-005,2,Expired,2026-10-19
FB-19,SKU-006,1,Quality reject,2026-10-19
FB-19,SKU-012,1,Expired,2026-10-19
FB-19,SKU-017,1,Expired,2026-10-19
FB-19,SKU-018,1,Expired,2026-10-19
FB-19,SKU-022,1,Expired,2026-10-19
FB-19,SKU-024,1,Expired,2026-10-19
FB-20,SKU-001,1,Quality reject,2026-10-19
FB-20,SKU-003,1,Expired,2026-10-19
FB-20,SKU-005,3,Expired,2026-10-19
FB-20,SKU-009,1,Expired,2026-10-19
FB-20,SKU-010,1,Expired,2026-10-19
FB-20,SKU-011,1,Damaged,2026-10-19
FB-20,SKU-020,1,Damaged,2026-10-19
FB-21,SKU-001,1,Expired,2026-10-19
FB-21,SKU-006,2,Expired,2026-10-19
FB-21,SKU-008,1,Expired,2026-10-19
FB-21,SKU-009,1,Expired,2026-10-19
FB-21,SKU-014,1,Expired,2026-10-19
FB-21,SKU-017,1,Damaged,2026-10-19
FB-21,SKU-022,1,Quality reject,2026-10-19
FB-21,SKU-023,1,Quality reject,2026-10-19
FB-21,SKU-024,1,Expired,2026-10-19
FB-22,SKU-004,1,Expired,2026-10-19
FB-22,SKU-005,2,Expired,2026-10-19
FB-22,SKU-006,1,Damaged,2026-10-19
FB-22,SKU-007,1,Expired,2026-10-19
FB-22,SKU-010,1,Expired,2026-10-19
FB-22,SKU-012,1,Expired,2026-10-19
FB-22,SKU-013,1,Damaged,2026-10-19
FB-22,SKU-023,1,Damaged,2026-10-19
FB-23,SKU-004,1,Expired,2026-10-19
FB-23,SKU-006,1,Expired,2026-10-19
FB-23,SKU-011,2,Expired,2026-10-19
FB-23,SKU-014,1,Expired,2026-10-19
FB-23,SKU-017,2,Expired,2026-10-19
FB-23,SKU-022,1,Damaged,2026-10-19
FB-23,SKU-023,1,Expired,2026-10-19
FB-24,SKU-005,3,Expired,2026-10-19
FB-24,SKU-009,1,Quality reject,2026-10-19
FB-24,SKU-011,1,Quality reject,2026-10-19
FB-24,SKU-013,1,Expired,2026-10-19
FB-24,SKU-014,2,Damaged,2026-10-19
FB-24,SKU-016,1,Expired,2026-10-19
FB-24,SKU-024,1,Expired,2026-10-19
FB-25,SKU-001,1,Damaged,2026-10-19
FB-25,SKU-004,1,Quality reject,2026-10-19
FB-25,SKU-013,1,Damaged,2026-10-19
FB-25,SKU-014,1,Expired,2026-10-19
FB-25,SKU-022,1,Expired,2026-10-19
FB-25,SKU-025,1,Expired,2026-10-19
FB-01,SKU-003,1,Expired,2026-10-20
FB-01,SKU-010,1,Expired,2026-10-20
FB-01,SKU-020,1,Expired,2026-10-20
FB-02,SKU-005,2,Expired,2026-10-20
FB-02,SKU-008,1,Expired,2026-10-20
FB-02,SKU-011,2,Expired,2026-10-20
FB-02,SKU-012,1,Quality reject,2026-10-20
FB-02,SKU-014,1,Expired,2026-10-20
FB-02,SKU-015,1,Expired,2026-10-20
FB-02,SKU-020,1,Expired,2026-10-20
FB-02,SKU-021,1,Expired,2026-10-20
FB-02,SKU-022,1,Expired,2026-10-20
FB-02,SKU-024,1,Damaged,2026-10-20
FB-03,SKU-004,1,Expired,2026-10-20
FB-03,SKU-005,2,Expired,2026-10-20
FB-03,SKU-006,1,Expired,2026-10-20
FB-03,SKU-011,1,Expired,2026-10-20
FB-03,SKU-025,1,Quality reject,2026-10-20
FB-04,SKU-004,1,Expired,2026-10-20
FB-04,SKU-005,1,Damaged,2026-10-20
FB-04,SKU-009,2,Expired,2026-10-20
FB-05,SKU-003,1,Quality reject,2026-10-20
FB-05,SKU-010,1,Expired,2026-10-20
FB-05,SKU-011,1,Expired,2026-10-20
FB-05,SKU-014,1,Expired,2026-10-20
FB-05,SKU-023,1,Quality reject,2026-10-20
FB-05,SKU-024,1,Damaged,2026-10-20
FB-05,SKU-025,1,Quality reject,2026-10-20
FB-06,SKU-003,1,Damaged,2026-10-20
FB-06,SKU-005,1,Damaged,2026-10-20
FB-06,SKU-014,1,Expired,2026-10-20
FB-06,SKU-025,1,Expired,2026-10-20
FB-07,SKU-009,1,Expired,2026-10-20
FB-07,SKU-022,1,Expired,2026-10-20
FB-07,SKU-023,2,Damaged,2026-10-20
FB-07,SKU-024,2,Damaged,2026-10-20
FB-08,SKU-003,2,Expired,2026-10-20
FB-08,SKU-005,1,Expired,2026-10-20
FB-08,SKU-006,1,Damaged,2026-10-20
FB-08,SKU-009,1,Damaged,2026-10-20
FB-08,SKU-010,1,Damaged,2026-10-20
FB-08,SKU-011,1,Expired,2026-10-20
FB-08,SKU-012,2,Damaged,2026-10-20
FB-08,SKU-014,1,Expired,2026-10-20
FB-08,SKU-022,2,Expired,2026-10-20
FB-09,SKU-003,1,Quality reject,2026-10-20
FB-09,SKU-012,1,Damaged,2026-10-20
FB-09,SKU-014,1,Expired,2026-10-20
FB-09,SKU-021,1,Quality reject,2026-10-20
FB-09,SKU-022,1,Quality reject,2026-10-20
FB-09,SKU-025,2,Expired,2026-10-20
FB-10,SKU-006,1,Expired,2026-10-20
FB-10,SKU-011,1,Damaged,2026-10-20
FB-10,SKU-023,1,Expired,2026-10-20
FB-11,SKU-001,1,Expired,2026-10-20
FB-11,SKU-003,1,Expired,2026-10-20
FB-11,SKU-004,1,Expired,2026-10-20
FB-11,SKU-024,1,Expired,2026-10-20
FB-11,SKU-025,1,Expired,2026-10-20
FB-12,SKU-005,1,Expired,2026-10-20
FB-12,SKU-011,4,Expired,2026-10-20
FB-12,SKU-021,1,Expired,2026-10-20
FB-12,SKU-023,2,Expired,2026-10-20
FB-12,SKU-025,1,Quality reject,2026-10-20
FB-13,SKU-002,1,Expired,2026-10-20
FB-13,SKU-003,3,Quality reject,2026-10-20
FB-13,SKU-004,2,Expired,2026-10-20
FB-13,SKU-005,1,Quality reject,2026-10-20
FB-13,SKU-007,1,Quality reject,2026-10-20
FB-13,SKU-011,2,Quality reject,2026-10-20
FB-13,SKU-012,4,Expired,2026-10-20
FB-13,SKU-013,2,Expired,2026-10-20
FB-13,SKU-014,1,Quality reject,2026-10-20
FB-13,SKU-017,1,Quality reject,2026-10-20
FB-13,SKU-018,1,Quality reject,2026-10-20
FB-13,SKU-019,1,Expired,2026-10-20
FB-13,SKU-020,3,Expired,2026-10-20
FB-13,SKU-022,1,Expired,2026-10-20
FB-13,SKU-024,1,Expired,2026-10-20
FB-14,SKU-003,1,Quality reject,2026-10-20
FB-14,SKU-004,1,Damaged,2026-10-20
FB-14,SKU-007,1,Expired,2026-10-20
FB-14,SKU-014,1,Damaged,2026-10-20
FB-14,SKU-020,1,Expired,2026-10-20
FB-14,SKU-023,1,Expired,2026-10-20
FB-15,SKU-005,1,Expired,2026-10-20
FB-15,SKU-014,1,Damaged,2026-10-20
FB-16,SKU-001,1,Damaged,2026-10-20
FB-16,SKU-004,2,Quality reject,2026-10-20
FB-16,SKU-014,2,Expired,2026-10-20
FB-16,SKU-020,1,Quality reject,2026-10-20
FB-17,SKU-006,1,Expired,2026-10-20
FB-17,SKU-011,1,Expired,2026-10-20
FB-17,SKU-016,1,Quality reject,2026-10-20
FB-17,SKU-023,1,Expired,2026-10-20
FB-18,SKU-004,1,Damaged,2026-10-20
FB-18,SKU-025,2,Expired,2026-10-20
FB-19,SKU-006,1,Damaged,2026-10-20
FB-19,SKU-010,2,Expired,2026-10-20
FB-19,SKU-011,1,Expired,2026-10-20
FB-19,SKU-019,1,Expired,2026-10-20
FB-19,SKU-022,1,Expired,2026-10-20
FB-19,SKU-024,1,Damaged,2026-10-20
FB-20,SKU-004,1,Damaged,2026-10-20
FB-20,SKU-005,3,Expired,2026-10-20
FB-20,SKU-009,1,Expired,2026-10-20
FB-20,SKU-010,2,Damaged,2026-10-20
FB-20,SKU-015,1,Damaged,2026-10-20
FB-20,SKU-020,1,Expired,2026-10-20
FB-20,SKU-023,2,Expired,2026-10-20
FB-21,SKU-004,2,Quality reject,2026-10-20
FB-21,SKU-007,1,Quality reject,2026-10-20
FB-21,SKU-012,2,Quality reject,2026-10-20
FB-21,SKU-014,1,Expired,2026-10-20
FB-21,SKU-017,1,Expired,2026-10-20
FB-21,SKU-019,1,Expired,2026-10-20
FB-21,SKU-023,1,Expired,2026-10-20
FB-22,SKU-005,1,Expired,2026-10-20
FB-22,SKU-011,1,Quality reject,2026-10-20
FB-22,SKU-013,2,Expired,2026-10-20
FB-22,SKU-014,1,Expired,2026-10-20
FB-22,SKU-017,1,Expired,2026-10-20
FB-22,SKU-019,1,Expired,2026-10-20
FB-22,SKU-021,1,Quality reject,2026-10-20
FB-22,SKU-022,2,Expired,2026-10-20
FB-22,SKU-023,2,Quality reject,2026-10-20
FB-22,SKU-024,1,Expired,2026-10-20
FB-23,SKU-006,2,Damaged,2026-10-20
FB-23,SKU-011,1,Expired,2026-10-20
FB-23,SKU-012,1,Expired,2026-10-20
FB-23,SKU-013,1,Expired,2026-10-20
FB-23,SKU-017,2,Expired,2026-10-20
FB-23,SKU-019,1,Quality reject,2026-10-20
FB-23,SKU-023,1,Expired,2026-10-20
FB-23,SKU-024,1,Expired,2026-10-20
FB-24,SKU-001,1,Damaged,2026-10-20
FB-24,SKU-004,1,Expired,2026-10-20
FB-24,SKU-006,1,Quality reject,2026-10-20
FB-24,SKU-008,1,Expired,2026-10-20
FB-24,SKU-014,2,Quality reject,2026-10-20
FB-24,SKU-017,2,Expired,2026-10-20
FB-24,SKU-020,1,Expired,2026-10-20
FB-25,SKU-004,1,Expired,2026-10-20
FB-25,SKU-010,2,Expired,2026-10-20
FB-25,SKU-011,3,Expired,2026-10-20
FB-25,SKU-014,1,Expired,2026-10-20
FB-25,SKU-019,1,Expired,2026-10-20
FB-25,SKU-022,1,Quality reject,2026-10-20
FB-25,SKU-025,1,Damaged,2026-10-20
FB-01,SKU-007,1,Expired,2026-10-21
FB-01,SKU-010,1,Expired,2026-10-21
FB-01,SKU-014,2,Expired,2026-10-21
FB-01,SKU-023,1,Expired,2026-10-21
FB-01,SKU-024,1,Expired,2026-10-21
FB-02,SKU-005,1,Expired,2026-10-21
FB-02,SKU-008,1,Expired,2026-10-21
FB-02,SKU-012,2,Quality reject,2026-10-21
FB-02,SKU-013,2,Expired,2026-10-21
FB-02,SKU-019,1,Expired,2026-10-21
FB-02,SKU-020,1,Damaged,2026-10-21
FB-02,SKU-023,1,Expired,2026-10-21
FB-03,SKU-005,2,Expired,2026-10-21
FB-03,SKU-010,1,Expired,2026-10-21
FB-03,SKU-014,1,Damaged,2026-10-21
FB-03,SKU-020,1,Expired,2026-10-21
FB-03,SKU-022,1,Expired,2026-10-21
FB-04,SKU-005,1,Quality reject,2026-10-21
FB-04,SKU-009,1,Expired,2026-10-21
FB-04,SKU-011,1,Expired,2026-10-21
FB-04,SKU-022,1,Quality reject,2026-10-21
FB-04,SKU-023,1,Quality reject,2026-10-21
FB-04,SKU-024,2,Damaged,2026-10-21
FB-04,SKU-025,2,Damaged,2026-10-21
FB-05,SKU-001,1,Expired,2026-10-21
FB-05,SKU-003,1,Expired,2026-10-21
FB-05,SKU-005,2,Expired,2026-10-21
FB-05,SKU-010,1,Expired,2026-10-21
FB-05,SKU-019,1,Expired,2026-10-21
FB-05,SKU-022,1,Expired,2026-10-21
FB-05,SKU-023,1,Expired,2026-10-21
FB-06,SKU-003,1,Expired,2026-10-21
FB-06,SKU-004,1,Expired,2026-10-21
FB-06,SKU-005,1,Expired,2026-10-21
FB-06,SKU-011,1,Expired,2026-10-21
FB-06,SKU-013,4,Expired,2026-10-21
FB-06,SKU-014,1,Damaged,2026-10-21
FB-06,SKU-023,1,Expired,2026-10-21
FB-07,SKU-004,1,Expired,2026-10-21
FB-07,SKU-006,1,Quality reject,2026-10-21
FB-07,SKU-007,1,Expired,2026-10-21
FB-07,SKU-011,2,Expired,2026-10-21
FB-07,SKU-018,1,Expired,2026-10-21
FB-07,SKU-020,2,Expired,2026-10-21
FB-07,SKU-022,1,Quality reject,2026-10-21
FB-08,SKU-010,2,Expired,2026-10-21
FB-08,SKU-011,1,Expired,2026-10-21
FB-08,SKU-012,2,Quality reject,2026-10-21
FB-08,SKU-013,1,Expired,2026-10-21
FB-08,SKU-017,1,Expired,2026-10-21
FB-08,SKU-024,1,Expired,2026-10-21
FB-08,SKU-025,1,Expired,2026-10-21
FB-09,SKU-004,1,Expired,2026-10-21
FB-09,SKU-006,1,Expired,2026-10-21
FB-09,SKU-009,1,Quality reject,2026-10-21
FB-09,SKU-010,1,Expired,2026-10-21
FB-09,SKU-011,1,Expired,2026-10-21
FB-09,SKU-024,1,Expired,2026-10-21
FB-09,SKU-025,3,Damaged,2026-10-21
FB-10,SKU-003,1,Expired,2026-10-21
FB-10,SKU-005,1,Expired,2026-10-21
FB-10,SKU-006,1,Quality reject,2026-10-21
FB-10,SKU-010,1,Expired,2026-10-21
FB-10,SKU-014,1,Expired,2026-10-21
FB-10,SKU-023,1,Expired,2026-10-21
FB-10,SKU-024,1,Damaged,2026-10-21
FB-11,SKU-003,1,Expired,2026-10-21
FB-11,SKU-005,2,Damaged,2026-10-21
FB-11,SKU-011,1,Expired,2026-10-21
FB-12,SKU-003,2,Expired,2026-10-21
FB-12,SKU-009,1,Damaged,2026-10-21
FB-12,SKU-013,1,Expired,2026-10-21
FB-12,SKU-014,1,Quality reject,2026-10-21
FB-12,SKU-017,1,Quality reject,2026-10-21
FB-12,SKU-018,1,Expired,2026-10-21
FB-12,SKU-021,1,Damaged,2026-10-21
FB-12,SKU-022,1,Damaged,2026-10-21
FB-12,SKU-023,1,Expired,2026-10-21
FB-12,SKU-025,1,Expired,2026-10-21
FB-13,SKU-004,3,Expired,2026-10-21
FB-13,SKU-005,1,Quality reject,2026-10-21
FB-13,SKU-006,2,Expired,2026-10-21
FB-13,SKU-012,1,Expired,2026-10-21
FB-13,SKU-013,1,Damaged,2026-10-21
FB-13,SKU-014,2,Expired,2026-10-21
FB-13,SKU-019,1,Quality reject,2026-10-21
FB-13,SKU-023,2,Quality reject,2026-10-21
FB-13,SKU-025,1,Expired,2026-10-21
FB-14,SKU-003,1,Expired,2026-10-21
FB-14,SKU-005,1,Expired,2026-10-21
FB-14,SKU-011,1,Quality reject,2026-10-21
FB-14,SKU-012,1,Expired,2026-10-21
FB-14,SKU-022,2,Expired,2026-10-21
FB-14,SKU-025,1,Expired,2026-10-21
FB-15,SKU-003,1,Expired,2026-10-21
FB-15,SKU-017,1,Quality reject,2026-10-21
FB-15,SKU-022,1,Expired,2026-10-21
FB-15,SKU-023,1,Expired,2026-10-21
FB-15,SKU-025,1,Expired,2026-10-21
FB-16,SKU-003,1,Expired,2026-10-21
FB-16,SKU-004,2,Expired,2026-10-21
FB-16,SKU-008,1,Quality reject,2026-10-21
FB-16,SKU-013,1,Quality reject,2026-10-21
FB-16,SKU-014,1,Quality reject,2026-10-21
FB-16,SKU-017,1,Quality reject,2026-10-21
FB-16,SKU-023,1,Expired,2026-10-21
FB-17,SKU-005,1,Damaged,2026-10-21
FB-17,SKU-011,1,Expired,2026-10-21
FB-17,SKU-014,1,Expired,2026-10-21
FB-18,SKU-004,1,Expired,2026-10-21
FB-18,SKU-005,2,Expired,2026-10-21
FB-18,SKU-006,1,Expired,2026-10-21
FB-18,SKU-008,1,Expired,2026-10-21
FB-18,SKU-011,1,Expired,2026-10-21
FB-18,SKU-014,1,Expired,2026-10-21
FB-18,SKU-023,1,Expired,2026-10-21
FB-18,SKU-025,1,Expired,2026-10-21
FB-19,SKU-004,1,Expired,2026-10-21
FB-19,SKU-006,1,Expired,2026-10-21
FB-19,SKU-007,1,Quality reject,2026-10-21
FB-19,SKU-011,1,Quality reject,2026-10-21
FB-19,SKU-012,1,Quality reject,2026-10-21
FB-19,SKU-013,1,Expired,2026-10-21
FB-19,SKU-022,1,Expired,2026-10-21
FB-20,SKU-001,1,Expired,2026-10-21
FB-20,SKU-003,1,Quality reject,2026-10-21
FB-20,SKU-014,1,Expired,2026-10-21
FB-20,SKU-019,1,Quality reject,2026-10-21
FB-20,SKU-025,3,Expired,2026-10-21
FB-21,SKU-005,1,Quality reject,2026-10-21
FB-21,SKU-013,1,Quality reject,2026-10-21
FB-21,SKU-014,1,Expired,2026-10-21
FB-21,SKU-017,1,Expired,2026-10-21
FB-22,SKU-002,1,Expired,2026-10-21
FB-22,SKU-010,1,Expired,2026-10-21
FB-22,SKU-013,2,Damaged,2026-10-21
FB-22,SKU-019,2,Quality reject,2026-10-21
FB-22,SKU-020,1,Quality reject,2026-10-21
FB-22,SKU-022,1,Expired,2026-10-21
FB-22,SKU-025,2,Expired,2026-10-21
FB-23,SKU-001,1,Expired,2026-10-21
FB-23,SKU-004,1,Expired,2026-10-21
FB-23,SKU-018,2,Quality reject,2026-10-21
FB-23,SKU-020,1,Expired,2026-10-21
FB-23,SKU-024,2,Damaged,2026-10-21
FB-24,SKU-005,1,Expired,2026-10-21
FB-24,SKU-006,1,Damaged,2026-10-21
FB-24,SKU-022,1,Quality reject,2026-10-21
FB-25,SKU-005,1,Quality reject,2026-10-21
FB-25,SKU-010,1,Quality reject,2026-10-21
FB-25,SKU-012,1,Quality reject,2026-10-21
FB-25,SKU-014,1,Quality reject,2026-10-21
FB-25,SKU-015,1,Expired,2026-10-21
FB-25,SKU-019,1,Expired,2026-10-21
FB-25,SKU-020,2,Expired,2026-10-21
FB-01,SKU-017,1,Expired,2026-10-22
FB-02,SKU-006,1,Expired,2026-10-22
FB-02,SKU-010,1,Expired,2026-10-22
FB-02,SKU-012,1,Quality reject,2026-10-22
FB-02,SKU-013,1,Expired,2026-10-22
FB-02,SKU-014,1,Damaged,2026-10-22
FB-02,SKU-015,2,Damaged,2026-10-22
FB-02,SKU-017,1,Expired,2026-10-22
FB-02,SKU-019,1,Expired,2026-10-22
FB-02,SKU-020,1,Quality reject,2026-10-22
FB-02,SKU-022,2,Expired,2026-10-22
FB-02,SKU-023,2,Expired,2026-10-22
FB-02,SKU-025,1,Expired,2026-10-22
FB-03,SKU-005,2,Damaged,2026-10-22
FB-03,SKU-014,1,Quality reject,2026-10-22
FB-03,SKU-022,1,Expired,2026-10-22
FB-03,SKU-023,1,Expired,2026-10-22
FB-03,SKU-025,1,Expired,2026-10-22
FB-04,SKU-005,2,Expired,2026-10-22
FB-04,SKU-007,1,Quality reject,2026-10-22
FB-04,SKU-010,2,Expired,2026-10-22
FB-04,SKU-011,1,Expired,2026-10-22
FB-04,SKU-012,1,Expired,2026-10-22
FB-04,SKU-018,1,Expired,2026-10-22
FB-04,SKU-021,1,Expired,2026-10-22
FB-04,SKU-023,2,Quality reject,2026-10-22
FB-05,SKU-012,1,Damaged,2026-10-22
FB-05,SKU-017,1,Expired,2026-10-22
FB-05,SKU-019,1,Expired,2026-10-22
FB-05,SKU-020,2,Expired,2026-10-22
FB-05,SKU-022,2,Expired,2026-10-22
FB-06,SKU-013,1,Expired,2026-10-22
FB-07,SKU-005,1,Quality reject,2026-10-22
FB-07,SKU-006,1,Expired,2026-10-22
FB-07,SKU-009,1,Expired,2026-10-22
FB-07,SKU-013,2,Expired,2026-10-22
FB-07,SKU-022,2,Quality reject,2026-10-22
FB-07,SKU-023,1,Expired,2026-10-22
FB-07,SKU-024,1,Expired,2026-10-22
FB-08,SKU-001,1,Expired,2026-10-22
FB-08,SKU-004,1,Expired,2026-10-22
FB-08,SKU-007,1,Damaged,2026-10-22
FB-08,SKU-008,1,Expired,2026-10-22
FB-08,SKU-009,2,Quality reject,2026-10-22
FB-08,SKU-010,1,Expired,2026-10-22
FB-08,SKU-011,1,Expired,2026-10-22
FB-08,SKU-012,1,Damaged,2026-10-22
FB-08,SKU-013,1,Expired,2026-10-22
FB-08,SKU-014,1,Expired,2026-10-22
FB-08,SKU-018,1,Damaged,2026-10-22
FB-08,SKU-022,1,Damaged,2026-10-22
FB-09,SKU-001,1,Expired,2026-10-22
FB-09,SKU-002,1,Expired,2026-10-22
FB-09,SKU-005,2,Expired,2026-10-22
FB-09,SKU-009,1,Damaged,2026-10-22
FB-09,SKU-012,1,Expired,2026-10-22
FB-09,SKU-013,1,Expired,2026-10-22
FB-09,SKU-020,1,Expired,2026-10-22
FB-09,SKU-022,2,Damaged,2026-10-22
FB-10,SKU-010,1,Expired,2026-10-22
FB-10,SKU-012,2,Expired,2026-10-22
FB-10,SKU-013,1,Damaged,2026-10-22
FB-10,SKU-015,1,Expired,2026-10-22
FB-10,SKU-021,1,Quality reject,2026-10-22
FB-10,SKU-022,1,Damaged,2026-10-22
FB-10,SKU-024,1,Expired,2026-10-22
FB-11,SKU-002,1,Damaged,2026-10-22
FB-11,SKU-004,1,Expired,2026-10-22
FB-11,SKU-010,1,Expired,2026-10-22
FB-11,SKU-014,1,Quality reject,2026-10-22
FB-12,SKU-001,2,Expired,2026-10-22
FB-12,SKU-003,1,Quality reject,2026-10-22
FB-12,SKU-004,2,Damaged,2026-10-22
FB-12,SKU-005,1,Expired,2026-10-22
FB-12,SKU-007,1,Damaged,2026-10-22
FB-12,SKU-015,1,Damaged,2026-10-22
FB-12,SKU-023,1,Expired,2026-10-22
FB-13,SKU-003,1,Damaged,2026-10-22
FB-13,SKU-004,2,Quality reject,2026-10-22
FB-13,SKU-005,3,Expired,2026-10-22
FB-13,SKU-006,1,Damaged,2026-10-22
FB-13,SKU-007,1,Expired,2026-10-22
FB-13,SKU-008,1,Expired,2026-10-22
FB-13,SKU-011,1,Expired,2026-10-22
FB-13,SKU-014,2,Damaged,2026-10-22
FB-13,SKU-015,1,Expired,2026-10-22
FB-13,SKU-022,1,Quality reject,2026-10-22
FB-13,SKU-024,1,Expired,2026-10-22
FB-13,SKU-025,1,Expired,2026-10-22
FB-14,SKU-001,1,Damaged,2026-10-22
FB-14,SKU-005,4,Expired,2026-10-22
FB-14,SKU-011,1,Expired,2026-10-22
FB-14,SKU-013,1,Expired,2026-10-22
FB-14,SKU-014,2,Expired,2026-10-22
FB-14,SKU-022,1,Expired,2026-10-22
FB-14,SKU-025,1,Expired,2026-10-22
FB-15,SKU-006,1,Expired,2026-10-22
FB-15,SKU-013,2,Quality reject,2026-10-22
FB-15,SKU-014,1,Expired,2026-10-22
FB-15,SKU-017,1,Quality reject,2026-10-22
FB-15,SKU-021,1,Damaged,2026-10-22
FB-16,SKU-011,1,Quality reject,2026-10-22
FB-16,SKU-017,1,Expired,2026-10-22
FB-16,SKU-023,1,Quality reject,2026-10-22
FB-17,SKU-003,1,Damaged,2026-10-22
FB-17,SKU-004,1,Expired,2026-10-22
FB-17,SKU-012,1,Expired,2026-10-22
FB-17,SKU-020,1,Quality reject,2026-10-22
FB-17,SKU-022,1,Quality reject,2026-10-22
FB-18,SKU-005,1,Quality reject,2026-10-22
FB-18,SKU-007,1,Expired,2026-10-22
FB-18,SKU-009,1,Expired,2026-10-22
FB-19,SKU-001,1,Expired,2026-10-22
FB-19,SKU-009,1,Expired,2026-10-22
FB-19,SKU-012,1,Quality reject,2026-10-22
FB-19,SKU-014,2,Quality reject,2026-10-22
FB-19,SKU-015,1,Expired,2026-10-22
FB-19,SKU-017,1,Quality reject,2026-10-22
FB-19,SKU-025,1,Quality reject,2026-10-22
FB-20,SKU-001,1,Expired,2026-10-22
FB-20,SKU-006,2,Quality reject,2026-10-22
FB-20,SKU-011,2,Expired,2026-10-22
FB-20,SKU-014,1,Expired,2026-10-22
FB-20,SKU-017,1,Expired,2026-10-22
FB-20,SKU-019,1,Quality reject,2026-10-22
FB-20,SKU-022,1,Expired,2026-10-22
FB-20,SKU-024,1,Expired,2026-10-22
FB-20,SKU-025,2,Quality reject,2026-10-22
FB-21,SKU-005,1,Damaged,2026-10-22
FB-21,SKU-006,1,Expired,2026-10-22
FB-21,SKU-023,1,Expired,2026-10-22
FB-21,SKU-024,1,Expired,2026-10-22
FB-21,SKU-025,1,Expired,2026-10-22
FB-22,SKU-003,1,Damaged,2026-10-22
FB-22,SKU-009,1,Expired,2026-10-22
FB-22,SKU-011,2,Expired,2026-10-22
FB-22,SKU-014,2,Expired,2026-10-22
FB-22,SKU-017,1,Quality reject,2026-10-22
FB-22,SKU-020,1,Expired,2026-10-22
FB-22,SKU-022,2,Damaged,2026-10-22
FB-22,SKU-023,1,Expired,2026-10-22
FB-22,SKU-024,1,Expired,2026-10-22
FB-23,SKU-005,2,Expired,2026-10-22
FB-23,SKU-006,1,Expired,2026-10-22
FB-23,SKU-011,1,Expired,2026-10-22
FB-23,SKU-013,1,Expired,2026-10-22
FB-23,SKU-019,1,Expired,2026-10-22
FB-23,SKU-022,1,Quality reject,2026-10-22
FB-23,SKU-023,1,Quality reject,2026-10-22
FB-23,SKU-024,1,Damaged,2026-10-22
FB-23,SKU-025,1,Expired,2026-10-22
FB-24,SKU-008,1,Damaged,2026-10-22
FB-24,SKU-022,1,Quality reject,2026-10-22
FB-25,SKU-004,1,Expired,2026-10-22
FB-25,SKU-005,1,Expired,2026-10-22
FB-25,SKU-014,2,Damaged,2026-10-22
FB-25,SKU-017,1,Quality reject,2026-10-22
FB-25,SKU-019,1,Expired,2026-10-22
FB-01,SKU-011,1,Quality reject,2026-10-23
FB-01,SKU-013,1,Expired,2026-10-23
FB-01,SKU-014,2,Quality reject,2026-10-23
FB-01,SKU-020,1,Quality reject,2026-10-23
FB-02,SKU-003,1,Expired,2026-10-23
FB-02,SKU-005,2,Quality reject,2026-10-23
FB-02,SKU-012,1,Expired,2026-10-23
FB-02,SKU-013,2,Quality reject,2026-10-23
FB-02,SKU-017,1,Expired,2026-10-23
FB-02,SKU-018,1,Expired,2026-10-23
FB-02,SKU-023,1,Quality reject,2026-10-23
FB-03,SKU-004,1,Expired,2026-10-23
FB-03,SKU-005,2,Damaged,2026-10-23
FB-03,SKU-009,1,Expired,2026-10-23
FB-03,SKU-014,2,Expired,2026-10-23
FB-03,SKU-017,1,Expired,2026-10-23
FB-03,SKU-024,1,Expired,2026-10-23
FB-03,SKU-025,1,Expired,2026-10-23
FB-04,SKU-003,1,Expired,2026-10-23
FB-05,SKU-005,1,Expired,2026-10-23
FB-05,SKU-009,1,Expired,2026-10-23
FB-05,SKU-014,1,Damaged,2026-10-23
FB-05,SKU-019,1,Damaged,2026-10-23
FB-06,SKU-003,2,Damaged,2026-10-23
FB-06,SKU-004,1,Expired,2026-10-23
FB-06,SKU-011,1,Expired,2026-10-23
FB-06,SKU-013,2,Expired,2026-10-23
FB-06,SKU-014,1,Damaged,2026-10-23
FB-06,SKU-015,1,Expired,2026-10-23
FB-06,SKU-017,1,Expired,2026-10-23
FB-07,SKU-001,1,Quality reject,2026-10-23
FB-07,SKU-023,2,Expired,2026-10-23
FB-08,SKU-002,1,Expired,2026-10-23
FB-08,SKU-004,2,Expired,2026-10-23
FB-08,SKU-007,1,Expired,2026-10-23
FB-08,SKU-009,3,Expired,2026-10-23
FB-08,SKU-010,1,Expired,2026-10-23
FB-08,SKU-012,3,Expired,2026-10-23
FB-08,SKU-013,1,Quality reject,2026-10-23
FB-08,SKU-014,1,Damaged,2026-10-23
FB-08,SKU-022,1,Quality reject,2026-10-23
FB-08,SKU-025,1,Expired,2026-10-23
FB-09,SKU-008,1,Expired,2026-10-23
FB-09,SKU-013,1,Damaged,2026-10-23
FB-09,SKU-017,1,Expired,2026-10-23
FB-10,SKU-006,1,Expired,2026-10-23
FB-10,SKU-008,1,Damaged,2026-10-23
FB-10,SKU-009,1,Expired,2026-10-23
FB-10,SKU-010,1,Expired,2026-10-23
FB-10,SKU-011,1,Quality reject,2026-10-23
FB-10,SKU-014,1,Expired,2026-10-23
FB-10,SKU-023,1,Expired,2026-10-23
FB-10,SKU-025,1,Expired,2026-10-23
FB-11,SKU-005,1,Expired,2026-10-23
FB-11,SKU-014,2,Expired,2026-10-23
FB-11,SKU-019,1,Damaged,2026-10-23
FB-12,SKU-003,1,Expired,2026-10-23
FB-12,SKU-004,2,Expired,2026-10-23
FB-12,SKU-005,1,Expired,2026-10-23
FB-12,SKU-007,1,Damaged,2026-10-23
FB-12,SKU-009,1,Damaged,2026-10-23
FB-12,SKU-013,1,Quality reject,2026-10-23
FB-12,SKU-014,1,Quality reject,2026-10-23
FB-12,SKU-017,1,Expired,2026-10-23
FB-12,SKU-018,1,Damaged,2026-10-23
FB-12,SKU-022,1,Quality reject,2026-10-23
FB-12,SKU-023,1,Expired,2026-10-23
FB-12,SKU-025,2,Damaged,2026-10-23
FB-13,SKU-001,1,Damaged,2026-10-23
FB-13,SKU-003,1,Expired,2026-10-23
FB-13,SKU-006,1,Damaged,2026-10-23
FB-13,SKU-007,1,Expired,2026-10-23
FB-13,SKU-009,1,Expired,2026-10-23
FB-13,SKU-014,2,Expired,2026-10-23
FB-13,SKU-023,1,Expired,2026-10-23
FB-14,SKU-005,1,Expired,2026-10-23
FB-14,SKU-014,3,Expired,2026-10-23
FB-14,SKU-017,1,Expired,2026-10-23
FB-14,SKU-022,1,Damaged,2026-10-23
FB-15,SKU-001,2,Damaged,2026-10-23
FB-15,SKU-003,1,Expired,2026-10-23
FB-15,SKU-004,2,Expired,2026-10-23
FB-15,SKU-017,1,Expired,2026-10-23
FB-15,SKU-019,1,Damaged,2026-10-23
FB-16,SKU-003,1,Expired,2026-10-23
FB-16,SKU-005,1,Quality reject,2026-10-23
FB-16,SKU-010,1,Quality reject,2026-10-23
FB-16,SKU-014,1,Quality reject,2026-10-23
FB-16,SKU-022,1,Expired,2026-10-23
FB-17,SKU-003,2,Expired,2026-10-23
FB-17,SKU-005,1,Quality reject,2026-10-23
FB-17,SKU-006,2,Expired,2026-10-23
FB-17,SKU-011,1,Expired,2026-10-23
FB-17,SKU-019,1,Expired,2026-10-23
FB-17,SKU-023,1,Quality reject,2026-10-23
FB-18,SKU-001,1,Expired,2026-10-23
FB-18,SKU-003,1,Quality reject,2026-10-23
FB-18,SKU-012,1,Expired,2026-10-23
FB-18,SKU-014,1,Expired,2026-10-23
FB-18,SKU-022,1,Quality reject,2026-10-23
FB-19,SKU-003,1,Expired,2026-10-23
FB-19,SKU-004,1,Expired,2026-10-23
FB-19,SKU-006,1,Expired,2026-10-23
FB-19,SKU-009,1,Expired,2026-10-23
FB-19,SKU-011,1,Expired,2026-10-23
FB-19,SKU-014,2,Damaged,2026-10-23
FB-19,SKU-019,1,Quality reject,2026-10-23
FB-20,SKU-001,2,Expired,2026-10-23
FB-20,SKU-003,1,Expired,2026-10-23
FB-20,SKU-010,1,Damaged,2026-10-23
FB-20,SKU-022,1,Expired,2026-10-23
FB-20,SKU-023,1,Damaged,2026-10-23
FB-21,SKU-004,1,Expired,2026-10-23
FB-21,SKU-014,1,Expired,2026-10-23
FB-21,SKU-017,1,Damaged,2026-10-23
FB-21,SKU-019,1,Damaged,2026-10-23
FB-21,SKU-022,2,Expired,2026-10-23
FB-21,SKU-024,1,Damaged,2026-10-23
FB-22,SKU-003,1,Expired,2026-10-23
FB-22,SKU-004,1,Damaged,2026-10-23
FB-22,SKU-005,1,Expired,2026-10-23
FB-22,SKU-006,1,Expired,2026-10-23
FB-22,SKU-011,1,Damaged,2026-10-23
FB-22,SKU-014,1,Expired,2026-10-23
FB-22,SKU-017,1,Quality reject,2026-10-23
FB-22,SKU-020,1,Expired,2026-10-23
FB-22,SKU-023,1,Expired,2026-10-23
FB-22,SKU-024,1,Expired,2026-10-23
FB-23,SKU-001,1,Expired,2026-10-23
FB-23,SKU-004,2,Quality reject,2026-10-23
FB-23,SKU-005,1,Expired,2026-10-23
FB-23,SKU-006,1,Expired,2026-10-23
FB-23,SKU-007,1,Quality reject,2026-10-23
FB-23,SKU-012,1,Damaged,2026-10-23
FB-23,SKU-013,1,Expired,2026-10-23
FB-23,SKU-023,1,Expired,2026-10-23
FB-23,SKU-025,1,Expired,2026-10-23
FB-24,SKU-004,1,Expired,2026-10-23
FB-24,SKU-010,1,Expired,2026-10-23
FB-24,SKU-011,1,Quality reject,2026-10-23
FB-24,SKU-016,1,Damaged,2026-10-23
FB-25,SKU-001,1,Expired,2026-10-23
FB-25,SKU-007,1,Expired,2026-10-23
FB-25,SKU-014,1,Expired,2026-10-23
FB-25,SKU-015,1,Expired,2026-10-23
FB-25,SKU-020,1,Expired,2026-10-23
FB-01,SKU-005,1,Damaged,2026-10-24
FB-01,SKU-010,1,Expired,2026-10-24
FB-01,SKU-014,1,Expired,2026-10-24
FB-01,SKU-018,1,Quality reject,2026-10-24
FB-01,SKU-022,1,Expired,2026-10-24
FB-02,SKU-005,1,Expired,2026-10-24
FB-02,SKU-010,1,Damaged,2026-10-24
FB-02,SKU-011,1,Expired,2026-10-24
FB-02,SKU-013,1,Expired,2026-10-24
FB-02,SKU-014,2,Damaged,2026-10-24
FB-02,SKU-015,1,Damaged,2026-10-24
FB-02,SKU-023,4,Damaged,2026-10-24
FB-03,SKU-004,1,Damaged,2026-10-24
FB-03,SKU-005,1,Quality reject,2026-10-24
FB-03,SKU-010,1,Quality reject,2026-10-24
FB-03,SKU-011,1,Expired,2026-10-24
FB-03,SKU-013,1,Quality reject,2026-10-24
FB-03,SKU-022,1,Expired,2026-10-24
FB-03,SKU-025,1,Expired,2026-10-24
FB-04,SKU-003,4,Expired,2026-10-24
FB-04,SKU-006,1,Damaged,2026-10-24
FB-04,SKU-010,1,Expired,2026-10-24
FB-04,SKU-020,1,Expired,2026-10-24
FB-04,SKU-022,2,Expired,2026-10-24
FB-04,SKU-023,1,Expired,2026-10-24
FB-05,SKU-012,1,Quality reject,2026-10-24
FB-05,SKU-019,1,Expired,2026-10-24
FB-05,SKU-023,1,Quality reject,2026-10-24
FB-06,SKU-019,1,Quality reject,2026-10-24
FB-07,SKU-005,2,Expired,2026-10-24
FB-07,SKU-006,1,Quality reject,2026-10-24
FB-07,SKU-013,1,Expired,2026-10-24
FB-07,SKU-014,1,Expired,2026-10-24
FB-07,SKU-018,1,Expired,2026-10-24
FB-07,SKU-023,1,Quality reject,2026-10-24
FB-07,SKU-024,2,Expired,2026-10-24
FB-07,SKU-025,1,Expired,2026-10-24
FB-08,SKU-005,1,Expired,2026-10-24
FB-08,SKU-009,2,Expired,2026-10-24
FB-08,SKU-010,2,Expired,2026-10-24
FB-08,SKU-011,3,Expired,2026-10-24
FB-08,SKU-012,2,Quality reject,2026-10-24
FB-08,SKU-013,1,Expired,2026-10-24
FB-08,SKU-014,1,Quality reject,2026-10-24
FB-08,SKU-017,1,Expired,2026-10-24
FB-08,SKU-022,2,Expired,2026-10-24
FB-09,SKU-004,1,Expired,2026-10-24
FB-09,SKU-009,1,Expired,2026-10-24
FB-09,SKU-023,1,Expired,2026-10-24
FB-10,SKU-004,1,Damaged,2026-10-24
FB-10,SKU-005,1,Expired,2026-10-24
FB-10,SKU-006,1,Quality reject,2026-10-24
FB-10,SKU-014,2,Expired,2026-10-24
FB-10,SKU-023,1,Expired,2026-10-24
FB-11,SKU-002,1,Damaged,2026-10-24
FB-11,SKU-004,1,Quality reject,2026-10-24
FB-11,SKU-006,3,Quality reject,2026-10-24
FB-11,SKU-015,1,Expired,2026-10-24
FB-11,SKU-016,1,Expired,2026-10-24
FB-11,SKU-017,1,Expired,2026-10-24
FB-11,SKU-023,1,Expired,2026-10-24
FB-11,SKU-024,1,Expired,2026-10-24
FB-12,SKU-001,1,Expired,2026-10-24
FB-12,SKU-004,1,Expired,2026-10-24
FB-12,SKU-013,1,Expired,2026-10-24
FB-12,SKU-014,2,Expired,2026-10-24
FB-12,SKU-015,1,Damaged,2026-10-24
FB-12,SKU-017,1,Damaged,2026-10-24
FB-12,SKU-022,1,Quality reject,2026-10-24
FB-13,SKU-001,1,Expired,2026-10-24
FB-13,SKU-006,1,Expired,2026-10-24
FB-13,SKU-009,1,Expired,2026-10-24
FB-13,SKU-010,1,Damaged,2026-10-24
FB-13,SKU-011,1,Expired,2026-10-24
FB-13,SKU-014,1,Expired,2026-10-24
FB-13,SKU-017,1,Quality reject,2026-10-24
FB-14,SKU-001,1,Expired,2026-10-24
FB-14,SKU-006,1,Expired,2026-10-24
FB-14,SKU-014,1,Quality reject,2026-10-24
FB-14,SKU-023,1,Expired,2026-10-24
FB-14,SKU-025,1,Expired,2026-10-24
FB-15,SKU-015,1,Quality reject,2026-10-24
FB-15,SKU-017,1,Expired,2026-10-24
FB-15,SKU-020,1,Expired,2026-10-24
FB-15,SKU-022,1,Quality reject,2026-10-24
FB-15,SKU-023,1,Expired,2026-10-24
FB-16,SKU-003,1,Expired,2026-10-24
FB-16,SKU-006,1,Quality reject,2026-10-24
FB-16,SKU-010,1,Damaged,2026-10-24
FB-16,SKU-013,2,Expired,2026-10-24
FB-16,SKU-014,1,Damaged,2026-10-24
FB-16,SKU-019,1,Damaged,2026-10-24
FB-17,SKU-003,1,Expired,2026-10-24
FB-17,SKU-012,1,Expired,2026-10-24
FB-17,SKU-019,2,Quality reject,2026-10-24
FB-17,SKU-020,1,Expired,2026-10-24
FB-17,SKU-021,1,Damaged,2026-10-24
FB-17,SKU-024,1,Quality reject,2026-10-24
FB-18,SKU-001,1,Damaged,2026-10-24
FB-18,SKU-002,1,Expired,2026-10-24
FB-18,SKU-005,1,Expired,2026-10-24
FB-18,SKU-006,1,Expired,2026-10-24
FB-18,SKU-007,1,Expired,2026-10-24
FB-18,SKU-013,1,Quality reject,2026-10-24
FB-18,SKU-014,1,Expired,2026-10-24
FB-18,SKU-017,1,Expired,2026-10-24
FB-18,SKU-025,1,Quality reject,2026-10-24
FB-19,SKU-005,2,Expired,2026-10-24
FB-19,SKU-007,1,Expired,2026-10-24
FB-19,SKU-012,1,Expired,2026-10-24
FB-19,SKU-013,1,Damaged,2026-10-24
FB-19,SKU-014,1,Quality reject,2026-10-24
FB-19,SKU-022,1,Expired,2026-10-24
FB-20,SKU-005,4,Damaged,2026-10-24
FB-20,SKU-006,1,Expired,2026-10-24
FB-20,SKU-010,1,Damaged,2026-10-24
FB-20,SKU-013,3,Expired,2026-10-24
FB-20,SKU-022,2,Expired,2026-10-24
FB-20,SKU-024,1,Expired,2026-10-24
FB-20,SKU-025,1,Expired,2026-10-24
FB-21,SKU-003,1,Expired,2026-10-24
FB-21,SKU-004,2,Damaged,2026-10-24
FB-21,SKU-005,1,Quality reject,2026-10-24
FB-21,SKU-006,2,Expired,2026-10-24
FB-21,SKU-009,2,Quality reject,2026-10-24
FB-21,SKU-019,1,Quality reject,2026-10-24
FB-21,SKU-020,1,Expired,2026-10-24
FB-21,SKU-021,1,Quality reject,2026-10-24
FB-22,SKU-001,1,Quality reject,2026-10-24
FB-22,SKU-006,2,Damaged,2026-10-24
FB-22,SKU-010,3,Quality reject,2026-10-24
FB-22,SKU-011,2,Expired,2026-10-24
FB-22,SKU-013,1,Expired,2026-10-24
FB-22,SKU-017,2,Quality reject,2026-10-24
FB-22,SKU-018,1,Expired,2026-10-24
FB-23,SKU-010,2,Damaged,2026-10-24
FB-23,SKU-012,3,Expired,2026-10-24
FB-24,SKU-001,1,Expired,2026-10-24
FB-24,SKU-004,1,Damaged,2026-10-24
FB-24,SKU-005,1,Quality reject,2026-10-24
FB-24,SKU-006,1,Damaged,2026-10-24
FB-24,SKU-013,1,Quality reject,2026-10-24
FB-24,SKU-020,1,Quality reject,2026-10-24
FB-24,SKU-022,1,Expired,2026-10-24
FB-25,SKU-006,1,Quality reject,2026-10-24
FB-25,SKU-012,1,Damaged,2026-10-24
FB-25,SKU-013,2,Quality reject,2026-10-24
FB-25,SKU-017,1,Damaged,2026-10-24
FB-25,SKU-018,2,Expired,2026-10-24
FB-25,SKU-023,2,Expired,2026-10-24
FB-01,SKU-003,2,Damaged,2026-10-25
FB-01,SKU-005,2,Quality reject,2026-10-25
FB-01,SKU-011,1,Expired,2026-10-25
FB-01,SKU-013,1,Expired,2026-10-25
FB-01,SKU-014,1,Expired,2026-10-25
FB-02,SKU-001,1,Expired,2026-10-25
FB-02,SKU-003,1,Quality reject,2026-10-25
FB-02,SKU-005,1,Damaged,2026-10-25
FB-02,SKU-009,1,Expired,2026-10-25
FB-02,SKU-011,1,Damaged,2026-10-25
FB-02,SKU-017,1,Expired,2026-10-25
FB-02,SKU-022,1,Expired,2026-10-25
FB-02,SKU-023,1,Expired,2026-10-25
FB-02,SKU-025,1,Quality reject,2026-10-25
FB-03,SKU-003,1,Expired,2026-10-25
FB-03,SKU-019,1,Expired,2026-10-25
FB-03,SKU-022,1,Damaged,2026-10-25
FB-03,SKU-023,1,Expired,2026-10-25
FB-04,SKU-002,1,Expired,2026-10-25
FB-04,SKU-005,1,Quality reject,2026-10-25
FB-04,SKU-006,1,Expired,2026-10-25
FB-04,SKU-007,1,Expired,2026-10-25
FB-04,SKU-009,1,Expired,2026-10-25
FB-04,SKU-011,1,Expired,2026-10-25
FB-04,SKU-021,1,Expired,2026-10-25
FB-05,SKU-004,1,Expired,2026-10-25
FB-05,SKU-007,1,Expired,2026-10-25
FB-05,SKU-009,1,Expired,2026-10-25
FB-05,SKU-011,1,Quality reject,2026-10-25
FB-05,SKU-012,1,Expired,2026-10-25
FB-05,SKU-013,1,Quality reject,2026-10-25
FB-05,SKU-019,1,Expired,2026-10-25
FB-05,SKU-022,1,Damaged,2026-10-25
FB-05,SKU-023,1,Expired,2026-10-25
FB-06,SKU-010,1,Quality reject,2026-10-25
FB-06,SKU-017,1,Damaged,2026-10-25
FB-06,SKU-023,2,Expired,2026-10-25
FB-06,SKU-025,1,Expired,2026-10-25
FB-07,SKU-003,1,Expired,2026-10-25
FB-07,SKU-004,3,Expired,2026-10-25
FB-07,SKU-005,1,Expired,2026-10-25
FB-07,SKU-015,1,Quality reject,2026-10-25
FB-07,SKU-017,1,Expired,2026-10-25
FB-07,SKU-019,1,Expired,2026-10-25
FB-07,SKU-025,1,Quality reject,2026-10-25
FB-08,SKU-001,1,Quality reject,2026-10-25
FB-08,SKU-007,1,Expired,2026-10-25
FB-08,SKU-011,6,Quality reject,2026-10-25
FB-08,SKU-012,1,Expired,2026-10-25
FB-08,SKU-017,1,Expired,2026-10-25
FB-08,SKU-023,1,Damaged,2026-10-25
FB-08,SKU-025,1,Expired,2026-10-25
FB-09,SKU-012,1,Expired,2026-10-25
FB-09,SKU-020,1,Expired,2026-10-25
FB-09,SKU-024,1,Expired,2026-10-25
FB-10,SKU-004,1,Expired,2026-10-25
FB-10,SKU-005,2,Quality reject,2026-10-25
FB-10,SKU-012,1,Expired,2026-10-25
FB-10,SKU-014,1,Damaged,2026-10-25
FB-10,SKU-019,1,Expired,2026-10-25
FB-10,SKU-022,1,Quality reject,2026-10-25
FB-11,SKU-005,1,Expired,2026-10-25
FB-11,SKU-011,1,Expired,2026-10-25
FB-11,SKU-014,1,Quality reject,2026-10-25
FB-11,SKU-017,1,Quality reject,2026-10-25
FB-11,SKU-025,1,Expired,2026-10-25
FB-12,SKU-003,1,Expired,2026-10-25
FB-12,SKU-004,1,Expired,2026-10-25
FB-12,SKU-005,1,Damaged,2026-10-25
FB-12,SKU-006,1,Expired,2026-10-25
FB-12,SKU-007,1,Expired,2026-10-25
FB-12,SKU-010,1,Expired,2026-10-25
FB-12,SKU-011,1,Expired,2026-10-25
FB-12,SKU-021,1,Expired,2026-10-25
FB-12,SKU-022,1,Expired,2026-10-25
FB-12,SKU-023,2,Damaged,2026-10-25
FB-13,SKU-001,1,Expired,2026-10-25
FB-13,SKU-002,1,Expired,2026-10-25
FB-13,SKU-005,1,Expired,2026-10-25
FB-13,SKU-006,1,Expired,2026-10-25
FB-13,SKU-008,1,Quality reject,2026-10-25
FB-13,SKU-009,1,Damaged,2026-10-25
FB-13,SKU-014,1,Expired,2026-10-25
FB-13,SKU-019,1,Damaged,2026-10-25
FB-13,SKU-023,2,Quality reject,2026-10-25
FB-14,SKU-001,1,Expired,2026-10-25
FB-14,SKU-006,1,Expired,2026-10-25
FB-14,SKU-010,1,Expired,2026-10-25
FB-14,SKU-011,1,Expired,2026-10-25
FB-14,SKU-013,1,Expired,2026-10-25
FB-14,SKU-017,1,Expired,2026-10-25
FB-14,SKU-024,2,Expired,2026-10-25
FB-15,SKU-006,1,Expired,2026-10-25
FB-15,SKU-008,1,Expired,2026-10-25
FB-15,SKU-011,1,Damaged,2026-10-25
FB-16,SKU-004,1,Expired,2026-10-25
FB-16,SKU-006,2,Expired,2026-10-25
FB-16,SKU-011,1,Damaged,2026-10-25
FB-16,SKU-013,1,Quality reject,2026-10-25
FB-16,SKU-014,2,Expired,2026-10-25
FB-16,SKU-017,2,Quality reject,2026-10-25
FB-16,SKU-019,1,Damaged,2026-10-25
FB-16,SKU-024,1,Expired,2026-10-25
FB-17,SKU-007,1,Quality reject,2026-10-25
FB-17,SKU-008,1,Quality reject,2026-10-25
FB-17,SKU-011,1,Expired,2026-10-25
FB-17,SKU-012,1,Expired,2026-10-25
FB-18,SKU-005,1,Expired,2026-10-25
FB-18,SKU-011,1,Expired,2026-10-25
FB-18,SKU-012,1,Expired,2026-10-25
FB-18,SKU-014,1,Expired,2026-10-25
FB-18,SKU-023,2,Expired,2026-10-25
FB-19,SKU-005,3,Damaged,2026-10-25
FB-19,SKU-007,1,Expired,2026-10-25
FB-19,SKU-012,1,Expired,2026-10-25
FB-19,SKU-015,1,Expired,2026-10-25
FB-19,SKU-019,1,Damaged,2026-10-25
FB-19,SKU-022,1,Expired,2026-10-25
FB-19,SKU-024,1,Expired,2026-10-25
FB-20,SKU-003,1,Expired,2026-10-25
FB-20,SKU-004,1,Damaged,2026-10-25
FB-20,SKU-007,2,Damaged,2026-10-25
FB-20,SKU-012,2,Expired,2026-10-25
FB-20,SKU-013,1,Expired,2026-10-25
FB-20,SKU-015,1,Expired,2026-10-25
FB-20,SKU-020,1,Damaged,2026-10-25
FB-20,SKU-023,1,Quality reject,2026-10-25
FB-21,SKU-001,1,Damaged,2026-10-25
FB-21,SKU-011,1,Expired,2026-10-25
FB-21,SKU-015,1,Expired,2026-10-25
FB-21,SKU-019,1,Quality reject,2026-10-25
FB-21,SKU-021,1,Quality reject,2026-10-25
FB-22,SKU-001,1,Quality reject,2026-10-25
FB-22,SKU-005,1,Expired,2026-10-25
FB-22,SKU-007,1,Expired,2026-10-25
FB-22,SKU-012,2,Quality reject,2026-10-25
FB-22,SKU-014,2,Quality reject,2026-10-25
FB-22,SKU-023,1,Expired,2026-10-25
FB-23,SKU-001,1,Expired,2026-10-25
FB-23,SKU-003,1,Damaged,2026-10-25
FB-23,SKU-007,1,Expired,2026-10-25
FB-23,SKU-011,1,Expired,2026-10-25
FB-23,SKU-012,1,Expired,2026-10-25
FB-23,SKU-014,1,Expired,2026-10-25
FB-23,SKU-018,2,Expired,2026-10-25
FB-24,SKU-008,1,Expired,2026-10-25
FB-24,SKU-009,1,Expired,2026-10-25
FB-24,SKU-011,1,Quality reject,2026-10-25
FB-24,SKU-012,1,Damaged,2026-10-25
FB-24,SKU-017,1,Damaged,2026-10-25
FB-24,SKU-025,1,Expired,2026-10-25
FB-25,SKU-003,1,Damaged,2026-10-25
FB-25,SKU-011,1,Expired,2026-10-25
FB-25,SKU-013,1,Quality reject,2026-10-25
FB-25,SKU-014,1,Quality reject,2026-10-25
FB-25,SKU-020,1,Damaged,2026-10-25
FB-25,SKU-021,1,Expired,2026-10-25
FB-25,SKU-023,1,Quality reject,2026-10-25
FB-01,SKU-005,1,Expired,2026-10-26
FB-01,SKU-006,1,Expired,2026-10-26
FB-01,SKU-015,1,Quality reject,2026-10-26
FB-01,SKU-019,1,Damaged,2026-10-26
FB-02,SKU-003,1,Expired,2026-10-26
FB-02,SKU-005,1,Damaged,2026-10-26
FB-02,SKU-007,1,Expired,2026-10-26
FB-02,SKU-009,1,Expired,2026-10-26
FB-02,SKU-014,2,Expired,2026-10-26
FB-02,SKU-022,1,Expired,2026-10-26
FB-02,SKU-023,1,Damaged,2026-10-26
FB-02,SKU-024,1,Damaged,2026-10-26
FB-02,SKU-025,1,Expired,2026-10-26
FB-03,SKU-005,1,Expired,2026-10-26
FB-03,SKU-007,1,Expired,2026-10-26
FB-03,SKU-008,1,Expired,2026-10-26
FB-03,SKU-012,1,Expired,2026-10-26
FB-03,SKU-022,1,Damaged,2026-10-26
FB-04,SKU-008,1,Expired,2026-10-26
FB-04,SKU-010,1,Expired,2026-10-26
FB-04,SKU-012,1,Damaged,2026-10-26
FB-04,SKU-013,1,Expired,2026-10-26
FB-04,SKU-014,2,Expired,2026-10-26
FB-04,SKU-019,2,Expired,2026-10-26
FB-04,SKU-023,2,Damaged,2026-10-26
FB-05,SKU-006,1,Expired,2026-10-26
FB-05,SKU-009,1,Expired,2026-10-26
FB-05,SKU-010,1,Expired,2026-10-26
FB-05,SKU-012,1,Expired,2026-10-26
FB-05,SKU-025,1,Quality reject,2026-10-26
FB-06,SKU-003,1,Expired,2026-10-26
FB-06,SKU-010,1,Expired,2026-10-26
FB-06,SKU-014,1,Quality reject,2026-10-26
FB-06,SKU-019,1,Damaged,2026-10-26
FB-06,SKU-020,1,Damaged,2026-10-26
FB-06,SKU-023,1,Expired,2026-10-26
FB-07,SKU-003,1,Quality reject,2026-10-26
FB-07,SKU-012,1,Quality reject,2026-10-26
FB-07,SKU-015,1,Expired,2026-10-26
FB-07,SKU-017,1,Damaged,2026-10-26
FB-07,SKU-024,1,Quality reject,2026-10-26
FB-08,SKU-004,1,Quality reject,2026-10-26
FB-08,SKU-006,1,Quality reject,2026-10-26
FB-08,SKU-007,1,Quality reject,2026-10-26
FB-08,SKU-009,1,Damaged,2026-10-26
FB-08,SKU-010,4,Expired,2026-10-26
FB-08,SKU-011,6,Expired,2026-10-26
FB-08,SKU-019,1,Quality reject,2026-10-26
FB-08,SKU-021,2,Expired,2026-10-26
FB-08,SKU-023,1,Expired,2026-10-26
FB-08,SKU-024,1,Expired,2026-10-26
FB-09,SKU-002,1,Expired,2026-10-26
FB-09,SKU-007,1,Damaged,2026-10-26
FB-09,SKU-010,1,Expired,2026-10-26
FB-09,SKU-022,1,Expired,2026-10-26
FB-09,SKU-023,1,Quality reject,2026-10-26
FB-09,SKU-025,1,Quality reject,2026-10-26
FB-10,SKU-001,1,Expired,2026-10-26
FB-10,SKU-005,1,Expired,2026-10-26
FB-10,SKU-006,1,Expired,2026-10-26
FB-10,SKU-011,1,Expired,2026-10-26
FB-10,SKU-015,1,Expired,2026-10-26
FB-10,SKU-017,1,Expired,2026-10-26
FB-10,SKU-019,1,Expired,2026-10-26
FB-10,SKU-025,1,Quality reject,2026-10-26
FB-11,SKU-004,2,Expired,2026-10-26
FB-11,SKU-008,1,Expired,2026-10-26
FB-11,SKU-014,1,Damaged,2026-10-26
FB-11,SKU-019,1,Expired,2026-10-26
FB-12,SKU-004,1,Damaged,2026-10-26
FB-12,SKU-005,1,Damaged,2026-10-26
FB-12,SKU-007,1,Expired,2026-10-26
FB-12,SKU-011,2,Expired,2026-10-26
FB-12,SKU-019,1,Quality reject,2026-10-26
FB-12,SKU-021,1,Quality reject,2026-10-26
FB-12,SKU-025,1,Quality reject,2026-10-26
FB-13,SKU-005,2,Damaged,2026-10-26
FB-13,SKU-007,1,Expired,2026-10-26
FB-13,SKU-009,1,Damaged,2026-10-26
FB-13,SKU-011,1,Damaged,2026-10-26
FB-13,SKU-013,1,Expired,2026-10-26
FB-13,SKU-022,3,Expired,2026-10-26
FB-13,SKU-023,4,Expired,2026-10-26
FB-13,SKU-025,2,Quality reject,2026-10-26
FB-14,SKU-017,2,Damaged,2026-10-26
FB-14,SKU-019,2,Expired,2026-10-26
FB-14,SKU-020,1,Expired,2026-10-26
FB-14,SKU-023,2,Damaged,2026-10-26
FB-15,SKU-001,2,Quality reject,2026-10-26
FB-15,SKU-013,1,Expired,2026-10-26
FB-15,SKU-014,1,Expired,2026-10-26
FB-15,SKU-019,1,Expired,2026-10-26
FB-15,SKU-023,1,Expired,2026-10-26
FB-16,SKU-001,2,Expired,2026-10-26
FB-16,SKU-005,1,Damaged,2026-10-26
FB-16,SKU-009,1,Expired,2026-10-26
FB-16,SKU-014,3,Expired,2026-10-26
FB-16,SKU-017,1,Quality reject,2026-10-26
FB-16,SKU-022,1,Expired,2026-10-26
FB-16,SKU-024,2,Quality reject,2026-10-26
FB-16,SKU-025,1,Damaged,2026-10-26
FB-17,SKU-001,1,Damaged,2026-10-26
FB-17,SKU-004,1,Expired,2026-10-26
FB-17,SKU-011,1,Expired,2026-10-26
FB-17,SKU-014,1,Expired,2026-10-26
FB-18,SKU-005,1,Quality reject,2026-10-26
FB-18,SKU-006,1,Quality reject,2026-10-26
FB-18,SKU-008,1,Expired,2026-10-26
FB-18,SKU-011,1,Quality reject,2026-10-26
FB-18,SKU-013,1,Expired,2026-10-26
FB-18,SKU-014,1,Damaged,2026-10-26
FB-18,SKU-017,1,Expired,2026-10-26
FB-18,SKU-022,1,Damaged,2026-10-26
FB-18,SKU-023,1,Quality reject,2026-10-26
FB-18,SKU-024,1,Expired,2026-10-26
FB-19,SKU-003,1,Expired,2026-10-26
FB-19,SKU-005,2,Quality reject,2026-10-26
FB-19,SKU-014,1,Quality reject,2026-10-26
FB-19,SKU-020,1,Expired,2026-10-26
FB-19,SKU-024,1,Quality reject,2026-10-26
FB-20,SKU-005,2,Expired,2026-10-26
FB-20,SKU-010,1,Quality reject,2026-10-26
FB-20,SKU-011,1,Expired,2026-10-26
FB-20,SKU-012,1,Damaged,2026-10-26
FB-20,SKU-017,2,Expired,2026-10-26
FB-21,SKU-006,1,Quality reject,2026-10-26
FB-21,SKU-011,1,Quality reject,2026-10-26
FB-21,SKU-012,1,Expired,2026-10-26
FB-21,SKU-022,1,Expired,2026-10-26
FB-21,SKU-025,1,Expired,2026-10-26
FB-22,SKU-003,1,Expired,2026-10-26
FB-22,SKU-004,1,Expired,2026-10-26
FB-22,SKU-005,1,Expired,2026-10-26
FB-22,SKU-009,3,Quality reject,2026-10-26
FB-22,SKU-010,1,Expired,2026-10-26
FB-22,SKU-013,1,Expired,2026-10-26
FB-22,SKU-014,1,Damaged,2026-10-26
FB-22,SKU-017,2,Quality reject,2026-10-26
FB-22,SKU-022,2,Expired,2026-10-26
FB-22,SKU-023,1,Quality reject,2026-10-26
FB-23,SKU-004,1,Expired,2026-10-26
FB-23,SKU-007,1,Expired,2026-10-26
FB-23,SKU-009,2,Expired,2026-10-26
FB-23,SKU-011,3,Damaged,2026-10-26
FB-23,SKU-015,1,Expired,2026-10-26
FB-23,SKU-022,1,Expired,2026-10-26
FB-23,SKU-023,1,Expired,2026-10-26
FB-24,SKU-003,1,Expired,2026-10-26
FB-24,SKU-004,1,Damaged,2026-10-26
FB-24,SKU-005,1,Expired,2026-10-26
FB-24,SKU-008,1,Expired,2026-10-26
FB-24,SKU-022,1,Expired,2026-10-26
FB-25,SKU-003,1,Expired,2026-10-26
FB-25,SKU-011,1,Expired,2026-10-26
FB-25,SKU-020,1,Damaged,2026-10-26
FB-25,SKU-025,1,Expired,2026-10-26
FB-01,SKU-003,1,Quality reject,2026-10-27
FB-01,SKU-004,1,Quality reject,2026-10-27
FB-01,SKU-010,1,Damaged,2026-10-27
FB-01,SKU-015,1,Expired,2026-10-27
FB-02,SKU-007,1,Quality reject,2026-10-27
FB-02,SKU-010,1,Quality reject,2026-10-27
FB-02,SKU-011,1,Expired,2026-10-27
FB-02,SKU-014,1,Expired,2026-10-27
FB-02,SKU-023,1,Quality reject,2026-10-27
FB-03,SKU-001,1,Quality reject,2026-10-27
FB-03,SKU-011,2,Expired,2026-10-27
FB-03,SKU-017,1,Expired,2026-10-27
FB-03,SKU-024,1,Expired,2026-10-27
FB-04,SKU-003,1,Expired,2026-10-27
FB-04,SKU-004,2,Expired,2026-10-27
FB-04,SKU-005,4,Expired,2026-10-27
FB-04,SKU-007,1,Expired,2026-10-27
FB-04,SKU-014,1,Expired,2026-10-27
FB-04,SKU-021,1,Damaged,2026-10-27
FB-05,SKU-004,2,Expired,2026-10-27
FB-05,SKU-010,1,Expired,2026-10-27
FB-05,SKU-012,1,Quality reject,2026-10-27
FB-05,SKU-023,2,Expired,2026-10-27
FB-06,SKU-003,1,Expired,2026-10-27
FB-06,SKU-004,1,Expired,2026-10-27
FB-06,SKU-006,1,Quality reject,2026-10-27
FB-06,SKU-009,1,Expired,2026-10-27
FB-06,SKU-012,1,Expired,2026-10-27
FB-06,SKU-013,1,Quality reject,2026-10-27
FB-06,SKU-014,1,Damaged,2026-10-27
FB-06,SKU-015,1,Quality reject,2026-10-27
FB-06,SKU-018,1,Expired,2026-10-27
FB-06,SKU-022,1,Damaged,2026-10-27
FB-07,SKU-003,1,Expired,2026-10-27
FB-07,SKU-010,1,Expired,2026-10-27
FB-07,SKU-011,2,Expired,2026-10-27
FB-07,SKU-013,1,Damaged,2026-10-27
FB-08,SKU-005,1,Expired,2026-10-27
FB-08,SKU-008,1,Expired,2026-10-27
FB-08,SKU-009,1,Expired,2026-10-27
FB-08,SKU-011,1,Damaged,2026-10-27
FB-08,SKU-013,1,Expired,2026-10-27
FB-08,SKU-023,1,Damaged,2026-10-27
FB-09,SKU-006,1,Quality reject,2026-10-27
FB-09,SKU-007,1,Damaged,2026-10-27
FB-09,SKU-011,1,Expired,2026-10-27
FB-09,SKU-013,1,Expired,2026-10-27
FB-09,SKU-019,1,Expired,2026-10-27
FB-09,SKU-022,1,Quality reject,2026-10-27
FB-09,SKU-023,1,Expired,2026-10-27
FB-09,SKU-024,1,Quality reject,2026-10-27
FB-10,SKU-003,1,Expired,2026-10-27
FB-10,SKU-006,1,Damaged,2026-10-27
FB-10,SKU-015,1,Expired,2026-10-27
FB-10,SKU-024,1,Expired,2026-10-27
FB-11,SKU-004,1,Quality reject,2026-10-27
FB-11,SKU-015,1,Quality reject,2026-10-27
FB-11,SKU-017,1,Expired,2026-10-27
FB-12,SKU-002,1,Expired,2026-10-27
FB-12,SKU-003,1,Expired,2026-10-27
FB-12,SKU-010,3,Expired,2026-10-27
FB-12,SKU-021,1,Expired,2026-10-27
FB-12,SKU-025,2,Damaged,2026-10-27
FB-13,SKU-004,1,Damaged,2026-10-27
FB-13,SKU-013,1,Expired,2026-10-27
FB-13,SKU-014,1,Quality reject,2026-10-27
FB-13,SKU-022,2,Expired,2026-10-27
FB-13,SKU-023,2,Expired,2026-10-27
FB-14,SKU-002,1,Expired,2026-10-27
FB-14,SKU-003,1,Expired,2026-10-27
FB-14,SKU-013,1,Expired,2026-10-27
FB-14,SKU-014,1,Expired,2026-10-27
FB-14,SKU-017,1,Expired,2026-10-27
FB-14,SKU-019,1,Expired,2026-10-27
FB-14,SKU-022,1,Expired,2026-10-27
FB-15,SKU-003,1,Expired,2026-10-27
FB-15,SKU-017,1,Quality reject,2026-10-27
FB-16,SKU-003,1,Expired,2026-10-27
FB-16,SKU-004,1,Expired,2026-10-27
FB-16,SKU-009,2,Expired,2026-10-27
FB-16,SKU-011,1,Expired,2026-10-27
FB-16,SKU-015,1,Expired,2026-10-27
FB-16,SKU-023,1,Expired,2026-10-27
FB-17,SKU-002,1,Quality reject,2026-10-27
FB-17,SKU-015,1,Expired,2026-10-27
FB-17,SKU-019,1,Expired,2026-10-27
FB-17,SKU-023,1,Expired,2026-10-27
FB-17,SKU-024,1,Quality reject,2026-10-27
FB-18,SKU-005,1,Damaged,2026-10-27
FB-18,SKU-006,1,Quality reject,2026-10-27
FB-18,SKU-013,1,Quality reject,2026-10-27
FB-18,SKU-019,1,Quality reject,2026-10-27
FB-18,SKU-022,1,Expired,2026-10-27
FB-18,SKU-023,1,Expired,2026-10-27
FB-19,SKU-010,1,Expired,2026-10-27
FB-19,SKU-014,2,Damaged,2026-10-27
FB-19,SKU-022,1,Expired,2026-10-27
FB-20,SKU-003,1,Quality reject,2026-10-27
FB-20,SKU-005,1,Quality reject,2026-10-27
FB-20,SKU-010,1,Expired,2026-10-27
FB-20,SKU-011,2,Expired,2026-10-27
FB-20,SKU-017,1,Expired,2026-10-27
FB-20,SKU-022,1,Expired,2026-10-27
FB-20,SKU-023,2,Damaged,2026-10-27
FB-20,SKU-025,3,Expired,2026-10-27
FB-21,SKU-003,1,Expired,2026-10-27
FB-21,SKU-017,1,Damaged,2026-10-27
FB-22,SKU-001,1,Quality reject,2026-10-27
FB-22,SKU-004,1,Expired,2026-10-27
FB-22,SKU-006,1,Expired,2026-10-27
FB-22,SKU-007,1,Expired,2026-10-27
FB-22,SKU-013,1,Expired,2026-10-27
FB-22,SKU-014,1,Expired,2026-10-27
FB-22,SKU-019,2,Expired,2026-10-27
FB-22,SKU-020,1,Expired,2026-10-27
FB-23,SKU-004,1,Quality reject,2026-10-27
FB-23,SKU-018,1,Expired,2026-10-27
FB-23,SKU-019,1,Expired,2026-10-27
FB-23,SKU-020,1,Damaged,2026-10-27
FB-23,SKU-021,1,Damaged,2026-10-27
FB-23,SKU-022,2,Damaged,2026-10-27
FB-24,SKU-006,1,Quality reject,2026-10-27
FB-24,SKU-011,1,Expired,2026-10-27
FB-24,SKU-014,1,Damaged,2026-10-27
FB-24,SKU-021,1,Expired,2026-10-27
FB-24,SKU-022,2,Damaged,2026-10-27
FB-24,SKU-025,2,Expired,2026-10-27
FB-25,SKU-001,1,Expired,2026-10-27
FB-25,SKU-005,1,Expired,2026-10-27
FB-25,SKU-010,1,Expired,2026-10-27
FB-25,SKU-011,1,Expired,2026-10-27
FB-25,SKU-012,1,Quality reject,2026-10-27
FB-25,SKU-014,1,Expired,2026-10-27
FB-25,SKU-015,1,Damaged,2026-10-27
FB-25,SKU-021,1,Expired,2026-10-27
FB-25,SKU-022,1,Damaged,2026-10-27
FB-01,SKU-004,1,Quality reject,2026-10-28
FB-01,SKU-011,1,Damaged,2026-10-28
FB-01,SKU-013,1,Quality reject,2026-10-28
FB-02,SKU-003,1,Damaged,2026-10-28
FB-02,SKU-004,1,Damaged,2026-10-28
FB-02,SKU-015,1,Quality reject,2026-10-28
FB-02,SKU-025,1,Quality reject,2026-10-28
FB-03,SKU-003,1,Damaged,2026-10-28
FB-03,SKU-004,1,Expired,2026-10-28
FB-03,SKU-005,2,Expired,2026-10-28
FB-03,SKU-012,1,Damaged,2026-10-28
FB-03,SKU-013,1,Expired,2026-10-28
FB-03,SKU-024,1,Expired,2026-10-28
FB-04,SKU-011,1,Expired,2026-10-28
FB-04,SKU-012,2,Expired,2026-10-28
FB-04,SKU-014,2,Quality reject,2026-10-28
FB-04,SKU-017,1,Expired,2026-10-28
FB-04,SKU-019,1,Expired,2026-10-28
FB-04,SKU-023,1,Expired,2026-10-28
FB-04,SKU-024,1,Damaged,2026-10-28
FB-04,SKU-025,3,Expired,2026-10-28
FB-05,SKU-001,1,Damaged,2026-10-28
FB-05,SKU-004,1,Damaged,2026-10-28
FB-05,SKU-005,1,Expired,2026-10-28
FB-05,SKU-020,1,Damaged,2026-10-28
FB-06,SKU-004,1,Damaged,2026-10-28
FB-06,SKU-006,1,Expired,2026-10-28
FB-06,SKU-009,1,Damaged,2026-10-28
FB-06,SKU-010,1,Expired,2026-10-28
FB-06,SKU-012,1,Expired,2026-10-28
FB-06,SKU-013,1,Expired,2026-10-28
FB-06,SKU-014,1,Quality reject,2026-10-28
FB-06,SKU-017,1,Expired,2026-10-28
FB-06,SKU-019,1,Quality reject,2026-10-28
FB-06,SKU-021,3,Damaged,2026-10-28
FB-06,SKU-022,1,Damaged,2026-10-28
FB-07,SKU-005,1,Damaged,2026-10-28
FB-07,SKU-008,1,Quality reject,2026-10-28
FB-07,SKU-012,2,Expired,2026-10-28
FB-07,SKU-013,1,Expired,2026-10-28
FB-07,SKU-021,1,Expired,2026-10-28
FB-07,SKU-024,2,Damaged,2026-10-28
FB-08,SKU-002,1,Expired,2026-10-28
FB-08,SKU-005,1,Quality reject,2026-10-28
FB-08,SKU-007,1,Expired,2026-10-28
FB-08,SKU-010,1,Expired,2026-10-28
FB-08,SKU-011,3,Expired,2026-10-28
FB-08,SKU-014,1,Expired,2026-10-28
FB-08,SKU-019,1,Expired,2026-10-28
FB-08,SKU-023,1,Expired,2026-10-28
FB-08,SKU-024,1,Expired,2026-10-28
FB-09,SKU-005,1,Expired,2026-10-28
FB-09,SKU-013,1,Quality reject,2026-10-28
FB-09,SKU-017,2,Expired,2026-10-28
FB-09,SKU-018,1,Damaged,2026-10-28
FB-09,SKU-023,2,Damaged,2026-10-28
FB-09,SKU-025,1,Expired,2026-10-28
FB-10,SKU-005,1,Expired,2026-10-28
FB-10,SKU-008,1,Quality reject,2026-10-28
FB-10,SKU-009,1,Expired,2026-10-28
FB-10,SKU-019,1,Expired,2026-10-28
FB-10,SKU-023,1,Expired,2026-10-28
FB-10,SKU-024,2,Quality reject,2026-10-28
FB-11,SKU-003,1,Expired,2026-10-28
FB-11,SKU-008,1,Expired,2026-10-28
FB-11,SKU-012,2,Damaged,2026-10-28
FB-11,SKU-014,1,Quality reject,2026-10-28
FB-11,SKU-023,1,Quality reject,2026-10-28
FB-11,SKU-024,1,Expired,2026-10-28
FB-12,SKU-006,2,Damaged,2026-10-28
FB-12,SKU-009,2,Damaged,2026-10-28
FB-12,SKU-014,5,Expired,2026-10-28
FB-12,SKU-019,1,Expired,2026-10-28
FB-12,SKU-021,1,Quality reject,2026-10-28
FB-12,SKU-022,1,Quality reject,2026-10-28
FB-12,SKU-023,1,Expired,2026-10-28
FB-12,SKU-025,1,Quality reject,2026-10-28
FB-13,SKU-001,2,Expired,2026-10-28
FB-13,SKU-007,1,Damaged,2026-10-28
FB-13,SKU-008,1,Quality reject,2026-10-28
FB-13,SKU-011,2,Expired,2026-10-28
FB-13,SKU-013,1,Quality reject,2026-10-28
FB-13,SKU-014,2,Quality reject,2026-10-28
FB-13,SKU-017,1,Expired,2026-10-28
FB-13,SKU-022,1,Expired,2026-10-28
FB-13,SKU-023,1,Expired,2026-10-28
FB-13,SKU-025,1,Expired,2026-10-28
FB-14,SKU-004,2,Expired,2026-10-28
FB-14,SKU-005,1,Quality reject,2026-10-28
FB-14,SKU-008,1,Quality reject,2026-10-28
FB-14,SKU-013,2,Damaged,2026-10-28
FB-14,SKU-015,1,Expired,2026-10-28
FB-14,SKU-017,1,Expired,2026-10-28
FB-14,SKU-023,2,Expired,2026-10-28
FB-14,SKU-025,1,Expired,2026-10-28
FB-15,SKU-002,1,Expired,2026-10-28
FB-15,SKU-004,1,Expired,2026-10-28
FB-15,SKU-009,1,Quality reject,2026-10-28
FB-15,SKU-011,1,Expired,2026-10-28
FB-15,SKU-014,2,Expired,2026-10-28
FB-15,SKU-018,1,Damaged,2026-10-28
FB-15,SKU-022,1,Quality reject,2026-10-28
FB-15,SKU-023,1,Expired,2026-10-28
FB-16,SKU-001,1,Quality reject,2026-10-28
FB-16,SKU-005,1,Expired,2026-10-28
FB-16,SKU-006,1,Expired,2026-10-28
FB-16,SKU-009,1,Expired,2026-10-28
FB-16,SKU-010,1,Expired,2026-10-28
FB-16,SKU-014,1,Quality reject,2026-10-28
FB-16,SKU-023,1,Expired,2026-10-28
FB-17,SKU-001,1,Expired,2026-10-28
FB-17,SKU-006,1,Quality reject,2026-10-28
FB-17,SKU-021,1,Expired,2026-10-28
FB-17,SKU-022,1,Expired,2026-10-28
FB-17,SKU-023,3,Expired,2026-10-28
FB-18,SKU-003,1,Damaged,2026-10-28
FB-18,SKU-004,2,Expired,2026-10-28
FB-18,SKU-011,1,Damaged,2026-10-28
FB-19,SKU-003,1,Expired,2026-10-28
FB-19,SKU-007,1,Expired,2026-10-28
FB-19,SKU-011,2,Quality reject,2026-10-28
FB-19,SKU-012,1,Expired,2026-10-28
FB-19,SKU-013,3,Quality reject,2026-10-28
FB-19,SKU-014,1,Expired,2026-10-28
FB-19,SKU-015,1,Expired,2026-10-28
FB-19,SKU-017,1,Expired,2026-10-28
FB-19,SKU-019,1,Damaged,2026-10-28
FB-19,SKU-025,2,Expired,2026-10-28
FB-20,SKU-001,1,Quality reject,2026-10-28
FB-20,SKU-007,2,Expired,2026-10-28
FB-20,SKU-009,1,Quality reject,2026-10-28
FB-20,SKU-013,2,Damaged,2026-10-28
FB-20,SKU-014,1,Quality reject,2026-10-28
FB-20,SKU-016,1,Quality reject,2026-10-28
FB-20,SKU-017,1,Expired,2026-10-28
FB-20,SKU-020,1,Expired,2026-10-28
FB-21,SKU-001,1,Damaged,2026-10-28
FB-21,SKU-008,1,Quality reject,2026-10-28
FB-21,SKU-016,1,Expired,2026-10-28
FB-21,SKU-021,1,Expired,2026-10-28
FB-21,SKU-022,1,Damaged,2026-10-28
FB-21,SKU-023,1,Expired,2026-10-28
FB-22,SKU-003,1,Expired,2026-10-28
FB-22,SKU-005,1,Damaged,2026-10-28
FB-22,SKU-010,1,Expired,2026-10-28
FB-22,SKU-014,3,Expired,2026-10-28
FB-22,SKU-015,1,Expired,2026-10-28
FB-22,SKU-023,3,Expired,2026-10-28
FB-22,SKU-024,1,Expired,2026-10-28
FB-22,SKU-025,2,Expired,2026-10-28
FB-23,SKU-004,1,Damaged,2026-10-28
FB-23,SKU-005,1,Damaged,2026-10-28
FB-23,SKU-019,1,Expired,2026-10-28
FB-23,SKU-022,1,Expired,2026-10-28
FB-23,SKU-023,1,Quality reject,2026-10-28
FB-24,SKU-005,1,Expired,2026-10-28
FB-24,SKU-017,1,Quality reject,2026-10-28
FB-24,SKU-023,1,Expired,2026-10-28
FB-24,SKU-025,1,Quality reject,2026-10-28
FB-25,SKU-001,1,Expired,2026-10-28
FB-25,SKU-006,2,Quality reject,2026-10-28
FB-25,SKU-009,1,Expired,2026-10-28
FB-25,SKU-011,1,Damaged,2026-10-28
FB-25,SKU-013,2,Expired,2026-10-28
FB-25,SKU-023,1,Quality reject,2026-10-28
FB-25,SKU-024,1,Expired,2026-10-28
FB-25,SKU-025,1,Damaged,2026-10-28
FB-01,SKU-005,1,Expired,2026-10-29
FB-01,SKU-007,1,Expired,2026-10-29
FB-01,SKU-009,1,Damaged,2026-10-29
FB-01,SKU-022,1,Expired,2026-10-29
FB-01,SKU-023,1,Expired,2026-10-29
FB-02,SKU-006,2,Expired,2026-10-29
FB-02,SKU-009,1,Damaged,2026-10-29
FB-02,SKU-012,1,Quality reject,2026-10-29
FB-02,SKU-014,1,Quality reject,2026-10-29
FB-03,SKU-023,1,Expired,2026-10-29
FB-04,SKU-005,1,Damaged,2026-10-29
FB-04,SKU-019,1,Expired,2026-10-29
FB-04,SKU-022,1,Expired,2026-10-29
FB-04,SKU-023,1,Expired,2026-10-29
FB-05,SKU-001,1,Damaged,2026-10-29
FB-05,SKU-003,1,Expired,2026-10-29
FB-05,SKU-004,1,Expired,2026-10-29
FB-05,SKU-013,1,Expired,2026-10-29
FB-05,SKU-021,1,Expired,2026-10-29
FB-06,SKU-004,1,Expired,2026-10-29
FB-06,SKU-013,2,Expired,2026-10-29
FB-06,SKU-014,3,Expired,2026-10-29
FB-06,SKU-017,1,Expired,2026-10-29
FB-06,SKU-018,1,Quality reject,2026-10-29
FB-06,SKU-019,1,Expired,2026-10-29
FB-06,SKU-023,4,Expired,2026-10-29
FB-07,SKU-005,1,Damaged,2026-10-29
FB-07,SKU-014,2,Damaged,2026-10-29
FB-07,SKU-017,2,Damaged,2026-10-29
FB-07,SKU-023,1,Expired,2026-10-29
FB-08,SKU-006,1,Damaged,2026-10-29
FB-08,SKU-008,1,Expired,2026-10-29
FB-08,SKU-009,2,Expired,2026-10-29
FB-08,SKU-010,1,Expired,2026-10-29
FB-08,SKU-011,1,Damaged,2026-10-29
FB-08,SKU-012,2,Expired,2026-10-29
FB-08,SKU-013,1,Damaged,2026-10-29
FB-08,SKU-014,1,Expired,2026-10-29
FB-08,SKU-017,1,Expired,2026-10-29
FB-08,SKU-018,1,Quality reject,2026-10-29
FB-08,SKU-019,1,Expired,2026-10-29
FB-08,SKU-022,1,Expired,2026-10-29
FB-08,SKU-023,1,Expired,2026-10-29
FB-09,SKU-012,1,Damaged,2026-10-29
FB-09,SKU-014,1,Expired,2026-10-29
FB-09,SKU-022,1,Quality reject,2026-10-29
FB-10,SKU-002,1,Expired,2026-10-29
FB-10,SKU-007,1,Damaged,2026-10-29
FB-10,SKU-011,1,Expired,2026-10-29
FB-10,SKU-023,3,Expired,2026-10-29
FB-10,SKU-024,1,Quality reject,2026-10-29
FB-10,SKU-025,1,Expired,2026-10-29
FB-11,SKU-008,1,Expired,2026-10-29
FB-12,SKU-003,2,Expired,2026-10-29
FB-12,SKU-004,1,Expired,2026-10-29
FB-12,SKU-005,3,Damaged,2026-10-29
FB-12,SKU-011,1,Damaged,2026-10-29
FB-12,SKU-013,1,Expired,2026-10-29
FB-12,SKU-019,1,Expired,2026-10-29
FB-12,SKU-020,1,Quality reject,2026-10-29
FB-13,SKU-005,2,Expired,2026-10-29
FB-13,SKU-011,1,Expired,2026-10-29
FB-13,SKU-013,1,Damaged,2026-10-29
FB-13,SKU-017,1,Quality reject,2026-10-29
FB-13,SKU-019,1,Expired,2026-10-29
FB-13,SKU-020,1,Quality reject,2026-10-29
FB-13,SKU-023,2,Quality reject,2026-10-29
FB-13,SKU-024,1,Expired,2026-10-29
FB-13,SKU-025,2,Expired,2026-10-29
FB-14,SKU-006,1,Expired,2026-10-29
FB-14,SKU-009,1,Damaged,2026-10-29
FB-14,SKU-011,1,Expired,2026-10-29
FB-14,SKU-013,2,Expired,2026-10-29
FB-14,SKU-015,1,Expired,2026-10-29
FB-14,SKU-017,1,Expired,2026-10-29
FB-14,SKU-019,1,Expired,2026-10-29
FB-14,SKU-022,1,Expired,2026-10-29
FB-14,SKU-023,1,Damaged,2026-10-29
FB-14,SKU-025,1,Damaged,2026-10-29
FB-15,SKU-011,1,Expired,2026-10-29
FB-15,SKU-022,1,Expired,2026-10-29
FB-15,SKU-023,1,Damaged,2026-10-29
FB-16,SKU-003,1,Expired,2026-10-29
FB-16,SKU-004,1,Expired,2026-10-29
FB-16,SKU-005,1,Damaged,2026-10-29
FB-16,SKU-006,2,Expired,2026-10-29
FB-16,SKU-011,1,Expired,2026-10-29
FB-16,SKU-012,1,Quality reject,2026-10-29
FB-16,SKU-013,1,Expired,2026-10-29
FB-16,SKU-017,1,Expired,2026-10-29
FB-16,SKU-019,1,Expired,2026-10-29
FB-16,SKU-022,1,Quality reject,2026-10-29
FB-16,SKU-024,2,Quality reject,2026-10-29
FB-17,SKU-006,1,Quality reject,2026-10-29
FB-17,SKU-009,1,Expired,2026-10-29
FB-17,SKU-013,1,Expired,2026-10-29
FB-17,SKU-024,1,Expired,2026-10-29
FB-18,SKU-003,1,Expired,2026-10-29
FB-18,SKU-006,1,Quality reject,2026-10-29
FB-18,SKU-011,1,Expired,2026-10-29
FB-18,SKU-018,1,Expired,2026-10-29
FB-18,SKU-024,1,Expired,2026-10-29
FB-19,SKU-003,1,Expired,2026-10-29
FB-19,SKU-005,1,Quality reject,2026-10-29
FB-19,SKU-020,1,Expired,2026-10-29
FB-19,SKU-022,1,Expired,2026-10-29
FB-19,SKU-024,2,Quality reject,2026-10-29
FB-20,SKU-003,1,Damaged,2026-10-29
FB-20,SKU-004,1,Expired,2026-10-29
FB-20,SKU-005,1,Expired,2026-10-29
FB-20,SKU-006,1,Expired,2026-10-29
FB-20,SKU-011,1,Quality reject,2026-10-29
FB-20,SKU-014,1,Quality reject,2026-10-29
FB-20,SKU-020,1,Expired,2026-10-29
FB-20,SKU-021,1,Damaged,2026-10-29
FB-20,SKU-022,3,Damaged,2026-10-29
FB-20,SKU-023,2,Expired,2026-10-29
FB-20,SKU-024,2,Expired,2026-10-29
FB-20,SKU-025,1,Damaged,2026-10-29
FB-21,SKU-003,1,Expired,2026-10-29
FB-21,SKU-011,1,Damaged,2026-10-29
FB-21,SKU-012,1,Expired,2026-10-29
FB-21,SKU-014,1,Expired,2026-10-29
FB-21,SKU-018,1,Quality reject,2026-10-29
FB-22,SKU-004,1,Expired,2026-10-29
FB-22,SKU-009,1,Damaged,2026-10-29
FB-22,SKU-013,1,Quality reject,2026-10-29
FB-22,SKU-014,1,Quality reject,2026-10-29
FB-22,SKU-021,1,Damaged,2026-10-29
FB-23,SKU-003,1,Quality reject,2026-10-29
FB-23,SKU-004,2,Quality reject,2026-10-29
FB-23,SKU-006,1,Damaged,2026-10-29
FB-23,SKU-008,1,Expired,2026-10-29
FB-23,SKU-017,1,Expired,2026-10-29
FB-23,SKU-018,1,Quality reject,2026-10-29
FB-24,SKU-001,1,Expired,2026-10-29
FB-24,SKU-023,1,Quality reject,2026-10-29
FB-24,SKU-025,3,Damaged,2026-10-29
FB-25,SKU-002,1,Damaged,2026-10-29
FB-25,SKU-006,1,Expired,2026-10-29
FB-25,SKU-008,1,Expired,2026-10-29
FB-25,SKU-013,1,Quality reject,2026-10-29
FB-25,SKU-015,1,Expired,2026-10-29
FB-25,SKU-019,3,Expired,2026-10-29
FB-01,SKU-001,1,Expired,2026-10-30
FB-01,SKU-004,2,Expired,2026-10-30
FB-01,SKU-012,1,Quality reject,2026-10-30
FB-01,SKU-014,2,Quality reject,2026-10-30
FB-01,SKU-020,1,Quality reject,2026-10-30
FB-01,SKU-023,1,Quality reject,2026-10-30
FB-02,SKU-013,1,Expired,2026-10-30
FB-02,SKU-014,1,Damaged,2026-10-30
FB-02,SKU-020,1,Quality reject,2026-10-30
FB-03,SKU-003,2,Expired,2026-10-30
FB-03,SKU-004,1,Quality reject,2026-10-30
FB-03,SKU-007,1,Quality reject,2026-10-30
FB-03,SKU-013,1,Expired,2026-10-30
FB-03,SKU-020,2,Expired,2026-10-30
FB-04,SKU-003,1,Expired,2026-10-30
FB-04,SKU-006,1,Quality reject,2026-10-30
FB-04,SKU-007,1,Expired,2026-10-30
FB-04,SKU-011,1,Expired,2026-10-30
FB-04,SKU-013,1,Quality reject,2026-10-30
FB-04,SKU-014,1,Expired,2026-10-30
FB-04,SKU-017,1,Quality reject,2026-10-30
FB-04,SKU-022,1,Expired,2026-10-30
FB-04,SKU-024,1,Quality reject,2026-10-30
FB-04,SKU-025,2,Damaged,2026-10-30
FB-05,SKU-003,1,Quality reject,2026-10-30
FB-05,SKU-008,1,Expired,2026-10-30
FB-05,SKU-010,1,Expired,2026-10-30
FB-05,SKU-011,1,Expired,2026-10-30
FB-05,SKU-012,1,Damaged,2026-10-30
FB-05,SKU-014,1,Expired,2026-10-30
FB-05,SKU-023,1,Expired,2026-10-30
FB-06,SKU-003,1,Damaged,2026-10-30
FB-06,SKU-014,2,Expired,2026-10-30
FB-07,SKU-001,1,Expired,2026-10-30
FB-07,SKU-004,1,Expired,2026-10-30
FB-07,SKU-019,1,Expired,2026-10-30
FB-07,SKU-025,1,Quality reject,2026-10-30
FB-08,SKU-003,1,Expired,2026-10-30
FB-08,SKU-005,1,Damaged,2026-10-30
FB-08,SKU-007,1,Expired,2026-10-30
FB-08,SKU-008,2,Quality reject,2026-10-30
FB-08,SKU-009,1,Expired,2026-10-30
FB-08,SKU-011,7,Expired,2026-10-30
FB-08,SKU-012,2,Expired,2026-10-30
FB-08,SKU-023,1,Damaged,2026-10-30
FB-09,SKU-003,1,Expired,2026-10-30
FB-09,SKU-004,1,Damaged,2026-10-30
FB-09,SKU-007,1,Quality reject,2026-10-30
FB-09,SKU-012,1,Damaged,2026-10-30
FB-10,SKU-004,1,Quality reject,2026-10-30
FB-10,SKU-005,1,Damaged,2026-10-30
FB-10,SKU-011,1,Expired,2026-10-30
FB-10,SKU-022,1,Quality reject,2026-10-30
FB-10,SKU-023,1,Expired,2026-10-30
FB-11,SKU-002,1,Expired,2026-10-30
FB-11,SKU-004,1,Damaged,2026-10-30
FB-11,SKU-006,1,Quality reject,2026-10-30
FB-11,SKU-014,1,Expired,2026-10-30
FB-11,SKU-024,1,Expired,2026-10-30
FB-11,SKU-025,1,Expired,2026-10-30
FB-12,SKU-005,1,Expired,2026-10-30
FB-12,SKU-011,1,Expired,2026-10-30
FB-12,SKU-019,2,Quality reject,2026-10-30
FB-12,SKU-020,2,Quality reject,2026-10-30
FB-12,SKU-022,2,Damaged,2026-10-30
FB-12,SKU-023,1,Damaged,2026-10-30
FB-12,SKU-024,2,Damaged,2026-10-30
FB-13,SKU-001,1,Quality reject,2026-10-30
FB-13,SKU-006,1,Quality reject,2026-10-30
FB-13,SKU-009,1,Quality reject,2026-10-30
FB-13,SKU-010,1,Expired,2026-10-30
FB-13,SKU-011,1,Expired,2026-10-30
FB-13,SKU-013,1,Expired,2026-10-30
FB-13,SKU-022,2,Quality reject,2026-10-30
FB-13,SKU-023,1,Expired,2026-10-30
FB-14,SKU-003,1,Quality reject,2026-10-30
FB-14,SKU-014,1,Expired,2026-10-30
FB-14,SKU-023,1,Expired,2026-10-30
FB-14,SKU-025,1,Damaged,2026-10-30
FB-15,SKU-013,2,Quality reject,2026-10-30
FB-15,SKU-020,2,Damaged,2026-10-30
FB-15,SKU-023,2,Expired,2026-10-30
FB-16,SKU-004,1,Expired,2026-10-30
FB-16,SKU-010,1,Expired,2026-10-30
FB-16,SKU-013,1,Damaged,2026-10-30
FB-16,SKU-014,1,Quality reject,2026-10-30
FB-16,SKU-017,2,Quality reject,2026-10-30
FB-17,SKU-006,1,Expired,2026-10-30
FB-17,SKU-011,1,Quality reject,2026-10-30
FB-17,SKU-014,1,Quality reject,2026-10-30
FB-17,SKU-024,1,Damaged,2026-10-30
FB-18,SKU-001,1,Expired,2026-10-30
FB-18,SKU-003,1,Quality reject,2026-10-30
FB-18,SKU-005,1,Quality reject,2026-10-30
FB-18,SKU-007,1,Quality reject,2026-10-30
FB-18,SKU-010,1,Expired,2026-10-30
FB-18,SKU-011,1,Quality reject,2026-10-30
FB-18,SKU-021,1,Expired,2026-10-30
FB-18,SKU-023,1,Expired,2026-10-30
FB-19,SKU-004,1,Expired,2026-10-30
FB-19,SKU-005,1,Damaged,2026-10-30
FB-19,SKU-014,2,Damaged,2026-10-30
FB-19,SKU-021,1,Quality reject,2026-10-30
FB-19,SKU-023,1,Expired,2026-10-30
FB-19,SKU-025,1,Expired,2026-10-30
FB-20,SKU-001,1,Quality reject,2026-10-30
FB-20,SKU-003,2,Quality reject,2026-10-30
FB-20,SKU-011,2,Damaged,2026-10-30
FB-20,SKU-024,1,Expired,2026-10-30
FB-20,SKU-025,2,Damaged,2026-10-30
FB-21,SKU-010,1,Expired,2026-10-30
FB-21,SKU-013,1,Expired,2026-10-30
FB-21,SKU-014,1,Expired,2026-10-30
FB-21,SKU-022,3,Expired,2026-10-30
FB-21,SKU-023,1,Expired,2026-10-30
FB-22,SKU-001,1,Damaged,2026-10-30
FB-22,SKU-004,1,Damaged,2026-10-30
FB-22,SKU-005,2,Quality reject,2026-10-30
FB-22,SKU-012,1,Quality reject,2026-10-30
FB-22,SKU-013,1,Expired,2026-10-30
FB-22,SKU-019,1,Quality reject,2026-10-30
FB-22,SKU-021,1,Damaged,2026-10-30
FB-22,SKU-022,2,Damaged,2026-10-30
FB-22,SKU-025,2,Expired,2026-10-30
FB-23,SKU-004,1,Quality reject,2026-10-30
FB-23,SKU-006,1,Expired,2026-10-30
FB-23,SKU-009,1,Expired,2026-10-30
FB-23,SKU-014,1,Expired,2026-10-30
FB-24,SKU-003,1,Quality reject,2026-10-30
FB-24,SKU-014,1,Quality reject,2026-10-30
FB-24,SKU-019,2,Quality reject,2026-10-30
FB-24,SKU-022,1,Damaged,2026-10-30
FB-25,SKU-008,1,Damaged,2026-10-30
FB-25,SKU-011,2,Expired,2026-10-30
FB-25,SKU-012,1,Damaged,2026-10-30
FB-25,SKU-023,1,Expired,2026-10-30
FB-25,SKU-025,1,Damaged,2026-10-30
FB-01,SKU-007,1,Expired,2026-10-31
FB-01,SKU-013,1,Damaged,2026-10-31
FB-01,SKU-017,1,Expired,2026-10-31
FB-01,SKU-022,1,Expired,2026-10-31
FB-02,SKU-004,1,Expired,2026-10-31
FB-02,SKU-007,1,Expired,2026-10-31
FB-02,SKU-011,2,Expired,2026-10-31
FB-02,SKU-012,1,Expired,2026-10-31
FB-03,SKU-001,2,Quality reject,2026-10-31
FB-03,SKU-005,1,Expired,2026-10-31
FB-03,SKU-007,1,Damaged,2026-10-31
FB-03,SKU-011,1,Expired,2026-10-31
FB-03,SKU-012,1,Quality reject,2026-10-31
FB-03,SKU-014,1,Expired,2026-10-31
FB-03,SKU-023,1,Expired,2026-10-31
FB-04,SKU-001,1,Expired,2026-10-31
FB-04,SKU-005,2,Damaged,2026-10-31
FB-04,SKU-009,1,Expired,2026-10-31
FB-04,SKU-020,1,Quality reject,2026-10-31
FB-05,SKU-010,1,Quality reject,2026-10-31
FB-05,SKU-012,1,Expired,2026-10-31
FB-05,SKU-018,1,Quality reject,2026-10-31
FB-05,SKU-023,1,Expired,2026-10-31
FB-06,SKU-001,1,Quality reject,2026-10-31
FB-06,SKU-003,1,Damaged,2026-10-31
FB-06,SKU-005,4,Damaged,2026-10-31
FB-06,SKU-006,2,Damaged,2026-10-31
FB-06,SKU-013,1,Expired,2026-10-31
FB-06,SKU-014,2,Damaged,2026-10-31
FB-06,SKU-015,1,Expired,2026-10-31
FB-06,SKU-025,1,Damaged,2026-10-31
FB-07,SKU-005,1,Expired,2026-10-31
FB-07,SKU-012,1,Damaged,2026-10-31
FB-07,SKU-014,1,Expired,2026-10-31
FB-07,SKU-017,1,Damaged,2026-10-31
FB-07,SKU-018,1,Expired,2026-10-31
FB-08,SKU-003,1,Expired,2026-10-31
FB-08,SKU-005,1,Expired,2026-10-31
FB-08,SKU-008,3,Expired,2026-10-31
FB-08,SKU-009,1,Expired,2026-10-31
FB-08,SKU-011,1,Quality reject,2026-10-31
FB-08,SKU-012,2,Expired,2026-10-31
FB-08,SKU-022,1,Expired,2026-10-31
FB-09,SKU-003,2,Expired,2026-10-31
FB-09,SKU-005,1,Damaged,2026-10-31
FB-09,SKU-011,1,Expired,2026-10-31
FB-09,SKU-015,1,Expired,2026-10-31
FB-09,SKU-022,2,Expired,2026-10-31
FB-10,SKU-003,1,Expired,2026-10-31
FB-10,SKU-005,1,Expired,2026-10-31
FB-10,SKU-006,1,Expired,2026-10-31
FB-10,SKU-008,1,Damaged,2026-10-31
FB-10,SKU-011,1,Quality reject,2026-10-31
FB-10,SKU-014,1,Damaged,2026-10-31
FB-10,SKU-020,1,Expired,2026-10-31
FB-10,SKU-022,1,Damaged,2026-10-31
FB-10,SKU-023,1,Expired,2026-10-31
FB-11,SKU-006,1,Expired,2026-10-31
FB-11,SKU-008,1,Expired,2026-10-31
FB-11,SKU-009,1,Expired,2026-10-31
FB-11,SKU-011,1,Expired,2026-10-31
FB-11,SKU-016,1,Quality reject,2026-10-31
FB-11,SKU-019,1,Expired,2026-10-31
FB-11,SKU-022,1,Expired,2026-10-31
FB-12,SKU-002,1,Quality reject,2026-10-31
FB-12,SKU-003,1,Quality reject,2026-10-31
FB-12,SKU-005,1,Expired,2026-10-31
FB-12,SKU-013,1,Expired,2026-10-31
FB-12,SKU-014,1,Quality reject,2026-10-31
FB-12,SKU-018,1,Expired,2026-10-31
FB-13,SKU-002,1,Expired,2026-10-31
FB-13,SKU-005,1,Quality reject,2026-10-31
FB-13,SKU-008,1,Quality reject,2026-10-31
FB-13,SKU-010,3,Damaged,2026-10-31
FB-13,SKU-011,1,Expired,2026-10-31
FB-13,SKU-012,1,Damaged,2026-10-31
FB-13,SKU-014,1,Expired,2026-10-31
FB-13,SKU-015,1,Expired,2026-10-31
FB-13,SKU-020,1,Damaged,2026-10-31
FB-13,SKU-021,2,Expired,2026-10-31
FB-13,SKU-022,1,Expired,2026-10-31
FB-13,SKU-025,1,Quality reject,2026-10-31
FB-14,SKU-002,1,Expired,2026-10-31
FB-14,SKU-003,1,Expired,2026-10-31
FB-14,SKU-009,1,Expired,2026-10-31
FB-14,SKU-012,1,Expired,2026-10-31
FB-14,SKU-013,1,Quality reject,2026-10-31
FB-14,SKU-019,1,Expired,2026-10-31
FB-14,SKU-023,1,Expired,2026-10-31
FB-14,SKU-024,1,Damaged,2026-10-31
FB-15,SKU-007,1,Expired,2026-10-31
FB-15,SKU-010,1,Damaged,2026-10-31
FB-15,SKU-016,1,Damaged,2026-10-31
FB-15,SKU-023,1,Expired,2026-10-31
FB-16,SKU-005,1,Expired,2026-10-31
FB-16,SKU-007,2,Quality reject,2026-10-31
FB-16,SKU-011,1,Damaged,2026-10-31
FB-16,SKU-014,2,Expired,2026-10-31
FB-16,SKU-017,1,Damaged,2026-10-31
FB-16,SKU-019,1,Expired,2026-10-31
FB-16,SKU-023,1,Quality reject,2026-10-31
FB-17,SKU-001,2,Expired,2026-10-31
FB-17,SKU-004,1,Expired,2026-10-31
FB-17,SKU-008,1,Quality reject,2026-10-31
FB-17,SKU-012,1,Expired,2026-10-31
FB-17,SKU-013,1,Expired,2026-10-31
FB-17,SKU-014,1,Damaged,2026-10-31
FB-17,SKU-023,1,Expired,2026-10-31
FB-18,SKU-010,1,Expired,2026-10-31
FB-18,SKU-011,1,Expired,2026-10-31
FB-18,SKU-012,1,Damaged,2026-10-31
FB-18,SKU-013,1,Expired,2026-10-31
FB-18,SKU-020,1,Quality reject,2026-10-31
FB-18,SKU-021,1,Expired,2026-10-31
FB-18,SKU-022,1,Damaged,2026-10-31
FB-19,SKU-001,1,Expired,2026-10-31
FB-19,SKU-002,1,Expired,2026-10-31
FB-19,SKU-009,1,Expired,2026-10-31
FB-19,SKU-011,2,Expired,2026-10-31
FB-19,SKU-012,1,Quality reject,2026-10-31
FB-19,SKU-014,1,Quality reject,2026-10-31
FB-19,SKU-017,1,Expired,2026-10-31
FB-19,SKU-020,1,Quality reject,2026-10-31
FB-19,SKU-021,2,Expired,2026-10-31
FB-19,SKU-022,2,Quality reject,2026-10-31
FB-19,SKU-023,1,Damaged,2026-10-31
FB-20,SKU-002,1,Damaged,2026-10-31
FB-20,SKU-003,1,Expired,2026-10-31
FB-20,SKU-008,1,Damaged,2026-10-31
FB-20,SKU-010,1,Damaged,2026-10-31
FB-20,SKU-017,2,Quality reject,2026-10-31
FB-20,SKU-020,1,Damaged,2026-10-31
FB-20,SKU-021,1,Expired,2026-10-31
FB-20,SKU-023,1,Expired,2026-10-31
FB-21,SKU-006,1,Quality reject,2026-10-31
FB-21,SKU-011,2,Damaged,2026-10-31
FB-21,SKU-013,1,Expired,2026-10-31
FB-21,SKU-022,2,Expired,2026-10-31
FB-22,SKU-003,1,Expired,2026-10-31
FB-22,SKU-004,1,Expired,2026-10-31
FB-22,SKU-005,2,Quality reject,2026-10-31
FB-22,SKU-006,2,Expired,2026-10-31
FB-22,SKU-007,1,Expired,2026-10-31
FB-22,SKU-009,2,Damaged,2026-10-31
FB-22,SKU-012,1,Expired,2026-10-31
FB-22,SKU-017,1,Expired,2026-10-31
FB-22,SKU-019,1,Damaged,2026-10-31
FB-22,SKU-022,1,Damaged,2026-10-31
FB-22,SKU-023,1,Expired,2026-10-31
FB-23,SKU-003,1,Damaged,2026-10-31
FB-23,SKU-005,1,Expired,2026-10-31
FB-23,SKU-013,1,Expired,2026-10-31
FB-23,SKU-015,1,Quality reject,2026-10-31
FB-23,SKU-017,1,Expired,2026-10-31
FB-23,SKU-022,1,Damaged,2026-10-31
FB-23,SKU-023,1,Quality reject,2026-10-31
FB-24,SKU-001,1,Expired,2026-10-31
FB-24,SKU-022,1,Quality reject,2026-10-31
FB-25,SKU-004,1,Expired,2026-10-31
FB-25,SKU-006,1,Quality reject,2026-10-31
FB-25,SKU-014,2,Damaged,2026-10-31
FB-25,SKU-019,1,Expired,2026-10-31
FB-25,SKU-024,1,Expired,2026-10-31
FB-01,SKU-005,1,Expired,2026-11-01
FB-01,SKU-009,1,Expired,2026-11-01
FB-01,SKU-022,1,Quality reject,2026-11-01
FB-01,SKU-025,1,Expired,2026-11-01
FB-02,SKU-009,1,Quality reject,2026-11-01
FB-02,SKU-014,2,Expired,2026-11-01
FB-02,SKU-019,1,Damaged,2026-11-01
FB-02,SKU-025,1,Expired,2026-11-01
FB-03,SKU-006,1,Expired,2026-11-01
FB-03,SKU-008,1,Damaged,2026-11-01
FB-03,SKU-011,1,Expired,2026-11-01
FB-03,SKU-025,1,Expired,2026-11-01
FB-04,SKU-004,1,Quality reject,2026-11-01
FB-04,SKU-005,1,Expired,2026-11-01
FB-04,SKU-012,1,Expired,2026-11-01
FB-04,SKU-019,1,Expired,2026-11-01
FB-04,SKU-022,1,Quality reject,2026-11-01
FB-04,SKU-023,2,Expired,2026-11-01
FB-05,SKU-004,2,Expired,2026-11-01
FB-05,SKU-007,1,Quality reject,2026-11-01
FB-05,SKU-010,1,Expired,2026-11-01
FB-05,SKU-014,1,Expired,2026-11-01
FB-05,SKU-023,1,Quality reject,2026-11-01
FB-05,SKU-025,2,Expired,2026-11-01
FB-06,SKU-001,1,Damaged,2026-11-01
FB-06,SKU-002,1,Expired,2026-11-01
FB-06,SKU-006,1,Expired,2026-11-01
FB-06,SKU-007,1,Expired,2026-11-01
FB-06,SKU-008,1,Expired,2026-11-01
FB-06,SKU-011,1,Damaged,2026-11-01
FB-06,SKU-013,2,Expired,2026-11-01
FB-06,SKU-017,1,Expired,2026-11-01
FB-06,SKU-019,1,Expired,2026-11-01
FB-06,SKU-022,1,Quality reject,2026-11-01
FB-07,SKU-002,1,Expired,2026-11-01
FB-07,SKU-014,1,Damaged,2026-11-01
FB-07,SKU-023,1,Expired,2026-11-01
FB-07,SKU-024,1,Quality reject,2026-11-01
FB-08,SKU-001,1,Expired,2026-11-01
FB-08,SKU-003,1,Expired,2026-11-01
FB-08,SKU-004,1,Expired,2026-11-01
FB-08,SKU-007,1,Expired,2026-11-01
FB-08,SKU-011,3,Expired,2026-11-01
FB-08,SKU-012,1,Expired,2026-11-01
FB-08,SKU-013,1,Expired,2026-11-01
FB-08,SKU-015,1,Expired,2026-11-01
FB-09,SKU-012,1,Quality reject,2026-11-01
FB-09,SKU-022,1,Damaged,2026-11-01
FB-10,SKU-005,2,Expired,2026-11-01
FB-10,SKU-014,1,Quality reject,2026-11-01
FB-10,SKU-020,1,Expired,2026-11-01
FB-10,SKU-022,2,Expired,2026-11-01
FB-11,SKU-003,1,Damaged,2026-11-01
FB-11,SKU-005,1,Expired,2026-11-01
FB-11,SKU-008,1,Expired,2026-11-01
FB-11,SKU-011,1,Expired,2026-11-01
FB-11,SKU-012,1,Expired,2026-11-01
FB-12,SKU-004,1,Expired,2026-11-01
FB-12,SKU-009,1,Expired,2026-11-01
FB-12,SKU-012,1,Expired,2026-11-01
FB-12,SKU-014,1,Expired,2026-11-01
FB-12,SKU-018,1,Expired,2026-11-01
FB-12,SKU-019,1,Expired,2026-11-01
FB-12,SKU-020,1,Damaged,2026-11-01
FB-12,SKU-021,1,Damaged,2026-11-01
FB-12,SKU-023,2,Quality reject,2026-11-01
FB-12,SKU-024,1,Damaged,2026-11-01
FB-13,SKU-004,1,Damaged,2026-11-01
FB-13,SKU-005,1,Quality reject,2026-11-01
FB-13,SKU-007,1,Expired,2026-11-01
FB-13,SKU-010,1,Damaged,2026-11-01
FB-13,SKU-011,2,Expired,2026-11-01
FB-13,SKU-014,1,Expired,2026-11-01
FB-13,SKU-018,1,Expired,2026-11-01
FB-13,SKU-021,2,Expired,2026-11-01
FB-13,SKU-023,1,Damaged,2026-11-01
FB-14,SKU-002,1,Expired,2026-11-01
FB-14,SKU-004,1,Expired,2026-11-01
FB-14,SKU-017,1,Quality reject,2026-11-01
FB-15,SKU-003,2,Expired,2026-11-01
FB-15,SKU-014,1,Damaged,2026-11-01
FB-15,SKU-022,1,Expired,2026-11-01
FB-15,SKU-024,1,Expired,2026-11-01
FB-16,SKU-001,2,Expired,2026-11-01
FB-16,SKU-007,1,Expired,2026-11-01
FB-16,SKU-010,1,Expired,2026-11-01
FB-16,SKU-012,1,Quality reject,2026-11-01
FB-16,SKU-013,1,Expired,2026-11-01
FB-16,SKU-014,2,Quality reject,2026-11-01
FB-16,SKU-024,1,Expired,2026-11-01
FB-16,SKU-025,1,Expired,2026-11-01
FB-17,SKU-003,1,Expired,2026-11-01
FB-17,SKU-005,1,Damaged,2026-11-01
FB-17,SKU-006,1,Expired,2026-11-01
FB-17,SKU-009,1,Expired,2026-11-01
FB-17,SKU-010,1,Quality reject,2026-11-01
FB-17,SKU-019,1,Expired,2026-11-01
FB-17,SKU-022,1,Expired,2026-11-01
FB-17,SKU-023,1,Expired,2026-11-01
FB-18,SKU-003,1,Expired,2026-11-01
FB-18,SKU-005,1,Damaged,2026-11-01
FB-18,SKU-011,2,Expired,2026-11-01
FB-18,SKU-014,1,Quality reject,2026-11-01
FB-18,SKU-020,2,Expired,2026-11-01
FB-18,SKU-023,1,Expired,2026-11-01
FB-18,SKU-025,1,Quality reject,2026-11-01
FB-19,SKU-011,1,Expired,2026-11-01
FB-19,SKU-013,1,Damaged,2026-11-01
FB-19,SKU-017,2,Expired,2026-11-01
FB-19,SKU-021,1,Expired,2026-11-01
FB-19,SKU-022,1,Expired,2026-11-01
FB-19,SKU-023,1,Expired,2026-11-01
FB-20,SKU-004,1,Expired,2026-11-01
FB-20,SKU-011,1,Expired,2026-11-01
FB-20,SKU-013,1,Expired,2026-11-01
FB-20,SKU-019,1,Expired,2026-11-01
FB-20,SKU-022,1,Expired,2026-11-01
FB-20,SKU-023,1,Expired,2026-11-01
FB-20,SKU-024,1,Expired,2026-11-01
FB-21,SKU-001,1,Expired,2026-11-01
FB-21,SKU-004,1,Damaged,2026-11-01
FB-21,SKU-005,3,Expired,2026-11-01
FB-21,SKU-011,3,Expired,2026-11-01
FB-21,SKU-013,1,Expired,2026-11-01
FB-21,SKU-015,1,Expired,2026-11-01
FB-21,SKU-020,1,Expired,2026-11-01
FB-21,SKU-022,1,Expired,2026-11-01
FB-21,SKU-023,1,Expired,2026-11-01
FB-22,SKU-003,1,Expired,2026-11-01
FB-22,SKU-005,1,Damaged,2026-11-01
FB-22,SKU-010,1,Expired,2026-11-01
FB-22,SKU-011,1,Expired,2026-11-01
FB-22,SKU-013,3,Expired,2026-11-01
FB-22,SKU-014,1,Damaged,2026-11-01
FB-22,SKU-022,1,Expired,2026-11-01
FB-22,SKU-023,2,Expired,2026-11-01
FB-23,SKU-003,1,Expired,2026-11-01
FB-23,SKU-004,1,Quality reject,2026-11-01
FB-23,SKU-012,1,Expired,2026-11-01
FB-23,SKU-013,1,Expired,2026-11-01
FB-23,SKU-014,1,Expired,2026-11-01
FB-23,SKU-017,2,Expired,2026-11-01
FB-23,SKU-019,1,Expired,2026-11-01
FB-23,SKU-023,3,Damaged,2026-11-01
FB-23,SKU-025,1,Expired,2026-11-01
FB-24,SKU-004,1,Damaged,2026-11-01
FB-24,SKU-005,1,Expired,2026-11-01
FB-24,SKU-011,1,Expired,2026-11-01
FB-24,SKU-017,1,Quality reject,2026-11-01
FB-24,SKU-022,1,Expired,2026-11-01
FB-24,SKU-025,1,Damaged,2026-11-01
FB-25,SKU-011,1,Quality reject,2026-11-01
FB-25,SKU-013,1,Expired,2026-11-01
FB-25,SKU-017,1,Expired,2026-11-01
FB-25,SKU-022,1,Damaged,2026-11-01
FB-01,SKU-003,1,Expired,2026-11-02
FB-01,SKU-005,1,Damaged,2026-11-02
FB-01,SKU-008,2,Expired,2026-11-02
FB-01,SKU-011,1,Quality reject,2026-11-02
FB-01,SKU-013,1,Quality reject,2026-11-02
FB-01,SKU-019,1,Expired,2026-11-02
FB-01,SKU-021,1,Expired,2026-11-02
FB-01,SKU-022,2,Damaged,2026-11-02
FB-02,SKU-004,1,Quality reject,2026-11-02
FB-02,SKU-005,1,Expired,2026-11-02
FB-02,SKU-007,1,Quality reject,2026-11-02
FB-02,SKU-009,1,Quality reject,2026-11-02
FB-02,SKU-011,1,Quality reject,2026-11-02
FB-02,SKU-012,1,Expired,2026-11-02
FB-02,SKU-013,1,Damaged,2026-11-02
FB-02,SKU-014,1,Damaged,2026-11-02
FB-02,SKU-022,2,Quality reject,2026-11-02
FB-02,SKU-023,1,Quality reject,2026-11-02
FB-03,SKU-012,2,Expired,2026-11-02
FB-03,SKU-014,1,Quality reject,2026-11-02
FB-03,SKU-021,1,Expired,2026-11-02
FB-03,SKU-025,2,Expired,2026-11-02
FB-04,SKU-001,1,Expired,2026-11-02
FB-04,SKU-004,1,Expired,2026-11-02
FB-04,SKU-005,1,Expired,2026-11-02
FB-04,SKU-012,2,Expired,2026-11-02
FB-04,SKU-014,3,Expired,2026-11-02
FB-04,SKU-018,1,Expired,2026-11-02
FB-04,SKU-019,1,Expired,2026-11-02
FB-04,SKU-022,2,Expired,2026-11-02
FB-05,SKU-004,1,Damaged,2026-11-02
FB-05,SKU-005,1,Damaged,2026-11-02
FB-05,SKU-011,1,Damaged,2026-11-02
FB-05,SKU-013,1,Expired,2026-11-02
FB-05,SKU-017,1,Quality reject,2026-11-02
FB-05,SKU-019,1,Expired,2026-11-02
FB-05,SKU-020,1,Expired,2026-11-02
FB-05,SKU-025,1,Expired,2026-11-02
FB-06,SKU-013,1,Expired,2026-11-02
FB-06,SKU-018,1,Expired,2026-11-02
FB-06,SKU-019,1,Expired,2026-11-02
FB-06,SKU-023,1,Quality reject,2026-11-02
FB-06,SKU-025,2,Quality reject,2026-11-02
FB-07,SKU-003,1,Quality reject,2026-11-02
FB-07,SKU-005,1,Expired,2026-11-02
FB-07,SKU-014,1,Expired,2026-11-02
FB-08,SKU-003,2,Expired,2026-11-02
FB-08,SKU-006,2,Quality reject,2026-11-02
FB-08,SKU-010,1,Expired,2026-11-02
FB-08,SKU-011,3,Expired,2026-11-02
FB-08,SKU-013,1,Quality reject,2026-11-02
FB-08,SKU-014,1,Expired,2026-11-02
FB-08,SKU-019,1,Expired,2026-11-02
FB-08,SKU-022,1,Quality reject,2026-11-02
FB-08,SKU-024,2,Expired,2026-11-02
FB-09,SKU-003,1,Expired,2026-11-02
FB-09,SKU-012,1,Damaged,2026-11-02
FB-09,SKU-013,1,Expired,2026-11-02
FB-09,SKU-014,1,Damaged,2026-11-02
FB-09,SKU-022,1,Expired,2026-11-02
FB-10,SKU-002,1,Expired,2026-11-02
FB-10,SKU-005,2,Damaged,2026-11-02
FB-10,SKU-006,1,Expired,2026-11-02
FB-10,SKU-011,1,Expired,2026-11-02
FB-10,SKU-023,2,Expired,2026-11-02
FB-11,SKU-002,1,Quality reject,2026-11-02
FB-11,SKU-003,1,Expired,2026-11-02
FB-11,SKU-005,2,Expired,2026-11-02
FB-11,SKU-009,1,Expired,2026-11-02
FB-11,SKU-020,1,Quality reject,2026-11-02
FB-11,SKU-023,2,Expired,2026-11-02
FB-12,SKU-001,1,Damaged,2026-11-02
FB-12,SKU-004,2,Damaged,2026-11-02
FB-12,SKU-005,2,Expired,2026-11-02
FB-12,SKU-011,1,Expired,2026-11-02
FB-12,SKU-012,1,Quality reject,2026-11-02
FB-12,SKU-013,1,Quality reject,2026-11-02
FB-12,SKU-022,2,Quality reject,2026-11-02
FB-12,SKU-023,1,Expired,2026-11-02
FB-13,SKU-004,1,Expired,2026-11-02
FB-13,SKU-006,1,Expired,2026-11-02
FB-13,SKU-013,1,Expired,2026-11-02
FB-13,SKU-014,3,Expired,2026-11-02
FB-13,SKU-020,1,Expired,2026-11-02
FB-13,SKU-022,3,Damaged,2026-11-02
FB-13,SKU-023,1,Expired,2026-11-02
FB-14,SKU-001,1,Quality reject,2026-11-02
FB-14,SKU-003,1,Expired,2026-11-02
FB-14,SKU-011,1,Expired,2026-11-02
FB-14,SKU-012,1,Expired,2026-11-02
FB-14,SKU-013,1,Damaged,2026-11-02
FB-14,SKU-014,2,Expired,2026-11-02
FB-14,SKU-022,1,Expired,2026-11-02
FB-15,SKU-001,1,Damaged,2026-11-02
FB-15,SKU-004,1,Expired,2026-11-02
FB-15,SKU-005,1,Expired,2026-11-02
FB-15,SKU-014,1,Quality reject,2026-11-02
FB-15,SKU-015,1,Expired,2026-11-02
FB-15,SKU-016,1,Expired,2026-11-02
FB-15,SKU-017,1,Quality reject,2026-11-02
FB-15,SKU-025,1,Expired,2026-11-02
FB-16,SKU-003,1,Expired,2026-11-02
FB-16,SKU-014,1,Expired,2026-11-02
FB-16,SKU-022,1,Expired,2026-11-02
FB-17,SKU-004,2,Expired,2026-11-02
FB-17,SKU-006,1,Expired,2026-11-02
FB-17,SKU-008,1,Expired,2026-11-02
FB-17,SKU-010,2,Quality reject,2026-11-02
FB-17,SKU-011,1,Expired,2026-11-02
FB-17,SKU-012,1,Quality reject,2026-11-02
FB-17,SKU-019,1,Damaged,2026-11-02
FB-17,SKU-022,2,Expired,2026-11-02
FB-18,SKU-004,2,Damaged,2026-11-02
FB-18,SKU-005,1,Expired,2026-11-02
FB-18,SKU-013,2,Expired,2026-11-02
FB-18,SKU-019,2,Damaged,2026-11-02
FB-19,SKU-004,1,Expired,2026-11-02
FB-19,SKU-005,1,Expired,2026-11-02
FB-19,SKU-009,1,Expired,2026-11-02
FB-19,SKU-014,3,Damaged,2026-11-02
FB-19,SKU-023,2,Quality reject,2026-11-02
FB-20,SKU-007,1,Expired,2026-11-02
FB-20,SKU-013,1,Expired,2026-11-02
FB-20,SKU-014,1,Expired,2026-11-02
FB-20,SKU-016,1,Quality reject,2026-11-02
FB-20,SKU-017,2,Expired,2026-11-02
FB-20,SKU-021,2,Quality reject,2026-11-02
FB-20,SKU-024,1,Quality reject,2026-11-02
FB-21,SKU-001,1,Expired,2026-11-02
FB-21,SKU-005,2,Expired,2026-11-02
FB-21,SKU-007,1,Expired,2026-11-02
FB-21,SKU-011,1,Expired,2026-11-02
FB-21,SKU-014,1,Expired,2026-11-02
FB-21,SKU-022,1,Expired,2026-11-02
FB-21,SKU-024,1,Quality reject,2026-11-02
FB-22,SKU-001,1,Quality reject,2026-11-02
FB-22,SKU-004,2,Quality reject,2026-11-02
FB-22,SKU-006,2,Quality reject,2026-11-02
FB-22,SKU-007,2,Expired,2026-11-02
FB-22,SKU-008,1,Damaged,2026-11-02
FB-22,SKU-011,1,Expired,2026-11-02
FB-22,SKU-014,2,Expired,2026-11-02
FB-22,SKU-019,2,Expired,2026-11-02
FB-22,SKU-022,1,Expired,2026-11-02
FB-22,SKU-023,2,Expired,2026-11-02
FB-22,SKU-025,1,Expired,2026-11-02
FB-23,SKU-001,1,Damaged,2026-11-02
FB-23,SKU-003,1,Damaged,2026-11-02
FB-23,SKU-010,1,Damaged,2026-11-02
FB-23,SKU-011,1,Expired,2026-11-02
FB-23,SKU-012,1,Quality reject,2026-11-02
FB-23,SKU-017,1,Damaged,2026-11-02
FB-23,SKU-019,1,Quality reject,2026-11-02
FB-23,SKU-021,1,Expired,2026-11-02
FB-24,SKU-005,1,Expired,2026-11-02
FB-24,SKU-006,1,Expired,2026-11-02
FB-24,SKU-008,1,Expired,2026-11-02
FB-24,SKU-011,1,Expired,2026-11-02
FB-24,SKU-022,1,Expired,2026-11-02
FB-25,SKU-003,1,Quality reject,2026-11-02
FB-25,SKU-011,2,Damaged,2026-11-02
FB-25,SKU-018,1,Expired,2026-11-02
FB-25,SKU-019,1,Quality reject,2026-11-02
FB-01,SKU-014,1,Expired,2026-11-03
FB-01,SKU-015,1,Expired,2026-11-03
FB-01,SKU-023,1,Expired,2026-11-03
FB-02,SKU-005,1,Expired,2026-11-03
FB-02,SKU-011,1,Damaged,2026-11-03
FB-02,SKU-015,1,Expired,2026-11-03
FB-02,SKU-018,1,Expired,2026-11-03
FB-02,SKU-024,1,Quality reject,2026-11-03
FB-03,SKU-009,1,Expired,2026-11-03
FB-03,SKU-011,1,Expired,2026-11-03
FB-03,SKU-023,1,Expired,2026-11-03
FB-04,SKU-004,1,Expired,2026-11-03
FB-04,SKU-005,1,Quality reject,2026-11-03
FB-04,SKU-017,2,Expired,2026-11-03
FB-04,SKU-018,1,Quality reject,2026-11-03
FB-04,SKU-019,1,Expired,2026-11-03
FB-04,SKU-025,1,Damaged,2026-11-03
FB-05,SKU-001,1,Expired,2026-11-03
FB-05,SKU-003,1,Expired,2026-11-03
FB-05,SKU-004,2,Quality reject,2026-11-03
FB-05,SKU-011,1,Quality reject,2026-11-03
FB-05,SKU-015,1,Damaged,2026-11-03
FB-05,SKU-017,1,Quality reject,2026-11-03
FB-05,SKU-020,1,Expired,2026-11-03
FB-05,SKU-022,1,Expired,2026-11-03
FB-05,SKU-023,1,Damaged,2026-11-03
FB-06,SKU-001,1,Quality reject,2026-11-03
FB-06,SKU-005,1,Damaged,2026-11-03
FB-06,SKU-006,1,Expired,2026-11-03
FB-06,SKU-007,1,Damaged,2026-11-03
FB-06,SKU-023,2,Expired,2026-11-03
FB-07,SKU-005,2,Expired,2026-11-03
FB-07,SKU-009,1,Quality reject,2026-11-03
FB-07,SKU-014,1,Quality reject,2026-11-03
FB-07,SKU-020,1,Damaged,2026-11-03
FB-07,SKU-021,1,Expired,2026-11-03
FB-07,SKU-022,1,Expired,2026-11-03
FB-08,SKU-008,1,Expired,2026-11-03
FB-08,SKU-010,1,Expired,2026-11-03
FB-08,SKU-011,7,Expired,2026-11-03
FB-08,SKU-012,3,Quality reject,2026-11-03
FB-08,SKU-013,1,Expired,2026-11-03
FB-08,SKU-017,1,Expired,2026-11-03
FB-08,SKU-022,1,Expired,2026-11-03
FB-08,SKU-023,4,Expired,2026-11-03
FB-08,SKU-025,1,Damaged,2026-11-03
FB-09,SKU-013,1,Quality reject,2026-11-03
FB-09,SKU-014,2,Expired,2026-11-03
FB-09,SKU-021,1,Expired,2026-11-03
FB-10,SKU-003,1,Expired,2026-11-03
FB-10,SKU-005,1,Expired,2026-11-03
FB-10,SKU-009,1,Damaged,2026-11-03
FB-10,SKU-011,1,Expired,2026-11-03
FB-10,SKU-013,2,Expired,2026-11-03
FB-10,SKU-025,1,Expired,2026-11-03
FB-11,SKU-004,1,Quality reject,2026-11-03
FB-11,SKU-009,1,Expired,2026-11-03
FB-11,SKU-021,1,Expired,2026-11-03
FB-11,SKU-023,1,Expired,2026-11-03
FB-12,SKU-001,1,Quality reject,2026-11-03
FB-12,SKU-003,2,Damaged,2026-11-03
FB-12,SKU-006,1,Expired,2026-11-03
FB-12,SKU-007,1,Expired,2026-11-03
FB-12,SKU-008,1,Expired,2026-11-03
FB-12,SKU-011,1,Damaged,2026-11-03
FB-12,SKU-013,2,Quality reject,2026-11-03
FB-12,SKU-014,1,Quality reject,2026-11-03
FB-12,SKU-017,1,Quality reject,2026-11-03
FB-12,SKU-021,1,Expired,2026-11-03
FB-12,SKU-023,1,Quality reject,2026-11-03
FB-13,SKU-004,1,Damaged,2026-11-03
FB-13,SKU-013,2,Expired,2026-11-03
FB-13,SKU-017,2,Quality reject,2026-11-03
FB-13,SKU-022,2,Expired,2026-11-03
FB-13,SKU-023,1,Expired,2026-11-03
FB-13,SKU-024,1,Damaged,2026-11-03
FB-14,SKU-005,1,Expired,2026-11-03
FB-14,SKU-009,1,Damaged,2026-11-03
FB-14,SKU-017,1,Expired,2026-11-03
FB-14,SKU-021,1,Expired,2026-11-03
FB-14,SKU-022,1,Quality reject,2026-11-03
FB-14,SKU-023,2,Expired,2026-11-03
FB-14,SKU-025,1,Expired,2026-11-03
FB-15,SKU-003,2,Expired,2026-11-03
FB-15,SKU-012,1,Expired,2026-11-03
FB-15,SKU-013,2,Expired,2026-11-03
FB-15,SKU-019,1,Expired,2026-11-03
FB-16,SKU-011,1,Expired,2026-11-03
FB-16,SKU-016,1,Quality reject,2026-11-03
FB-16,SKU-019,1,Expired,2026-11-03
FB-16,SKU-022,1,Expired,2026-11-03
FB-16,SKU-023,1,Expired,2026-11-03
FB-17,SKU-001,1,Damaged,2026-11-03
FB-17,SKU-005,2,Expired,2026-11-03
FB-17,SKU-010,2,Expired,2026-11-03
FB-17,SKU-013,1,Damaged,2026-11-03
FB-17,SKU-015,1,Expired,2026-11-03
FB-17,SKU-016,1,Quality reject,2026-11-03
FB-17,SKU-019,1,Damaged,2026-11-03
FB-17,SKU-024,1,Damaged,2026-11-03
FB-18,SKU-011,1,Quality reject,2026-11-03
FB-18,SKU-022,1,Expired,2026-11-03
FB-19,SKU-001,1,Damaged,2026-11-03
FB-19,SKU-002,1,Quality reject,2026-11-03
FB-19,SKU-003,1,Expired,2026-11-03
FB-19,SKU-005,1,Expired,2026-11-03
FB-19,SKU-010,1,Expired,2026-11-03
FB-19,SKU-014,1,Expired,2026-11-03
FB-19,SKU-023,4,Expired,2026-11-03
FB-20,SKU-005,1,Damaged,2026-11-03
FB-20,SKU-006,1,Expired,2026-11-03
FB-20,SKU-014,1,Damaged,2026-11-03
FB-20,SKU-025,1,Expired,2026-11-03
FB-21,SKU-003,1,Expired,2026-11-03
FB-21,SKU-004,1,Damaged,2026-11-03
FB-21,SKU-005,1,Expired,2026-11-03
FB-21,SKU-006,1,Expired,2026-11-03
FB-21,SKU-015,1,Expired,2026-11-03
FB-22,SKU-003,2,Expired,2026-11-03
FB-22,SKU-011,1,Expired,2026-11-03
FB-22,SKU-013,2,Expired,2026-11-03
FB-22,SKU-014,1,Expired,2026-11-03
FB-22,SKU-020,1,Expired,2026-11-03
FB-22,SKU-022,2,Expired,2026-11-03
FB-22,SKU-023,3,Quality reject,2026-11-03
FB-23,SKU-007,1,Quality reject,2026-11-03
FB-23,SKU-022,1,Expired,2026-11-03
FB-23,SKU-023,1,Quality reject,2026-11-03
FB-24,SKU-003,1,Damaged,2026-11-03
FB-24,SKU-004,1,Expired,2026-11-03
FB-24,SKU-005,2,Expired,2026-11-03
FB-24,SKU-014,1,Expired,2026-11-03
FB-24,SKU-021,1,Expired,2026-11-03
FB-25,SKU-016,1,Expired,2026-11-03
FB-25,SKU-017,1,Damaged,2026-11-03
FB-25,SKU-019,1,Damaged,2026-11-03
FB-25,SKU-021,1,Expired,2026-11-03
FB-25,SKU-022,1,Damaged,2026-11-03
FB-01,SKU-005,1,Expired,2026-11-04
FB-01,SKU-010,1,Damaged,2026-11-04
FB-01,SKU-011,1,Damaged,2026-11-04
FB-01,SKU-013,1,Damaged,2026-11-04
FB-01,SKU-020,1,Expired,2026-11-04
FB-01,SKU-025,1,Quality reject,2026-11-04
FB-02,SKU-005,2,Quality reject,2026-11-04
FB-02,SKU-008,1,Damaged,2026-11-04
FB-02,SKU-011,1,Expired,2026-11-04
FB-02,SKU-021,1,Expired,2026-11-04
FB-02,SKU-022,1,Expired,2026-11-04
FB-03,SKU-003,1,Expired,2026-11-04
FB-03,SKU-005,1,Expired,2026-11-04
FB-03,SKU-019,1,Expired,2026-11-04
FB-04,SKU-003,1,Expired,2026-11-04
FB-04,SKU-005,1,Expired,2026-11-04
FB-04,SKU-006,1,Expired,2026-11-04
FB-04,SKU-008,1,Expired,2026-11-04
FB-04,SKU-010,1,Expired,2026-11-04
FB-04,SKU-015,1,Expired,2026-11-04
FB-04,SKU-021,1,Damaged,2026-11-04
FB-04,SKU-023,1,Expired,2026-11-04
FB-04,SKU-025,1,Expired,2026-11-04
FB-05,SKU-010,1,Quality reject,2026-11-04
FB-05,SKU-013,1,Damaged,2026-11-04
FB-05,SKU-015,1,Expired,2026-11-04
FB-05,SKU-019,1,Quality reject,2026-11-04
FB-06,SKU-003,1,Expired,2026-11-04
FB-06,SKU-004,1,Expired,2026-11-04
FB-06,SKU-005,2,Expired,2026-11-04
FB-06,SKU-011,1,Damaged,2026-11-04
FB-06,SKU-019,1,Expired,2026-11-04
FB-07,SKU-005,2,Quality reject,2026-11-04
FB-07,SKU-021,1,Expired,2026-11-04
FB-07,SKU-022,1,Quality reject,2026-11-04
FB-08,SKU-005,1,Expired,2026-11-04
FB-08,SKU-009,2,Expired,2026-11-04
FB-08,SKU-010,1,Damaged,2026-11-04
FB-08,SKU-011,5,Damaged,2026-11-04
FB-08,SKU-023,2,Quality reject,2026-11-04
FB-08,SKU-025,1,Damaged,2026-11-04
FB-09,SKU-005,1,Expired,2026-11-04
FB-09,SKU-013,1,Damaged,2026-11-04
FB-09,SKU-017,2,Quality reject,2026-11-04
FB-09,SKU-025,1,Expired,2026-11-04
FB-10,SKU-004,1,Expired,2026-11-04
FB-10,SKU-005,1,Expired,2026-11-04
FB-10,SKU-008,1,Damaged,2026-11-04
FB-10,SKU-009,1,Expired,2026-11-04
FB-10,SKU-017,1,Quality reject,2026-11-04
FB-10,SKU-023,1,Damaged,2026-11-04
FB-11,SKU-005,1,Expired,2026-11-04
FB-11,SKU-014,1,Quality reject,2026-11-04
FB-11,SKU-019,1,Expired,2026-11-04
FB-11,SKU-022,1,Quality reject,2026-11-04
FB-11,SKU-023,1,Expired,2026-11-04
FB-12,SKU-004,2,Expired,2026-11-04
FB-12,SKU-005,1,Expired,2026-11-04
FB-12,SKU-008,1,Damaged,2026-11-04
FB-12,SKU-014,1,Damaged,2026-11-04
FB-12,SKU-017,1,Expired,2026-11-04
FB-12,SKU-023,2,Expired,2026-11-04
FB-13,SKU-005,1,Damaged,2026-11-04
FB-13,SKU-009,2,Expired,2026-11-04
FB-13,SKU-017,1,Expired,2026-11-04
FB-13,SKU-018,1,Damaged,2026-11-04
FB-13,SKU-020,1,Quality reject,2026-11-04
FB-13,SKU-022,2,Expired,2026-11-04
FB-13,SKU-023,1,Damaged,2026-11-04
FB-14,SKU-003,1,Expired,2026-11-04
FB-14,SKU-011,1,Expired,2026-11-04
FB-14,SKU-012,2,Damaged,2026-11-04
FB-14,SKU-013,1,Expired,2026-11-04
FB-14,SKU-020,1,Expired,2026-11-04
FB-14,SKU-021,1,Damaged,2026-11-04
FB-14,SKU-022,1,Quality reject,2026-11-04
FB-14,SKU-024,1,Damaged,2026-11-04
FB-15,SKU-011,1,Expired,2026-11-04
FB-15,SKU-013,1,Expired,2026-11-04
FB-15,SKU-023,1,Expired,2026-11-04
FB-16,SKU-003,1,Expired,2026-11-04
FB-16,SKU-004,1,Expired,2026-11-04
FB-16,SKU-014,1,Expired,2026-11-04
FB-16,SKU-019,2,Expired,2026-11-04
FB-17,SKU-004,2,Expired,2026-11-04
FB-17,SKU-005,1,Quality reject,2026-11-04
FB-17,SKU-010,1,Expired,2026-11-04
FB-17,SKU-017,1,Expired,2026-11-04
FB-17,SKU-019,1,Expired,2026-11-04
FB-17,SKU-020,1,Expired,2026-11-04
FB-17,SKU-021,2,Expired,2026-11-04
FB-18,SKU-005,1,Expired,2026-11-04
FB-18,SKU-012,1,Expired,2026-11-04
FB-18,SKU-013,1,Expired,2026-11-04
FB-18,SKU-022,2,Expired,2026-11-04
FB-18,SKU-024,1,Quality reject,2026-11-04
FB-19,SKU-003,3,Expired,2026-11-04
FB-19,SKU-004,1,Damaged,2026-11-04
FB-19,SKU-008,1,Damaged,2026-11-04
FB-19,SKU-023,1,Damaged,2026-11-04
FB-19,SKU-024,1,Expired,2026-11-04
FB-19,SKU-025,2,Expired,2026-11-04
FB-20,SKU-003,1,Quality reject,2026-11-04
FB-20,SKU-005,1,Expired,2026-11-04
FB-20,SKU-010,1,Damaged,2026-11-04
FB-20,SKU-011,1,Expired,2026-11-04
FB-20,SKU-013,1,Expired,2026-11-04
FB-20,SKU-017,2,Quality reject,2026-11-04
FB-20,SKU-018,1,Expired,2026-11-04
FB-20,SKU-022,1,Expired,2026-11-04
FB-20,SKU-023,1,Expired,2026-11-04
FB-20,SKU-024,1,Expired,2026-11-04
FB-21,SKU-002,1,Quality reject,2026-11-04
FB-21,SKU-003,1,Damaged,2026-11-04
FB-21,SKU-012,1,Expired,2026-11-04
FB-21,SKU-014,1,Expired,2026-11-04
FB-21,SKU-015,1,Quality reject,2026-11-04
FB-21,SKU-017,1,Expired,2026-11-04
FB-21,SKU-019,1,Damaged,2026-11-04
FB-21,SKU-021,1,Quality reject,2026-11-04
FB-21,SKU-024,1,Quality reject,2026-11-04
FB-21,SKU-025,1,Quality reject,2026-11-04
FB-22,SKU-002,1,Expired,2026-11-04
FB-22,SKU-005,3,Expired,2026-11-04
FB-22,SKU-007,1,Expired,2026-11-04
FB-22,SKU-011,1,Expired,2026-11-04
FB-22,SKU-014,2,Expired,2026-11-04
FB-22,SKU-015,1,Expired,2026-11-04
FB-22,SKU-019,1,Quality reject,2026-11-04
FB-22,SKU-022,1,Expired,2026-11-04
FB-22,SKU-023,2,Expired,2026-11-04
FB-23,SKU-005,1,Quality reject,2026-11-04
FB-23,SKU-011,1,Expired,2026-11-04
FB-23,SKU-012,1,Expired,2026-11-04
FB-23,SKU-013,1,Expired,2026-11-04
FB-23,SKU-017,1,Expired,2026-11-04
FB-23,SKU-021,1,Expired,2026-11-04
FB-24,SKU-004,1,Quality reject,2026-11-04
FB-24,SKU-011,1,Expired,2026-11-04
FB-24,SKU-013,1,Damaged,2026-11-04
FB-24,SKU-023,2,Expired,2026-11-04
FB-25,SKU-005,1,Expired,2026-11-04
FB-25,SKU-007,1,Expired,2026-11-04
FB-25,SKU-009,1,Quality reject,2026-11-04
FB-25,SKU-012,2,Expired,2026-11-04
FB-25,SKU-014,1,Expired,2026-11-04
FB-25,SKU-020,1,Damaged,2026-11-04
FB-01,SKU-003,2,Damaged,2026-11-05
FB-01,SKU-012,1,Expired,2026-11-05
FB-01,SKU-018,1,Damaged,2026-11-05
FB-01,SKU-020,1,Expired,2026-11-05
FB-01,SKU-024,1,Damaged,2026-11-05
FB-01,SKU-025,1,Damaged,2026-11-05
FB-02,SKU-006,2,Damaged,2026-11-05
FB-02,SKU-011,1,Expired,2026-11-05
FB-02,SKU-012,2,Expired,2026-11-05
FB-02,SKU-013,1,Expired,2026-11-05
FB-02,SKU-014,1,Damaged,2026-11-05
FB-02,SKU-017,1,Expired,2026-11-05
FB-02,SKU-023,1,Expired,2026-11-05
FB-03,SKU-001,1,Quality reject,2026-11-05
FB-03,SKU-003,2,Expired,2026-11-05
FB-03,SKU-011,1,Damaged,2026-11-05
FB-03,SKU-014,1,Expired,2026-11-05
FB-04,SKU-001,1,Damaged,2026-11-05
FB-04,SKU-004,1,Quality reject,2026-11-05
FB-04,SKU-011,1,Damaged,2026-11-05
FB-04,SKU-017,1,Quality reject,2026-11-05
FB-04,SKU-021,1,Expired,2026-11-05
FB-04,SKU-022,1,Expired,2026-11-05
FB-05,SKU-004,1,Expired,2026-11-05
FB-05,SKU-005,1,Expired,2026-11-05
FB-05,SKU-008,1,Damaged,2026-11-05
FB-05,SKU-013,1,Damaged,2026-11-05
FB-05,SKU-014,2,Quality reject,2026-11-05
FB-05,SKU-018,1,Damaged,2026-11-05
FB-06,SKU-003,1,Damaged,2026-11-05
FB-06,SKU-005,1,Expired,2026-11-05
FB-06,SKU-006,1,Expired,2026-11-05
FB-06,SKU-007,1,Expired,2026-11-05
FB-06,SKU-009,2,Damaged,2026-11-05
FB-06,SKU-012,1,Expired,2026-11-05
FB-06,SKU-014,2,Damaged,2026-11-05
FB-07,SKU-001,1,Quality reject,2026-11-05
FB-07,SKU-010,1,Expired,2026-11-05
FB-07,SKU-012,1,Expired,2026-11-05
FB-07,SKU-019,1,Quality reject,2026-11-05
FB-07,SKU-025,2,Expired,2026-11-05
FB-08,SKU-001,1,Expired,2026-11-05
FB-08,SKU-003,1,Expired,2026-11-05
FB-08,SKU-006,1,Damaged,2026-11-05
FB-08,SKU-008,1,Expired,2026-11-05
FB-08,SKU-009,1,Quality reject,2026-11-05
FB-08,SKU-010,2,Damaged,2026-11-05
FB-08,SKU-011,2,Expired,2026-11-05
FB-08,SKU-012,2,Quality reject,2026-11-05
FB-08,SKU-014,1,Expired,2026-11-05
FB-08,SKU-022,2,Expired,2026-11-05
FB-09,SKU-003,1,Expired,2026-11-05
FB-09,SKU-005,1,Quality reject,2026-11-05
FB-09,SKU-011,1,Expired,2026-11-05
FB-09,SKU-013,1,Quality reject,2026-11-05
FB-09,SKU-017,1,Quality reject,2026-11-05
FB-09,SKU-022,2,Expired,2026-11-05
FB-09,SKU-023,1,Expired,2026-11-05
FB-10,SKU-003,2,Quality reject,2026-11-05
FB-10,SKU-006,1,Damaged,2026-11-05
FB-10,SKU-009,1,Expired,2026-11-05
FB-10,SKU-010,1,Quality reject,2026-11-05
FB-10,SKU-023,1,Expired,2026-11-05
FB-11,SKU-003,1,Damaged,2026-11-05
FB-11,SKU-004,1,Damaged,2026-11-05
FB-11,SKU-007,1,Quality reject,2026-11-05
FB-11,SKU-013,1,Expired,2026-11-05
FB-11,SKU-014,1,Quality reject,2026-11-05
FB-12,SKU-001,1,Quality reject,2026-11-05
FB-12,SKU-003,2,Expired,2026-11-05
FB-12,SKU-004,1,Expired,2026-11-05
FB-12,SKU-013,1,Damaged,2026-11-05
FB-12,SKU-018,1,Damaged,2026-11-05
FB-12,SKU-022,1,Expired,2026-11-05
FB-12,SKU-025,1,Expired,2026-11-05
FB-13,SKU-004,1,Quality reject,2026-11-05
FB-13,SKU-005,1,Damaged,2026-11-05
FB-13,SKU-009,1,Expired,2026-11-05
FB-13,SKU-011,1,Damaged,2026-11-05
FB-13,SKU-012,1,Expired,2026-11-05
FB-13,SKU-013,2,Expired,2026-11-05
FB-13,SKU-014,1,Expired,2026-11-05
FB-13,SKU-017,1,Expired,2026-11-05
FB-13,SKU-019,2,Quality reject,2026-11-05
FB-13,SKU-023,1,Expired,2026-11-05
FB-13,SKU-024,1,Damaged,2026-11-05
FB-14,SKU-013,1,Expired,2026-11-05
FB-14,SKU-023,1,Expired,2026-11-05
FB-14,SKU-025,1,Expired,2026-11-05
FB-15,SKU-007,1,Expired,2026-11-05
FB-15,SKU-009,2,Damaged,2026-11-05
FB-15,SKU-022,1,Expired,2026-11-05
FB-16,SKU-004,1,Expired,2026-11-05
FB-16,SKU-005,1,Quality reject,2026-11-05
FB-16,SKU-008,1,Quality reject,2026-11-05
FB-16,SKU-010,1,Damaged,2026-11-05
FB-16,SKU-011,1,Expired,2026-11-05
FB-16,SKU-015,1,Damaged,2026-11-05
FB-16,SKU-020,1,Damaged,2026-11-05
FB-16,SKU-021,1,Damaged,2026-11-05
FB-16,SKU-023,1,Quality reject,2026-11-05
FB-16,SKU-024,1,Expired,2026-11-05
FB-17,SKU-011,2,Damaged,2026-11-05
FB-17,SKU-019,1,Damaged,2026-11-05
FB-17,SKU-020,1,Expired,2026-11-05
FB-17,SKU-021,1,Damaged,2026-11-05
FB-18,SKU-003,1,Damaged,2026-11-05
FB-18,SKU-012,1,Quality reject,2026-11-05
FB-18,SKU-013,1,Expired,2026-11-05
FB-18,SKU-017,2,Expired,2026-11-05
FB-18,SKU-020,1,Expired,2026-11-05
FB-18,SKU-022,1,Expired,2026-11-05
FB-19,SKU-005,1,Damaged,2026-11-05
FB-19,SKU-010,1,Expired,2026-11-05
FB-19,SKU-019,2,Expired,2026-11-05
FB-19,SKU-020,1,Damaged,2026-11-05
FB-19,SKU-023,1,Expired,2026-11-05
FB-19,SKU-024,1,Damaged,2026-11-05
FB-20,SKU-003,1,Expired,2026-11-05
FB-20,SKU-005,1,Expired,2026-11-05
FB-20,SKU-007,1,Expired,2026-11-05
FB-20,SKU-021,1,Damaged,2026-11-05
FB-20,SKU-023,1,Quality reject,2026-11-05
FB-20,SKU-025,2,Expired,2026-11-05
FB-21,SKU-003,2,Expired,2026-11-05
FB-21,SKU-004,2,Expired,2026-11-05
FB-21,SKU-006,2,Expired,2026-11-05
FB-21,SKU-007,1,Expired,2026-11-05
FB-21,SKU-010,1,Expired,2026-11-05
FB-21,SKU-017,1,Quality reject,2026-11-05
FB-21,SKU-021,1,Damaged,2026-11-05
FB-21,SKU-022,1,Expired,2026-11-05
FB-21,SKU-023,2,Expired,2026-11-05
FB-22,SKU-003,1,Quality reject,2026-11-05
FB-22,SKU-007,1,Quality reject,2026-11-05
FB-22,SKU-013,1,Quality reject,2026-11-05
FB-22,SKU-014,1,Expired,2026-11-05
FB-22,SKU-021,2,Expired,2026-11-05
FB-22,SKU-023,1,Expired,2026-11-05
FB-23,SKU-003,1,Quality reject,2026-11-05
FB-23,SKU-005,2,Expired,2026-11-05
FB-23,SKU-010,1,Expired,2026-11-05
FB-23,SKU-011,1,Expired,2026-11-05
FB-23,SKU-014,1,Quality reject,2026-11-05
FB-23,SKU-017,1,Expired,2026-11-05
FB-23,SKU-019,1,Expired,2026-11-05
FB-23,SKU-022,2,Expired,2026-11-05
FB-23,SKU-024,2,Expired,2026-11-05
FB-24,SKU-003,1,Expired,2026-11-05
FB-24,SKU-004,1,Quality reject,2026-11-05
FB-24,SKU-011,1,Expired,2026-11-05
FB-24,SKU-018,1,Damaged,2026-11-05
FB-24,SKU-020,1,Damaged,2026-11-05
FB-24,SKU-023,1,Expired,2026-11-05
FB-24,SKU-025,2,Damaged,2026-11-05
FB-25,SKU-004,2,Expired,2026-11-05
FB-25,SKU-009,1,Quality reject,2026-11-05
FB-25,SKU-012,1,Quality reject,2026-11-05
FB-25,SKU-013,1,Expired,2026-11-05
FB-25,SKU-021,2,Expired,2026-11-05
FB-25,SKU-022,1,Damaged,2026-11-05
FB-25,SKU-023,1,Quality reject,2026-11-05
FB-01,SKU-003,2,Damaged,2026-11-06
FB-01,SKU-015,1,Quality reject,2026-11-06
FB-01,SKU-024,1,Expired,2026-11-06
FB-02,SKU-005,1,Expired,2026-11-06
FB-02,SKU-006,1,Damaged,2026-11-06
FB-02,SKU-007,1,Expired,2026-11-06
FB-02,SKU-019,1,Damaged,2026-11-06
FB-02,SKU-022,1,Expired,2026-11-06
FB-02,SKU-025,2,Damaged,2026-11-06
FB-03,SKU-003,1,Damaged,2026-11-06
FB-03,SKU-006,1,Expired,2026-11-06
FB-03,SKU-022,1,Expired,2026-11-06
FB-03,SKU-025,2,Expired,2026-11-06
FB-04,SKU-003,1,Expired,2026-11-06
FB-04,SKU-009,1,Quality reject,2026-11-06
FB-04,SKU-017,2,Quality reject,2026-11-06
FB-04,SKU-018,1,Expired,2026-11-06
FB-04,SKU-023,1,Quality reject,2026-11-06
FB-05,SKU-006,1,Damaged,2026-11-06
FB-05,SKU-009,1,Quality reject,2026-11-06
FB-05,SKU-011,1,Expired,2026-11-06
FB-05,SKU-014,1,Expired,2026-11-06
FB-05,SKU-015,1,Quality reject,2026-11-06
FB-05,SKU-023,1,Damaged,2026-11-06
FB-06,SKU-005,1,Damaged,2026-11-06
FB-06,SKU-011,1,Damaged,2026-11-06
FB-06,SKU-021,1,Damaged,2026-11-06
FB-06,SKU-022,1,Expired,2026-11-06
FB-06,SKU-023,1,Quality reject,2026-11-06
FB-06,SKU-024,1,Expired,2026-11-06
FB-07,SKU-005,1,Damaged,2026-11-06
FB-07,SKU-009,1,Expired,2026-11-06
FB-07,SKU-014,1,Expired,2026-11-06
FB-07,SKU-021,1,Expired,2026-11-06
FB-07,SKU-024,1,Damaged,2026-11-06
FB-07,SKU-025,1,Expired,2026-11-06
FB-08,SKU-004,1,Expired,2026-11-06
FB-08,SKU-007,1,Expired,2026-11-06
FB-08,SKU-009,2,Quality reject,2026-11-06
FB-08,SKU-010,2,Expired,2026-11-06
FB-08,SKU-011,4,Expired,2026-11-06
FB-08,SKU-012,3,Expired,2026-11-06
FB-08,SKU-013,1,Expired,2026-11-06
FB-08,SKU-022,1,Quality reject,2026-11-06
FB-08,SKU-023,1,Expired,2026-11-06
FB-09,SKU-001,1,Expired,2026-11-06
FB-09,SKU-005,1,Damaged,2026-11-06
FB-09,SKU-006,1,Damaged,2026-11-06
FB-09,SKU-017,1,Expired,2026-11-06
FB-09,SKU-022,1,Expired,2026-11-06
FB-09,SKU-023,1,Expired,2026-11-06
FB-10,SKU-013,1,Expired,2026-11-06
FB-10,SKU-020,1,Quality reject,2026-11-06
FB-11,SKU-006,1,Expired,2026-11-06
FB-11,SKU-009,1,Quality reject,2026-11-06
FB-11,SKU-011,1,Expired,2026-11-06
FB-11,SKU-013,1,Quality reject,2026-11-06
FB-11,SKU-019,1,Expired,2026-11-06
FB-12,SKU-005,2,Quality reject,2026-11-06
FB-12,SKU-011,1,Expired,2026-11-06
FB-12,SKU-014,1,Damaged,2026-11-06
FB-12,SKU-017,1,Expired,2026-11-06
FB-12,SKU-022,4,Expired,2026-11-06
FB-12,SKU-023,1,Expired,2026-11-06
FB-12,SKU-024,1,Quality reject,2026-11-06
FB-13,SKU-004,1,Expired,2026-11-06
FB-13,SKU-005,1,Expired,2026-11-06
FB-13,SKU-007,2,Expired,2026-11-06
FB-13,SKU-009,1,Damaged,2026-11-06
FB-13,SKU-017,1,Expired,2026-11-06
FB-13,SKU-019,2,Expired,2026-11-06
FB-13,SKU-020,1,Damaged,2026-11-06
FB-13,SKU-022,3,Quality reject,2026-11-06
FB-13,SKU-023,1,Expired,2026-11-06
FB-13,SKU-024,3,Damaged,2026-11-06
FB-13,SKU-025,1,Expired,2026-11-06
FB-14,SKU-003,1,Expired,2026-11-06
FB-14,SKU-005,1,Expired,2026-11-06
FB-14,SKU-010,1,Quality reject,2026-11-06
FB-14,SKU-011,1,Expired,2026-11-06
FB-14,SKU-014,1,Expired,2026-11-06
FB-14,SKU-023,2,Damaged,2026-11-06
FB-14,SKU-025,2,Expired,2026-11-06
FB-15,SKU-010,1,Expired,2026-11-06
FB-15,SKU-012,1,Expired,2026-11-06
FB-15,SKU-017,1,Expired,2026-11-06
FB-15,SKU-019,1,Expired,2026-11-06
FB-15,SKU-020,1,Expired,2026-11-06
FB-16,SKU-011,1,Expired,2026-11-06
FB-16,SKU-021,1,Quality reject,2026-11-06
FB-16,SKU-022,1,Expired,2026-11-06
FB-16,SKU-023,1,Quality reject,2026-11-06
FB-16,SKU-024,1,Damaged,2026-11-06
FB-17,SKU-005,1,Quality reject,2026-11-06
FB-17,SKU-007,1,Expired,2026-11-06
FB-17,SKU-009,1,Expired,2026-11-06
FB-17,SKU-010,1,Damaged,2026-11-06
FB-17,SKU-013,1,Expired,2026-11-06
FB-17,SKU-015,1,Expired,2026-11-06
FB-17,SKU-017,1,Quality reject,2026-11-06
FB-17,SKU-019,1,Quality reject,2026-11-06
FB-17,SKU-023,1,Quality reject,2026-11-06
FB-18,SKU-005,1,Expired,2026-11-06
FB-18,SKU-014,2,Expired,2026-11-06
FB-18,SKU-023,1,Damaged,2026-11-06
FB-18,SKU-025,1,Expired,2026-11-06
FB-19,SKU-002,1,Quality reject,2026-11-06
FB-19,SKU-005,1,Expired,2026-11-06
FB-19,SKU-011,1,Expired,2026-11-06
FB-19,SKU-013,1,Damaged,2026-11-06
FB-19,SKU-014,1,Expired,2026-11-06
FB-19,SKU-018,1,Expired,2026-11-06
FB-19,SKU-022,2,Quality reject,2026-11-06
FB-20,SKU-002,1,Quality reject,2026-11-06
FB-20,SKU-005,1,Expired,2026-11-06
FB-20,SKU-011,1,Damaged,2026-11-06
FB-20,SKU-013,1,Expired,2026-11-06
FB-20,SKU-014,1,Expired,2026-11-06
FB-20,SKU-015,1,Expired,2026-11-06
FB-20,SKU-022,1,Expired,2026-11-06
FB-20,SKU-023,1,Quality reject,2026-11-06
FB-20,SKU-025,1,Damaged,2026-11-06
FB-21,SKU-006,2,Expired,2026-11-06
FB-21,SKU-009,1,Quality reject,2026-11-06
FB-21,SKU-011,1,Expired,2026-11-06
FB-21,SKU-014,1,Expired,2026-11-06
FB-21,SKU-015,1,Damaged,2026-11-06
FB-21,SKU-019,1,Expired,2026-11-06
FB-21,SKU-022,2,Expired,2026-11-06
FB-21,SKU-023,1,Expired,2026-11-06
FB-21,SKU-025,1,Damaged,2026-11-06
FB-22,SKU-002,1,Expired,2026-11-06
FB-22,SKU-010,2,Damaged,2026-11-06
FB-22,SKU-013,1,Damaged,2026-11-06
FB-22,SKU-014,2,Expired,2026-11-06
FB-22,SKU-018,1,Damaged,2026-11-06
FB-22,SKU-023,3,Expired,2026-11-06
FB-22,SKU-024,2,Expired,2026-11-06
FB-23,SKU-005,1,Quality reject,2026-11-06
FB-23,SKU-006,1,Expired,2026-11-06
FB-23,SKU-010,1,Damaged,2026-11-06
FB-23,SKU-011,2,Quality reject,2026-11-06
FB-23,SKU-012,1,Expired,2026-11-06
FB-23,SKU-014,1,Quality reject,2026-11-06
FB-23,SKU-017,1,Expired,2026-11-06
FB-23,SKU-019,1,Expired,2026-11-06
FB-24,SKU-001,1,Quality reject,2026-11-06
FB-24,SKU-004,1,Expired,2026-11-06
FB-24,SKU-011,1,Damaged,2026-11-06
FB-24,SKU-019,1,Expired,2026-11-06
FB-24,SKU-022,1,Expired,2026-11-06
FB-25,SKU-001,1,Damaged,2026-11-06
FB-25,SKU-010,1,Expired,2026-11-06
FB-25,SKU-011,1,Damaged,2026-11-06
FB-25,SKU-013,2,Expired,2026-11-06
FB-25,SKU-017,1,Damaged,2026-11-06
FB-25,SKU-021,1,Quality reject,2026-11-06
FB-25,SKU-022,1,Damaged,2026-11-06
FB-25,SKU-023,1,Expired,2026-11-06
FB-25,SKU-025,1,Damaged,2026-11-06
FB-01,SKU-012,2,Expired,2026-11-07
FB-01,SKU-014,2,Expired,2026-11-07
FB-01,SKU-017,1,Damaged,2026-11-07
FB-01,SKU-023,1,Expired,2026-11-07
FB-02,SKU-014,1,Expired,2026-11-07
FB-02,SKU-019,1,Expired,2026-11-07
FB-02,SKU-025,1,Damaged,2026-11-07
FB-03,SKU-005,1,Expired,2026-11-07
FB-03,SKU-011,1,Expired,2026-11-07
FB-03,SKU-019,1,Expired,2026-11-07
FB-03,SKU-022,1,Expired,2026-11-07
FB-03,SKU-023,1,Expired,2026-11-07
FB-03,SKU-024,1,Expired,2026-11-07
FB-03,SKU-025,1,Expired,2026-11-07
FB-04,SKU-003,1,Expired,2026-11-07
FB-04,SKU-006,1,Damaged,2026-11-07
FB-04,SKU-011,1,Quality reject,2026-11-07
FB-04,SKU-023,1,Quality reject,2026-11-07
FB-05,SKU-003,1,Damaged,2026-11-07
FB-05,SKU-005,1,Expired,2026-11-07
FB-05,SKU-018,1,Expired,2026-11-07
FB-05,SKU-021,1,Expired,2026-11-07
FB-05,SKU-023,3,Damaged,2026-11-07
FB-06,SKU-003,2,Expired,2026-11-07
FB-06,SKU-005,1,Expired,2026-11-07
FB-06,SKU-010,1,Expired,2026-11-07
FB-06,SKU-011,1,Expired,2026-11-07
FB-06,SKU-017,1,Damaged,2026-11-07
FB-06,SKU-018,1,Expired,2026-11-07
FB-06,SKU-023,3,Expired,2026-11-07
FB-06,SKU-025,1,Quality reject,2026-11-07
FB-07,SKU-001,1,Damaged,2026-11-07
FB-07,SKU-003,1,Damaged,2026-11-07
FB-07,SKU-005,1,Expired,2026-11-07
FB-07,SKU-010,2,Expired,2026-11-07
FB-07,SKU-019,1,Expired,2026-11-07
FB-07,SKU-022,1,Expired,2026-11-07
FB-07,SKU-025,1,Quality reject,2026-11-07
FB-08,SKU-003,1,Damaged,2026-11-07
FB-08,SKU-004,1,Expired,2026-11-07
FB-08,SKU-011,5,Damaged,2026-11-07
FB-08,SKU-012,1,Damaged,2026-11-07
FB-08,SKU-014,2,Quality reject,2026-11-07
FB-08,SKU-022,1,Quality reject,2026-11-07
FB-09,SKU-003,1,Expired,2026-11-07
FB-09,SKU-005,1,Damaged,2026-11-07
FB-09,SKU-014,1,Expired,2026-11-07
FB-10,SKU-006,2,Expired,2026-11-07
FB-10,SKU-013,3,Damaged,2026-11-07
FB-11,SKU-003,1,Expired,2026-11-07
FB-11,SKU-013,1,Quality reject,2026-11-07
FB-11,SKU-014,1,Expired,2026-11-07
FB-11,SKU-022,1,Expired,2026-11-07
FB-12,SKU-003,2,Expired,2026-11-07
FB-12,SKU-006,1,Expired,2026-11-07
FB-12,SKU-007,1,Expired,2026-11-07
FB-12,SKU-013,1,Expired,2026-11-07
FB-12,SKU-014,1,Quality reject,2026-11-07
FB-12,SKU-017,1,Damaged,2026-11-07
FB-12,SKU-019,1,Expired,2026-11-07
FB-13,SKU-001,1,Damaged,2026-11-07
FB-13,SKU-011,1,Expired,2026-11-07
FB-13,SKU-014,2,Expired,2026-11-07
FB-13,SKU-022,1,Quality reject,2026-11-07
FB-13,SKU-023,1,Expired,2026-11-07
FB-14,SKU-001,1,Expired,2026-11-07
FB-14,SKU-006,1,Damaged,2026-11-07
FB-14,SKU-012,1,Quality reject,2026-11-07
FB-14,SKU-014,1,Expired,2026-11-07
FB-14,SKU-023,3,Damaged,2026-11-07
FB-14,SKU-025,1,Expired,2026-11-07
FB-15,SKU-011,1,Expired,2026-11-07
FB-15,SKU-012,1,Damaged,2026-11-07
FB-15,SKU-015,1,Quality reject,2026-11-07
FB-15,SKU-024,1,Quality reject,2026-11-07
FB-16,SKU-005,2,Quality reject,2026-11-07
FB-16,SKU-011,1,Expired,2026-11-07
FB-16,SKU-017,1,Expired,2026-11-07
FB-16,SKU-023,1,Damaged,2026-11-07
FB-16,SKU-024,1,Expired,2026-11-07
FB-17,SKU-001,1,Expired,2026-11-07
FB-17,SKU-009,1,Damaged,2026-11-07
FB-17,SKU-016,1,Expired,2026-11-07
FB-17,SKU-017,1,Expired,2026-11-07
FB-17,SKU-020,1,Quality reject,2026-11-07
FB-17,SKU-022,1,Quality reject,2026-11-07
FB-17,SKU-024,1,Damaged,2026-11-07
FB-17,SKU-025,1,Damaged,2026-11-07
FB-18,SKU-011,3,Expired,2026-11-07
FB-18,SKU-014,1,Damaged,2026-11-07
FB-18,SKU-023,1,Expired,2026-11-07
FB-19,SKU-001,1,Expired,2026-11-07
FB-19,SKU-003,2,Expired,2026-11-07
FB-19,SKU-005,5,Damaged,2026-11-07
FB-19,SKU-006,1,Quality reject,2026-11-07
FB-19,SKU-011,1,Expired,2026-11-07
FB-19,SKU-013,1,Damaged,2026-11-07
FB-19,SKU-022,2,Expired,2026-11-07
FB-19,SKU-023,1,Expired,2026-11-07
FB-20,SKU-002,1,Expired,2026-11-07
FB-20,SKU-005,1,Quality reject,2026-11-07
FB-20,SKU-013,2,Expired,2026-11-07
FB-20,SKU-014,1,Damaged,2026-11-07
FB-21,SKU-003,1,Quality reject,2026-11-07
FB-21,SKU-004,1,Expired,2026-11-07
FB-21,SKU-006,1,Expired,2026-11-07
FB-21,SKU-009,1,Damaged,2026-11-07
FB-21,SKU-014,1,Expired,2026-11-07
FB-21,SKU-017,1,Expired,2026-11-07
FB-21,SKU-019,1,Damaged,2026-11-07
FB-21,SKU-020,1,Expired,2026-11-07
FB-21,SKU-023,2,Expired,2026-11-07
FB-22,SKU-007,3,Expired,2026-11-07
FB-22,SKU-008,2,Expired,2026-11-07
FB-22,SKU-009,1,Quality reject,2026-11-07
FB-22,SKU-012,1,Expired,2026-11-07
FB-22,SKU-014,3,Damaged,2026-11-07
FB-22,SKU-019,1,Expired,2026-11-07
FB-22,SKU-020,1,Damaged,2026-11-07
FB-22,SKU-021,1,Quality reject,2026-11-07
FB-22,SKU-023,1,Expired,2026-11-07
FB-23,SKU-003,1,Expired,2026-11-07
FB-23,SKU-004,1,Expired,2026-11-07
FB-23,SKU-006,1,Expired,2026-11-07
FB-23,SKU-010,1,Damaged,2026-11-07
FB-23,SKU-014,1,Quality reject,2026-11-07
FB-23,SKU-018,1,Expired,2026-11-07
FB-23,SKU-020,1,Expired,2026-11-07
FB-23,SKU-025,1,Expired,2026-11-07
FB-24,SKU-004,1,Quality reject,2026-11-07
FB-24,SKU-011,1,Damaged,2026-11-07
FB-24,SKU-012,1,Expired,2026-11-07
FB-24,SKU-017,1,Damaged,2026-11-07
FB-24,SKU-025,1,Expired,2026-11-07
FB-25,SKU-019,2,Quality reject,2026-11-07
FB-25,SKU-020,1,Expired,2026-11-07
FB-25,SKU-021,1,Expired,2026-11-07
FB-25,SKU-022,2,Expired,2026-11-07
FB-25,SKU-023,1,Damaged,2026-11-07
FB-01,SKU-004,1,Damaged,2026-11-08
FB-01,SKU-013,2,Damaged,2026-11-08
FB-01,SKU-014,1,Quality reject,2026-11-08
FB-01,SKU-019,1,Expired,2026-11-08
FB-01,SKU-022,1,Damaged,2026-11-08
FB-02,SKU-004,1,Quality reject,2026-11-08
FB-02,SKU-014,1,Expired,2026-11-08
FB-02,SKU-019,1,Expired,2026-11-08
FB-02,SKU-022,1,Damaged,2026-11-08
FB-02,SKU-023,2,Damaged,2026-11-08
FB-02,SKU-025,1,Quality reject,2026-11-08
FB-03,SKU-001,1,Expired,2026-11-08
FB-03,SKU-004,1,Quality reject,2026-11-08
FB-03,SKU-012,1,Quality reject,2026-11-08
FB-03,SKU-014,1,Quality reject,2026-11-08
FB-03,SKU-021,1,Expired,2026-11-08
FB-03,SKU-022,1,Damaged,2026-11-08
FB-03,SKU-023,1,Expired,2026-11-08
FB-03,SKU-025,1,Expired,2026-11-08
FB-04,SKU-004,1,Expired,2026-11-08
FB-04,SKU-006,1,Quality reject,2026-11-08
FB-04,SKU-017,1,Quality reject,2026-11-08
FB-04,SKU-021,1,Quality reject,2026-11-08
FB-04,SKU-022,2,Expired,2026-11-08
FB-05,SKU-007,1,Expired,2026-11-08
FB-05,SKU-008,1,Quality reject,2026-11-08
FB-05,SKU-010,1,Expired,2026-11-08
FB-05,SKU-025,2,Expired,2026-11-08
FB-06,SKU-004,1,Expired,2026-11-08
FB-06,SKU-013,1,Damaged,2026-11-08
FB-06,SKU-015,1,Expired,2026-11-08
FB-06,SKU-017,1,Quality reject,2026-11-08
FB-07,SKU-005,2,Quality reject,2026-11-08
FB-07,SKU-007,1,Damaged,2026-11-08
FB-07,SKU-011,1,Quality reject,2026-11-08
FB-07,SKU-022,1,Quality reject,2026-11-08
FB-08,SKU-004,1,Expired,2026-11-08
FB-08,SKU-005,1,Quality reject,2026-11-08
FB-08,SKU-006,1,Expired,2026-11-08
FB-08,SKU-007,1,Expired,2026-11-08
FB-08,SKU-008,1,Expired,2026-11-08
FB-08,SKU-009,1,Quality reject,2026-11-08
FB-08,SKU-010,2,Quality reject,2026-11-08
FB-08,SKU-011,1,Expired,2026-11-08
FB-08,SKU-014,1,Quality reject,2026-11-08
FB-08,SKU-022,1,Expired,2026-11-08
FB-08,SKU-023,1,Quality reject,2026-11-08
FB-09,SKU-001,1,Expired,2026-11-08
FB-10,SKU-003,1,Expired,2026-11-08
FB-10,SKU-004,1,Damaged,2026-11-08
FB-10,SKU-005,1,Expired,2026-11-08
FB-10,SKU-014,1,Quality reject,2026-11-08
FB-11,SKU-002,1,Damaged,2026-11-08
FB-11,SKU-004,2,Quality reject,2026-11-08
FB-11,SKU-011,1,Expired,2026-11-08
FB-11,SKU-022,1,Damaged,2026-11-08
FB-12,SKU-004,2,Expired,2026-11-08
FB-12,SKU-005,3,Expired,2026-11-08
FB-12,SKU-008,1,Damaged,2026-11-08
FB-12,SKU-012,1,Damaged,2026-11-08
FB-12,SKU-013,1,Expired,2026-11-08
FB-12,SKU-016,1,Expired,2026-11-08
FB-12,SKU-017,1,Expired,2026-11-08
FB-12,SKU-022,1,Damaged,2026-11-08
FB-12,SKU-024,1,Damaged,2026-11-08
FB-13,SKU-001,1,Quality reject,2026-11-08
FB-13,SKU-003,1,Expired,2026-11-08
FB-13,SKU-005,2,Expired,2026-11-08
FB-13,SKU-006,1,Quality reject,2026-11-08
FB-13,SKU-011,1,Quality reject,2026-11-08
FB-13,SKU-012,1,Expired,2026-11-08
FB-13,SKU-013,1,Expired,2026-11-08
FB-13,SKU-014,2,Expired,2026-11-08
FB-13,SKU-022,1,Expired,2026-11-08
FB-14,SKU-004,1,Quality reject,2026-11-08
FB-14,SKU-009,1,Expired,2026-11-08
FB-14,SKU-010,1,Expired,2026-11-08
FB-14,SKU-022,1,Expired,2026-11-08
FB-14,SKU-023,2,Expired,2026-11-08
FB-15,SKU-002,1,Damaged,2026-11-08
FB-15,SKU-005,2,Damaged,2026-11-08
FB-15,SKU-007,1,Damaged,2026-11-08
FB-15,SKU-013,1,Quality reject,2026-11-08
FB-15,SKU-022,2,Damaged,2026-11-08
FB-15,SKU-024,1,Expired,2026-11-08
FB-16,SKU-004,1,Expired,2026-11-08
FB-16,SKU-005,2,Expired,2026-11-08
FB-16,SKU-011,2,Quality reject,2026-11-08
FB-16,SKU-014,2,Quality reject,2026-11-08
FB-16,SKU-016,1,Expired,2026-11-08
FB-16,SKU-020,2,Expired,2026-11-08
FB-17,SKU-006,1,Expired,2026-11-08
FB-17,SKU-019,4,Quality reject,2026-11-08
FB-17,SKU-022,1,Damaged,2026-11-08
FB-17,SKU-024,1,Expired,2026-11-08
FB-18,SKU-009,1,Expired,2026-11-08
FB-18,SKU-011,3,Damaged,2026-11-08
FB-18,SKU-017,1,Quality reject,2026-11-08
FB-18,SKU-022,1,Damaged,2026-11-08
FB-18,SKU-024,1,Expired,2026-11-08
FB-19,SKU-003,1,Damaged,2026-11-08
FB-19,SKU-004,1,Expired,2026-11-08
FB-19,SKU-013,1,Expired,2026-11-08
FB-19,SKU-022,1,Expired,2026-11-08
FB-19,SKU-023,2,Expired,2026-11-08
FB-19,SKU-024,1,Expired,2026-11-08
FB-19,SKU-025,1,Expired,2026-11-08
FB-20,SKU-003,1,Damaged,2026-11-08
FB-20,SKU-004,1,Expired,2026-11-08
FB-20,SKU-005,1,Quality reject,2026-11-08
FB-20,SKU-011,1,Quality reject,2026-11-08
FB-20,SKU-014,1,Quality reject,2026-11-08
FB-20,SKU-018,1,Expired,2026-11-08
FB-20,SKU-022,1,Expired,2026-11-08
FB-20,SKU-024,1,Expired,2026-11-08
FB-21,SKU-005,1,Expired,2026-11-08
FB-21,SKU-006,1,Expired,2026-11-08
FB-21,SKU-013,1,Damaged,2026-11-08
FB-21,SKU-014,1,Expired,2026-11-08
FB-21,SKU-022,1,Expired,2026-11-08
FB-21,SKU-024,1,Damaged,2026-11-08
FB-21,SKU-025,1,Damaged,2026-11-08
FB-22,SKU-005,2,Expired,2026-11-08
FB-22,SKU-007,1,Expired,2026-11-08
FB-22,SKU-013,4,Expired,2026-11-08
FB-22,SKU-019,1,Expired,2026-11-08
FB-22,SKU-023,3,Quality reject,2026-11-08
FB-22,SKU-025,1,Expired,2026-11-08
FB-23,SKU-002,1,Damaged,2026-11-08
FB-23,SKU-003,1,Damaged,2026-11-08
FB-23,SKU-004,1,Quality reject,2026-11-08
FB-23,SKU-005,1,Expired,2026-11-08
FB-23,SKU-007,1,Expired,2026-11-08
FB-23,SKU-012,1,Expired,2026-11-08
FB-23,SKU-014,1,Expired,2026-11-08
FB-23,SKU-025,1,Expired,2026-11-08
FB-24,SKU-005,1,Damaged,2026-11-08
FB-24,SKU-006,1,Expired,2026-11-08
FB-24,SKU-007,1,Damaged,2026-11-08
FB-24,SKU-013,1,Quality reject,2026-11-08
FB-24,SKU-022,1,Expired,2026-11-08
FB-24,SKU-025,1,Quality reject,2026-11-08
FB-25,SKU-009,1,Expired,2026-11-08
FB-25,SKU-010,1,Expired,2026-11-08
FB-25,SKU-011,1,Quality reject,2026-11-08
FB-25,SKU-019,1,Quality reject,2026-11-08
FB-25,SKU-023,2,Damaged,2026-11-08
FB-01,SKU-005,1,Expired,2026-11-09
FB-01,SKU-012,1,Expired,2026-11-09
FB-01,SKU-014,1,Damaged,2026-11-09
FB-01,SKU-015,1,Quality reject,2026-11-09
FB-01,SKU-019,1,Quality reject,2026-11-09
FB-02,SKU-003,1,Expired,2026-11-09
FB-02,SKU-004,1,Expired,2026-11-09
FB-02,SKU-006,2,Expired,2026-11-09
FB-02,SKU-009,1,Expired,2026-11-09
FB-02,SKU-013,1,Damaged,2026-11-09
FB-02,SKU-014,2,Quality reject,2026-11-09
FB-02,SKU-022,1,Expired,2026-11-09
FB-03,SKU-019,1,Damaged,2026-11-09
FB-03,SKU-020,1,Quality reject,2026-11-09
FB-03,SKU-022,1,Expired,2026-11-09
FB-03,SKU-023,3,Quality reject,2026-11-09
FB-04,SKU-008,1,Expired,2026-11-09
FB-04,SKU-019,1,Damaged,2026-11-09
FB-04,SKU-023,1,Expired,2026-11-09
FB-04,SKU-025,1,Quality reject,2026-11-09
FB-05,SKU-014,1,Damaged,2026-11-09
FB-05,SKU-025,1,Expired,2026-11-09
FB-06,SKU-004,1,Damaged,2026-11-09
FB-06,SKU-005,3,Expired,2026-11-09
FB-06,SKU-010,1,Damaged,2026-11-09
FB-06,SKU-011,1,Quality reject,2026-11-09
FB-06,SKU-013,1,Expired,2026-11-09
FB-06,SKU-015,1,Quality reject,2026-11-09
FB-06,SKU-017,1,Quality reject,2026-11-09
FB-06,SKU-019,1,Expired,2026-11-09
FB-06,SKU-021,1,Expired,2026-11-09
FB-07,SKU-014,2,Expired,2026-11-09
FB-07,SKU-022,1,Damaged,2026-11-09
FB-07,SKU-023,2,Expired,2026-11-09
FB-07,SKU-025,1,Expired,2026-11-09
FB-08,SKU-006,1,Expired,2026-11-09
FB-08,SKU-009,1,Damaged,2026-11-09
FB-08,SKU-010,1,Damaged,2026-11-09
FB-08,SKU-011,6,Expired,2026-11-09
FB-08,SKU-012,1,Expired,2026-11-09
FB-08,SKU-014,1,Damaged,2026-11-09
FB-08,SKU-023,1,Damaged,2026-11-09
FB-08,SKU-024,2,Expired,2026-11-09
FB-09,SKU-001,1,Expired,2026-11-09
FB-09,SKU-012,1,Expired,2026-11-09
FB-09,SKU-014,1,Expired,2026-11-09
FB-09,SKU-015,1,Quality reject,2026-11-09
FB-09,SKU-022,2,Expired,2026-11-09
FB-09,SKU-023,2,Expired,2026-11-09
FB-10,SKU-001,1,Damaged,2026-11-09
FB-10,SKU-005,3,Expired,2026-11-09
FB-10,SKU-008,1,Expired,2026-11-09
FB-10,SKU-009,1,Expired,2026-11-09
FB-10,SKU-017,1,Damaged,2026-11-09
FB-10,SKU-023,1,Damaged,2026-11-09
FB-11,SKU-006,1,Damaged,2026-11-09
FB-11,SKU-010,1,Quality reject,2026-11-09
FB-11,SKU-014,1,Expired,2026-11-09
FB-11,SKU-022,1,Damaged,2026-11-09
FB-11,SKU-023,2,Expired,2026-11-09
FB-11,SKU-025,1,Damaged,2026-11-09
FB-12,SKU-003,1,Expired,2026-11-09
FB-12,SKU-005,1,Quality reject,2026-11-09
FB-12,SKU-011,1,Damaged,2026-11-09
FB-12,SKU-012,1,Quality reject,2026-11-09
FB-12,SKU-017,1,Quality reject,2026-11-09
FB-12,SKU-025,1,Expired,2026-11-09
FB-13,SKU-003,2,Quality reject,2026-11-09
FB-13,SKU-005,1,Expired,2026-11-09
FB-13,SKU-006,1,Expired,2026-11-09
FB-13,SKU-009,1,Expired,2026-11-09
FB-13,SKU-012,1,Expired,2026-11-09
FB-13,SKU-014,3,Expired,2026-11-09
FB-13,SKU-020,1,Quality reject,2026-11-09
FB-14,SKU-011,2,Expired,2026-11-09
FB-14,SKU-017,1,Damaged,2026-11-09
FB-14,SKU-020,1,Expired,2026-11-09
FB-14,SKU-022,2,Expired,2026-11-09
FB-14,SKU-023,1,Expired,2026-11-09
FB-14,SKU-024,1,Damaged,2026-11-09
FB-15,SKU-003,2,Expired,2026-11-09
FB-15,SKU-009,1,Expired,2026-11-09
FB-15,SKU-012,1,Expired,2026-11-09
FB-15,SKU-022,1,Damaged,2026-11-09
FB-16,SKU-002,1,Expired,2026-11-09
FB-16,SKU-003,2,Expired,2026-11-09
FB-16,SKU-004,1,Expired,2026-11-09
FB-16,SKU-011,3,Damaged,2026-11-09
FB-16,SKU-012,2,Expired,2026-11-09
FB-16,SKU-014,1,Expired,2026-11-09
FB-16,SKU-022,1,Quality reject,2026-11-09
FB-17,SKU-006,1,Quality reject,2026-11-09
FB-17,SKU-007,1,Expired,2026-11-09
FB-17,SKU-009,1,Quality reject,2026-11-09
FB-17,SKU-013,1,Quality reject,2026-11-09
FB-17,SKU-017,1,Expired,2026-11-09
FB-17,SKU-019,1,Quality reject,2026-11-09
FB-17,SKU-022,1,Damaged,2026-11-09
FB-17,SKU-023,1,Damaged,2026-11-09
FB-17,SKU-024,1,Quality reject,2026-11-09
FB-18,SKU-020,1,Quality reject,2026-11-09
FB-19,SKU-004,2,Expired,2026-11-09
FB-19,SKU-005,1,Damaged,2026-11-09
FB-19,SKU-007,2,Damaged,2026-11-09
FB-19,SKU-008,1,Expired,2026-11-09
FB-19,SKU-011,2,Expired,2026-11-09
FB-19,SKU-013,1,Expired,2026-11-09
FB-19,SKU-014,1,Damaged,2026-11-09
FB-19,SKU-017,1,Damaged,2026-11-09
FB-19,SKU-023,1,Expired,2026-11-09
FB-19,SKU-024,1,Expired,2026-11-09
FB-20,SKU-001,1,Quality reject,2026-11-09
FB-20,SKU-005,1,Expired,2026-11-09
FB-20,SKU-021,2,Quality reject,2026-11-09
FB-20,SKU-022,2,Expired,2026-11-09
FB-20,SKU-023,2,Expired,2026-11-09
FB-21,SKU-010,2,Expired,2026-11-09
FB-21,SKU-013,1,Expired,2026-11-09
FB-21,SKU-014,1,Damaged,2026-11-09
FB-21,SKU-019,1,Quality reject,2026-11-09
FB-22,SKU-003,1,Expired,2026-11-09
FB-22,SKU-004,1,Expired,2026-11-09
FB-22,SKU-014,1,Expired,2026-11-09
FB-22,SKU-023,1,Damaged,2026-11-09
FB-22,SKU-024,1,Expired,2026-11-09
FB-23,SKU-004,1,Expired,2026-11-09
FB-23,SKU-006,1,Expired,2026-11-09
FB-23,SKU-012,1,Expired,2026-11-09
FB-23,SKU-014,1,Expired,2026-11-09
FB-23,SKU-019,1,Quality reject,2026-11-09
FB-23,SKU-022,1,Expired,2026-11-09
FB-23,SKU-024,1,Quality reject,2026-11-09
FB-24,SKU-009,1,Expired,2026-11-09
FB-24,SKU-011,1,Quality reject,2026-11-09
FB-24,SKU-012,1,Expired,2026-11-09
FB-24,SKU-023,1,Quality reject,2026-11-09
FB-25,SKU-001,1,Expired,2026-11-09
FB-25,SKU-003,1,Expired,2026-11-09
FB-25,SKU-005,1,Damaged,2026-11-09
FB-25,SKU-007,1,Expired,2026-11-09
FB-25,SKU-014,1,Expired,2026-11-09
FB-25,SKU-020,1,Quality reject,2026-11-09
FB-25,SKU-023,1,Expired,2026-11-09
FB-01,SKU-003,1,Quality reject,2026-11-10
FB-01,SKU-004,1,Damaged,2026-11-10
FB-01,SKU-005,1,Damaged,2026-11-10
FB-01,SKU-010,1,Expired,2026-11-10
FB-01,SKU-014,1,Damaged,2026-11-10
FB-01,SKU-022,1,Damaged,2026-11-10
FB-01,SKU-023,1,Quality reject,2026-11-10
FB-02,SKU-003,1,Expired,2026-11-10
FB-02,SKU-013,1,Damaged,2026-11-10
FB-02,SKU-017,3,Expired,2026-11-10
FB-02,SKU-019,1,Damaged,2026-11-10
FB-02,SKU-022,2,Expired,2026-11-10
FB-02,SKU-023,2,Damaged,2026-11-10
FB-02,SKU-024,1,Expired,2026-11-10
FB-03,SKU-009,1,Expired,2026-11-10
FB-03,SKU-011,1,Quality reject,2026-11-10
FB-03,SKU-012,1,Quality reject,2026-11-10
FB-03,SKU-013,2,Expired,2026-11-10
FB-03,SKU-014,1,Damaged,2026-11-10
FB-04,SKU-011,1,Expired,2026-11-10
FB-04,SKU-012,1,Damaged,2026-11-10
FB-04,SKU-017,1,Expired,2026-11-10
FB-04,SKU-019,1,Quality reject,2026-11-10
FB-04,SKU-021,1,Quality reject,2026-11-10
FB-04,SKU-025,2,Expired,2026-11-10
FB-05,SKU-001,1,Damaged,2026-11-10
FB-05,SKU-006,1,Expired,2026-11-10
FB-05,SKU-010,1,Expired,2026-11-10
FB-05,SKU-011,1,Expired,2026-11-10
FB-05,SKU-023,2,Expired,2026-11-10
FB-06,SKU-010,1,Expired,2026-11-10
FB-06,SKU-014,1,Damaged,2026-11-10
FB-06,SKU-022,1,Damaged,2026-11-10
FB-06,SKU-023,1,Expired,2026-11-10
FB-07,SKU-011,1,Expired,2026-11-10
FB-07,SKU-021,1,Expired,2026-11-10
FB-07,SKU-022,1,Damaged,2026-11-10
FB-08,SKU-003,1,Expired,2026-11-10
FB-08,SKU-005,1,Expired,2026-11-10
FB-08,SKU-009,1,Expired,2026-11-10
FB-08,SKU-011,6,Quality reject,2026-11-10
FB-08,SKU-014,1,Damaged,2026-11-10
FB-08,SKU-023,1,Expired,2026-11-10
FB-09,SKU-001,1,Expired,2026-11-10
FB-09,SKU-012,1,Quality reject,2026-11-10
FB-09,SKU-025,1,Quality reject,2026-11-10
FB-10,SKU-010,1,Damaged,2026-11-10
FB-10,SKU-023,1,Expired,2026-11-10
FB-11,SKU-007,1,Quality reject,2026-11-10
FB-11,SKU-009,1,Quality reject,2026-11-10
FB-11,SKU-015,2,Damaged,2026-11-10
FB-11,SKU-017,1,Expired,2026-11-10
FB-11,SKU-020,1,Expired,2026-11-10
FB-12,SKU-001,1,Expired,2026-11-10
FB-12,SKU-003,2,Expired,2026-11-10
FB-12,SKU-005,1,Expired,2026-11-10
FB-12,SKU-008,1,Expired,2026-11-10
FB-12,SKU-010,1,Expired,2026-11-10
FB-12,SKU-011,2,Damaged,2026-11-10
FB-12,SKU-015,1,Expired,2026-11-10
FB-12,SKU-022,1,Expired,2026-11-10
FB-13,SKU-002,1,Expired,2026-11-10
FB-13,SKU-003,2,Expired,2026-11-10
FB-13,SKU-006,1,Expired,2026-11-10
FB-13,SKU-007,1,Quality reject,2026-11-10
FB-13,SKU-009,1,Expired,2026-11-10
FB-13,SKU-011,1,Quality reject,2026-11-10
FB-13,SKU-017,1,Expired,2026-11-10
FB-13,SKU-018,2,Expired,2026-11-10
FB-13,SKU-022,1,Expired,2026-11-10
FB-13,SKU-023,2,Expired,2026-11-10
FB-13,SKU-025,1,Expired,2026-11-10
FB-14,SKU-010,1,Expired,2026-11-10
FB-14,SKU-012,1,Expired,2026-11-10
FB-14,SKU-013,1,Quality reject,2026-11-10
FB-14,SKU-014,1,Damaged,2026-11-10
FB-14,SKU-017,1,Damaged,2026-11-10
FB-14,SKU-019,1,Expired,2026-11-10
FB-14,SKU-023,1,Expired,2026-11-10
FB-14,SKU-025,1,Expired,2026-11-10
FB-15,SKU-013,1,Quality reject,2026-11-10
FB-15,SKU-014,1,Expired,2026-11-10
FB-15,SKU-021,1,Damaged,2026-11-10
FB-16,SKU-003,2,Expired,2026-11-10
FB-16,SKU-009,1,Expired,2026-11-10
FB-16,SKU-011,2,Expired,2026-11-10
FB-16,SKU-013,1,Expired,2026-11-10
FB-16,SKU-017,1,Quality reject,2026-11-10
FB-16,SKU-018,1,Expired,2026-11-10
FB-16,SKU-025,1,Expired,2026-11-10
FB-17,SKU-004,1,Expired,2026-11-10
FB-17,SKU-005,1,Expired,2026-11-10
FB-17,SKU-017,1,Quality reject,2026-11-10
FB-17,SKU-019,1,Expired,2026-11-10
FB-17,SKU-023,1,Expired,2026-11-10
FB-18,SKU-006,1,Damaged,2026-11-10
FB-18,SKU-013,2,Expired,2026-11-10
FB-18,SKU-019,2,Expired,2026-11-10
FB-19,SKU-003,1,Damaged,2026-11-10
FB-19,SKU-004,1,Expired,2026-11-10
FB-19,SKU-006,1,Quality reject,2026-11-10
FB-19,SKU-011,1,Quality reject,2026-11-10
FB-19,SKU-013,1,Damaged,2026-11-10
FB-19,SKU-019,1,Damaged,2026-11-10
FB-19,SKU-020,1,Expired,2026-11-10
FB-19,SKU-021,1,Expired,2026-11-10
FB-19,SKU-023,1,Expired,2026-11-10
FB-19,SKU-025,1,Damaged,2026-11-10
FB-20,SKU-001,1,Expired,2026-11-10
FB-20,SKU-005,2,Quality reject,2026-11-10
FB-20,SKU-007,1,Expired,2026-11-10
FB-20,SKU-009,2,Expired,2026-11-10
FB-20,SKU-014,1,Expired,2026-11-10
FB-20,SKU-015,1,Expired,2026-11-10
FB-20,SKU-017,1,Quality reject,2026-11-10
FB-20,SKU-019,1,Expired,2026-11-10
FB-20,SKU-021,1,Damaged,2026-11-10
FB-20,SKU-022,2,Expired,2026-11-10
FB-21,SKU-004,1,Expired,2026-11-10
FB-21,SKU-006,1,Quality reject,2026-11-10
FB-21,SKU-016,1,Expired,2026-11-10
FB-21,SKU-019,1,Expired,2026-11-10
FB-22,SKU-001,1,Expired,2026-11-10
FB-22,SKU-003,1,Expired,2026-11-10
FB-22,SKU-004,1,Expired,2026-11-10
FB-22,SKU-008,1,Expired,2026-11-10
FB-22,SKU-009,1,Expired,2026-11-10
FB-22,SKU-014,1,Damaged,2026-11-10
FB-22,SKU-017,1,Damaged,2026-11-10
FB-22,SKU-018,1,Quality reject,2026-11-10
FB-22,SKU-022,1,Expired,2026-11-10
FB-22,SKU-023,2,Expired,2026-11-10
FB-22,SKU-025,1,Expired,2026-11-10
FB-23,SKU-003,1,Expired,2026-11-10
FB-23,SKU-005,1,Damaged,2026-11-10
FB-23,SKU-008,1,Damaged,2026-11-10
FB-23,SKU-009,1,Expired,2026-11-10
FB-23,SKU-011,1,Quality reject,2026-11-10
FB-23,SKU-022,2,Expired,2026-11-10
FB-24,SKU-006,1,Damaged,2026-11-10
FB-24,SKU-009,2,Quality reject,2026-11-10
FB-24,SKU-015,1,Quality reject,2026-11-10
FB-24,SKU-025,1,Quality reject,2026-11-10
FB-25,SKU-005,1,Expired,2026-11-10
FB-25,SKU-013,1,Expired,2026-11-10
FB-25,SKU-020,1,Quality reject,2026-11-10
FB-25,SKU-022,1,Quality reject,2026-11-10
FB-25,SKU-025,2,Damaged,2026-11-10
FB-01,SKU-003,1,Expired,2026-11-11
FB-01,SKU-014,1,Damaged,2026-11-11
FB-01,SKU-021,1,Quality reject,2026-11-11
FB-02,SKU-003,1,Damaged,2026-11-11
FB-02,SKU-005,1,Expired,2026-11-11
FB-02,SKU-011,2,Damaged,2026-11-11
FB-02,SKU-022,2,Damaged,2026-11-11
FB-03,SKU-003,1,Expired,2026-11-11
FB-03,SKU-005,1,Expired,2026-11-11
FB-03,SKU-006,1,Quality reject,2026-11-11
FB-03,SKU-009,1,Quality reject,2026-11-11
FB-03,SKU-011,1,Quality reject,2026-11-11
FB-03,SKU-015,1,Quality reject,2026-11-11
FB-03,SKU-019,1,Damaged,2026-11-11
FB-03,SKU-021,1,Expired,2026-11-11
FB-03,SKU-023,4,Expired,2026-11-11
FB-04,SKU-004,1,Quality reject,2026-11-11
FB-04,SKU-007,1,Quality reject,2026-11-11
FB-04,SKU-013,1,Expired,2026-11-11
FB-04,SKU-014,2,Quality reject,2026-11-11
FB-04,SKU-017,1,Expired,2026-11-11
FB-04,SKU-020,2,Expired,2026-11-11
FB-04,SKU-022,1,Damaged,2026-11-11
FB-04,SKU-023,1,Expired,2026-11-11
FB-05,SKU-001,1,Quality reject,2026-11-11
FB-05,SKU-011,1,Quality reject,2026-11-11
FB-05,SKU-013,1,Quality reject,2026-11-11
FB-05,SKU-014,1,Quality reject,2026-11-11
FB-05,SKU-023,6,Expired,2026-11-11
FB-06,SKU-003,1,Expired,2026-11-11
FB-06,SKU-013,1,Expired,2026-11-11
FB-06,SKU-022,2,Expired,2026-11-11
FB-07,SKU-008,1,Expired,2026-11-11
FB-07,SKU-013,1,Quality reject,2026-11-11
FB-07,SKU-014,2,Damaged,2026-11-11
FB-07,SKU-017,1,Damaged,2026-11-11
FB-07,SKU-019,1,Damaged,2026-11-11
FB-07,SKU-022,1,Expired,2026-11-11
FB-07,SKU-023,2,Quality reject,2026-11-11
FB-07,SKU-024,1,Damaged,2026-11-11
FB-08,SKU-007,2,Quality reject,2026-11-11
FB-08,SKU-008,2,Quality reject,2026-11-11
FB-08,SKU-010,3,Expired,2026-11-11
FB-08,SKU-011,2,Expired,2026-11-11
FB-08,SKU-012,3,Expired,2026-11-11
FB-08,SKU-013,1,Damaged,2026-11-11
FB-08,SKU-019,1,Expired,2026-11-11
FB-08,SKU-023,2,Expired,2026-11-11
FB-08,SKU-024,1,Expired,2026-11-11
FB-09,SKU-001,1,Quality reject,2026-11-11
FB-09,SKU-003,1,Expired,2026-11-11
FB-09,SKU-008,1,Expired,2026-11-11
FB-09,SKU-014,1,Quality reject,2026-11-11
FB-09,SKU-018,1,Damaged,2026-11-11
FB-09,SKU-020,1,Quality reject,2026-11-11
FB-09,SKU-022,1,Expired,2026-11-11
FB-10,SKU-005,1,Damaged,2026-11-11
FB-10,SKU-006,1,Expired,2026-11-11
FB-10,SKU-024,1,Quality reject,2026-11-11
FB-11,SKU-003,1,Expired,2026-11-11
FB-11,SKU-008,1,Expired,2026-11-11
FB-11,SKU-015,1,Expired,2026-11-11
FB-11,SKU-019,1,Expired,2026-11-11
FB-11,SKU-020,1,Expired,2026-11-11
FB-12,SKU-003,1,Damaged,2026-11-11
FB-12,SKU-004,1,Damaged,2026-11-11
FB-12,SKU-018,1,Quality reject,2026-11-11
FB-12,SKU-019,1,Expired,2026-11-11
FB-12,SKU-022,2,Expired,2026-11-11
FB-12,SKU-023,1,Quality reject,2026-11-11
FB-13,SKU-002,1,Expired,2026-11-11
FB-13,SKU-005,2,Expired,2026-11-11
FB-13,SKU-009,2,Expired,2026-11-11
FB-13,SKU-013,1,Expired,2026-11-11
FB-13,SKU-014,1,Expired,2026-11-11
FB-13,SKU-016,1,Expired,2026-11-11
FB-13,SKU-022,2,Expired,2026-11-11
FB-13,SKU-023,4,Expired,2026-11-11
FB-14,SKU-005,5,Expired,2026-11-11
FB-14,SKU-011,1,Expired,2026-11-11
FB-14,SKU-013,1,Expired,2026-11-11
FB-14,SKU-022,1,Damaged,2026-11-11
FB-14,SKU-025,1,Expired,2026-11-11
FB-15,SKU-003,1,Quality reject,2026-11-11
FB-15,SKU-010,1,Expired,2026-11-11
FB-15,SKU-011,1,Damaged,2026-11-11
FB-15,SKU-012,1,Expired,2026-11-11
FB-15,SKU-022,3,Quality reject,2026-11-11
FB-16,SKU-001,1,Expired,2026-11-11
FB-16,SKU-004,1,Expired,2026-11-11
FB-16,SKU-005,2,Damaged,2026-11-11
FB-16,SKU-011,3,Damaged,2026-11-11
FB-16,SKU-019,1,Damaged,2026-11-11
FB-17,SKU-003,1,Expired,2026-11-11
FB-17,SKU-004,1,Expired,2026-11-11
FB-17,SKU-007,2,Expired,2026-11-11
FB-17,SKU-008,1,Expired,2026-11-11
FB-17,SKU-010,1,Expired,2026-11-11
FB-17,SKU-015,1,Expired,2026-11-11
FB-17,SKU-022,1,Expired,2026-11-11
FB-18,SKU-003,1,Expired,2026-11-11
FB-18,SKU-013,1,Damaged,2026-11-11
FB-18,SKU-021,1,Quality reject,2026-11-11
FB-18,SKU-022,1,Expired,2026-11-11
FB-19,SKU-003,1,Expired,2026-11-11
FB-19,SKU-022,1,Expired,2026-11-11
FB-19,SKU-024,1,Expired,2026-11-11
FB-20,SKU-002,1,Damaged,2026-11-11
FB-20,SKU-005,1,Expired,2026-11-11
FB-20,SKU-012,1,Expired,2026-11-11
FB-20,SKU-020,1,Expired,2026-11-11
FB-21,SKU-002,1,Expired,2026-11-11
FB-21,SKU-004,1,Expired,2026-11-11
FB-21,SKU-005,1,Damaged,2026-11-11
FB-21,SKU-006,1,Quality reject,2026-11-11
FB-21,SKU-013,1,Expired,2026-11-11
FB-21,SKU-014,1,Expired,2026-11-11
FB-21,SKU-022,2,Expired,2026-11-11
FB-21,SKU-024,2,Expired,2026-11-11
FB-22,SKU-001,2,Expired,2026-11-11
FB-22,SKU-011,1,Expired,2026-11-11
FB-22,SKU-014,3,Damaged,2026-11-11
FB-22,SKU-017,1,Expired,2026-11-11
FB-22,SKU-020,1,Expired,2026-11-11
FB-22,SKU-022,1,Expired,2026-11-11
FB-22,SKU-025,1,Expired,2026-11-11
FB-23,SKU-004,1,Quality reject,2026-11-11
FB-23,SKU-008,2,Expired,2026-11-11
FB-23,SKU-013,3,Expired,2026-11-11
FB-23,SKU-019,1,Quality reject,2026-11-11
FB-23,SKU-020,1,Expired,2026-11-11
FB-23,SKU-023,1,Expired,2026-11-11
FB-24,SKU-012,2,Expired,2026-11-11
FB-24,SKU-022,1,Expired,2026-11-11
FB-25,SKU-005,1,Damaged,2026-11-11
FB-25,SKU-008,1,Quality reject,2026-11-11
FB-25,SKU-021,2,Damaged,2026-11-11
FB-25,SKU-022,1,Quality reject,2026-11-11
FB-25,SKU-023,1,Damaged,2026-11-11
FB-01,SKU-007,1,Damaged,2026-11-12
FB-01,SKU-011,1,Damaged,2026-11-12
FB-01,SKU-023,2,Expired,2026-11-12
FB-02,SKU-005,3,Expired,2026-11-12
FB-02,SKU-012,1,Expired,2026-11-12
FB-02,SKU-013,1,Expired,2026-11-12
FB-02,SKU-014,1,Expired,2026-11-12
FB-02,SKU-019,1,Expired,2026-11-12
FB-02,SKU-021,1,Expired,2026-11-12
FB-02,SKU-022,1,Expired,2026-11-12
FB-02,SKU-023,1,Expired,2026-11-12
FB-02,SKU-024,1,Damaged,2026-11-12
FB-03,SKU-005,1,Quality reject,2026-11-12
FB-03,SKU-011,2,Quality reject,2026-11-12
FB-03,SKU-014,2,Expired,2026-11-12
FB-03,SKU-025,1,Expired,2026-11-12
FB-04,SKU-001,1,Damaged,2026-11-12
FB-04,SKU-010,1,Expired,2026-11-12
FB-04,SKU-011,1,Expired,2026-11-12
FB-04,SKU-017,1,Quality reject,2026-11-12
FB-04,SKU-022,1,Quality reject,2026-11-12
FB-05,SKU-003,1,Quality reject,2026-11-12
FB-05,SKU-005,1,Damaged,2026-11-12
FB-05,SKU-014,1,Quality reject,2026-11-12
FB-06,SKU-003,4,Expired,2026-11-12
FB-06,SKU-008,1,Expired,2026-11-12
FB-06,SKU-014,1,Expired,2026-11-12
FB-06,SKU-017,1,Damaged,2026-11-12
FB-06,SKU-021,1,Expired,2026-11-12
FB-06,SKU-022,1,Expired,2026-11-12
FB-06,SKU-023,2,Expired,2026-11-12
FB-06,SKU-025,1,Quality reject,2026-11-12
FB-07,SKU-011,1,Quality reject,2026-11-12
FB-07,SKU-012,1,Expired,2026-11-12
FB-08,SKU-007,1,Damaged,2026-11-12
FB-08,SKU-009,1,Quality reject,2026-11-12
FB-08,SKU-010,1,Expired,2026-11-12
FB-08,SKU-011,2,Expired,2026-11-12
FB-08,SKU-012,4,Expired,2026-11-12
FB-08,SKU-013,2,Expired,2026-11-12
FB-08,SKU-019,1,Expired,2026-11-12
FB-08,SKU-023,2,Expired,2026-11-12
FB-08,SKU-024,1,Expired,2026-11-12
FB-08,SKU-025,1,Expired,2026-11-12
FB-09,SKU-023,1,Expired,2026-11-12
FB-09,SKU-025,1,Expired,2026-11-12
FB-10,SKU-006,2,Expired,2026-11-12
FB-10,SKU-014,2,Expired,2026-11-12
FB-10,SKU-025,1,Expired,2026-11-12
FB-11,SKU-004,1,Expired,2026-11-12
FB-11,SKU-011,1,Expired,2026-11-12
FB-11,SKU-017,1,Damaged,2026-11-12
FB-12,SKU-003,1,Expired,2026-11-12
FB-12,SKU-004,2,Expired,2026-11-12
FB-12,SKU-006,1,Expired,2026-11-12
FB-12,SKU-012,1,Expired,2026-11-12
FB-12,SKU-014,1,Expired,2026-11-12
FB-12,SKU-019,1,Quality reject,2026-11-12
FB-12,SKU-023,2,Expired,2026-11-12
FB-12,SKU-024,1,Expired,2026-11-12
FB-13,SKU-001,1,Expired,2026-11-12
FB-13,SKU-005,1,Expired,2026-11-12
FB-13,SKU-012,1,Expired,2026-11-12
FB-13,SKU-014,4,Expired,2026-11-12
FB-13,SKU-019,1,Quality reject,2026-11-12
FB-13,SKU-021,1,Expired,2026-11-12
FB-13,SKU-023,1,Expired,2026-11-12
FB-14,SKU-003,1,Damaged,2026-11-12
FB-14,SKU-010,1,Damaged,2026-11-12
FB-14,SKU-014,1,Damaged,2026-11-12
FB-14,SKU-019,1,Expired,2026-11-12
FB-14,SKU-021,1,Damaged,2026-11-12
FB-15,SKU-003,1,Expired,2026-11-12
FB-15,SKU-013,1,Expired,2026-11-12
FB-15,SKU-014,2,Damaged,2026-11-12
FB-15,SKU-023,1,Expired,2026-11-12
FB-15,SKU-024,1,Expired,2026-11-12
FB-16,SKU-001,2,Expired,2026-11-12
FB-16,SKU-005,1,Expired,2026-11-12
FB-16,SKU-006,1,Expired,2026-11-12
FB-16,SKU-009,1,Expired,2026-11-12
FB-16,SKU-010,1,Expired,2026-11-12
FB-16,SKU-011,1,Expired,2026-11-12
FB-16,SKU-013,1,Expired,2026-11-12
FB-16,SKU-014,2,Quality reject,2026-11-12
FB-16,SKU-017,1,Expired,2026-11-12
FB-16,SKU-019,2,Expired,2026-11-12
FB-16,SKU-022,1,Quality reject,2026-11-12
FB-16,SKU-023,2,Damaged,2026-11-12
FB-16,SKU-024,1,Expired,2026-11-12
FB-17,SKU-003,1,Expired,2026-11-12
FB-17,SKU-007,1,Quality reject,2026-11-12
FB-17,SKU-008,2,Quality reject,2026-11-12
FB-17,SKU-011,1,Expired,2026-11-12
FB-17,SKU-017,1,Quality reject,2026-11-12
FB-17,SKU-019,1,Damaged,2026-11-12
FB-18,SKU-003,1,Expired,2026-11-12
FB-18,SKU-007,1,Expired,2026-11-12
FB-18,SKU-013,2,Expired,2026-11-12
FB-18,SKU-025,1,Damaged,2026-11-12
FB-19,SKU-001,1,Expired,2026-11-12
FB-19,SKU-004,1,Expired,2026-11-12
FB-19,SKU-005,1,Expired,2026-11-12
FB-19,SKU-012,1,Expired,2026-11-12
FB-19,SKU-014,1,Quality reject,2026-11-12
FB-19,SKU-019,1,Expired,2026-11-12
FB-19,SKU-021,1,Expired,2026-11-12
FB-19,SKU-022,1,Expired,2026-11-12
FB-19,SKU-023,1,Expired,2026-11-12
FB-20,SKU-002,1,Expired,2026-11-12
FB-20,SKU-006,1,Expired,2026-11-12
FB-20,SKU-017,1,Expired,2026-11-12
FB-20,SKU-022,1,Quality reject,2026-11-12
FB-20,SKU-025,2,Damaged,2026-11-12
FB-21,SKU-003,1,Damaged,2026-11-12
FB-21,SKU-005,1,Quality reject,2026-11-12
FB-21,SKU-014,1,Expired,2026-11-12
FB-21,SKU-015,1,Quality reject,2026-11-12
FB-21,SKU-023,1,Expired,2026-11-12
FB-22,SKU-003,2,Quality reject,2026-11-12
FB-22,SKU-008,1,Expired,2026-11-12
FB-22,SKU-011,1,Quality reject,2026-11-12
FB-22,SKU-014,1,Expired,2026-11-12
FB-22,SKU-019,2,Damaged,2026-11-12
FB-22,SKU-022,3,Expired,2026-11-12
FB-22,SKU-023,1,Expired,2026-11-12
FB-22,SKU-025,1,Expired,2026-11-12
FB-23,SKU-005,2,Expired,2026-11-12
FB-23,SKU-006,1,Expired,2026-11-12
FB-23,SKU-014,1,Damaged,2026-11-12
FB-23,SKU-019,1,Expired,2026-11-12
FB-24,SKU-001,1,Expired,2026-11-12
FB-24,SKU-010,1,Expired,2026-11-12
FB-25,SKU-003,1,Expired,2026-11-12
FB-25,SKU-004,1,Damaged,2026-11-12
FB-25,SKU-010,2,Expired,2026-11-12
FB-25,SKU-013,1,Quality reject,2026-11-12
FB-01,SKU-001,1,Expired,2026-11-13
FB-01,SKU-002,1,Damaged,2026-11-13
FB-01,SKU-003,1,Quality reject,2026-11-13
FB-01,SKU-005,2,Expired,2026-11-13
FB-01,SKU-011,1,Expired,2026-11-13
FB-01,SKU-013,1,Expired,2026-11-13
FB-01,SKU-023,1,Expired,2026-11-13
FB-02,SKU-005,1,Expired,2026-11-13
FB-02,SKU-006,1,Damaged,2026-11-13
FB-02,SKU-011,1,Expired,2026-11-13
FB-02,SKU-014,1,Damaged,2026-11-13
FB-02,SKU-022,1,Expired,2026-11-13
FB-03,SKU-001,1,Expired,2026-11-13
FB-03,SKU-009,2,Expired,2026-11-13
FB-03,SKU-011,1,Expired,2026-11-13
FB-03,SKU-012,1,Damaged,2026-11-13
FB-03,SKU-017,1,Expired,2026-11-13
FB-03,SKU-022,1,Expired,2026-11-13
FB-03,SKU-023,1,Expired,2026-11-13
FB-03,SKU-024,1,Damaged,2026-11-13
FB-03,SKU-025,1,Expired,2026-11-13
FB-04,SKU-004,1,Expired,2026-11-13
FB-04,SKU-005,2,Expired,2026-11-13
FB-04,SKU-007,1,Expired,2026-11-13
FB-04,SKU-014,1,Expired,2026-11-13
FB-04,SKU-019,1,Expired,2026-11-13
FB-05,SKU-004,1,Damaged,2026-11-13
FB-05,SKU-009,1,Quality reject,2026-11-13
FB-05,SKU-013,2,Expired,2026-11-13
FB-05,SKU-014,1,Damaged,2026-11-13
FB-05,SKU-015,1,Expired,2026-11-13
FB-05,SKU-024,2,Quality reject,2026-11-13
FB-06,SKU-005,1,Expired,2026-11-13
FB-06,SKU-011,1,Expired,2026-11-13
FB-06,SKU-012,1,Damaged,2026-11-13
FB-06,SKU-019,2,Expired,2026-11-13
FB-06,SKU-021,2,Expired,2026-11-13
FB-06,SKU-022,1,Expired,2026-11-13
FB-06,SKU-023,2,Quality reject,2026-11-13
FB-06,SKU-025,1,Expired,2026-11-13
FB-07,SKU-004,1,Expired,2026-11-13
FB-07,SKU-005,1,Expired,2026-11-13
FB-07,SKU-011,1,Expired,2026-11-13
FB-07,SKU-013,1,Expired,2026-11-13
FB-07,SKU-021,1,Expired,2026-11-13
FB-07,SKU-022,1,Quality reject,2026-11-13
FB-08,SKU-007,1,Expired,2026-11-13
FB-08,SKU-009,2,Expired,2026-11-13
FB-08,SKU-011,2,Expired,2026-11-13
FB-08,SKU-012,3,Expired,2026-11-13
FB-08,SKU-014,1,Expired,2026-11-13
FB-08,SKU-020,1,Expired,2026-11-13
FB-08,SKU-023,1,Damaged,2026-11-13
FB-08,SKU-025,1,Expired,2026-11-13
FB-09,SKU-003,1,Expired,2026-11-13
FB-09,SKU-005,1,Quality reject,2026-11-13
FB-09,SKU-022,1,Damaged,2026-11-13
FB-10,SKU-006,1,Damaged,2026-11-13
FB-10,SKU-022,2,Expired,2026-11-13
FB-10,SKU-025,1,Expired,2026-11-13
FB-11,SKU-004,1,Quality reject,2026-11-13
FB-11,SKU-011,1,Expired,2026-11-13
FB-11,SKU-013,1,Expired,2026-11-13
FB-11,SKU-015,1,Quality reject,2026-11-13
FB-11,SKU-020,1,Quality reject,2026-11-13
FB-11,SKU-023,1,Damaged,2026-11-13
FB-12,SKU-005,2,Quality reject,2026-11-13
FB-12,SKU-006,1,Damaged,2026-11-13
FB-12,SKU-012,2,Quality reject,2026-11-13
FB-12,SKU-017,1,Expired,2026-11-13
FB-12,SKU-023,1,Damaged,2026-11-13
FB-13,SKU-001,2,Damaged,2026-11-13
FB-13,SKU-004,1,Quality reject,2026-11-13
FB-13,SKU-005,1,Expired,2026-11-13
FB-13,SKU-009,2,Expired,2026-11-13
FB-13,SKU-013,1,Damaged,2026-11-13
FB-13,SKU-014,1,Expired,2026-11-13
FB-13,SKU-019,1,Quality reject,2026-11-13
FB-13,SKU-020,1,Expired,2026-11-13
FB-13,SKU-023,1,Expired,2026-11-13
FB-14,SKU-002,1,Quality reject,2026-11-13
FB-14,SKU-003,2,Expired,2026-11-13
FB-14,SKU-005,2,Damaged,2026-11-13
FB-14,SKU-010,1,Expired,2026-11-13
FB-14,SKU-012,1,Expired,2026-11-13
FB-14,SKU-013,1,Expired,2026-11-13
FB-14,SKU-014,2,Quality reject,2026-11-13
FB-14,SKU-019,1,Damaged,2026-11-13
FB-14,SKU-022,3,Expired,2026-11-13
FB-14,SKU-023,1,Damaged,2026-11-13
FB-14,SKU-025,1,Expired,2026-11-13
FB-15,SKU-004,1,Expired,2026-11-13
FB-15,SKU-006,1,Expired,2026-11-13
FB-15,SKU-015,1,Expired,2026-11-13
FB-15,SKU-016,1,Quality reject,2026-11-13
FB-16,SKU-003,1,Quality reject,2026-11-13
FB-16,SKU-005,2,Quality reject,2026-11-13
FB-16,SKU-014,1,Expired,2026-11-13
FB-16,SKU-017,1,Expired,2026-11-13
FB-16,SKU-019,1,Quality reject,2026-11-13
FB-16,SKU-021,1,Expired,2026-11-13
FB-16,SKU-022,1,Expired,2026-11-13
FB-16,SKU-024,1,Damaged,2026-11-13
FB-17,SKU-006,1,Expired,2026-11-13
FB-17,SKU-008,1,Quality reject,2026-11-13
FB-17,SKU-021,1,Expired,2026-11-13
FB-17,SKU-025,1,Damaged,2026-11-13
FB-19,SKU-004,2,Expired,2026-11-13
FB-19,SKU-022,1,Damaged,2026-11-13
FB-19,SKU-023,1,Expired,2026-11-13
FB-19,SKU-024,1,Damaged,2026-11-13
FB-20,SKU-004,1,Quality reject,2026-11-13
FB-20,SKU-007,1,Expired,2026-11-13
FB-20,SKU-011,1,Quality reject,2026-11-13
FB-20,SKU-013,1,Damaged,2026-11-13
FB-20,SKU-014,1,Damaged,2026-11-13
FB-20,SKU-015,1,Quality reject,2026-11-13
FB-21,SKU-002,1,Expired,2026-11-13
FB-21,SKU-006,1,Damaged,2026-11-13
FB-21,SKU-009,2,Damaged,2026-11-13
FB-21,SKU-011,1,Expired,2026-11-13
FB-21,SKU-013,1,Damaged,2026-11-13
FB-21,SKU-014,1,Quality reject,2026-11-13
FB-21,SKU-015,1,Expired,2026-11-13
FB-21,SKU-023,1,Expired,2026-11-13
FB-21,SKU-024,2,Expired,2026-11-13
FB-22,SKU-001,1,Expired,2026-11-13
FB-22,SKU-005,1,Damaged,2026-11-13
FB-22,SKU-012,1,Expired,2026-11-13
FB-22,SKU-013,1,Expired,2026-11-13
FB-22,SKU-014,1,Expired,2026-11-13
FB-22,SKU-015,1,Expired,2026-11-13
FB-22,SKU-017,1,Expired,2026-11-13
FB-22,SKU-020,1,Expired,2026-11-13
FB-22,SKU-023,1,Expired,2026-11-13
FB-23,SKU-011,1,Quality reject,2026-11-13
FB-23,SKU-014,3,Damaged,2026-11-13
FB-23,SKU-024,1,Expired,2026-11-13
FB-23,SKU-025,1,Quality reject,2026-11-13
FB-24,SKU-003,1,Damaged,2026-11-13
FB-24,SKU-004,1,Quality reject,2026-11-13
FB-24,SKU-014,1,Expired,2026-11-13
FB-24,SKU-017,1,Expired,2026-11-13
FB-24,SKU-023,1,Expired,2026-11-13
FB-25,SKU-003,1,Quality reject,2026-11-13
FB-25,SKU-004,1,Damaged,2026-11-13
FB-25,SKU-005,2,Quality reject,2026-11-13
FB-25,SKU-011,1,Expired,2026-11-13
FB-25,SKU-015,1,Expired,2026-11-13
FB-25,SKU-022,2,Expired,2026-11-13
FB-25,SKU-023,1,Quality reject,2026-11-13
FB-01,SKU-003,1,Quality reject,2026-11-14
FB-01,SKU-013,1,Expired,2026-11-14
FB-01,SKU-014,2,Quality reject,2026-11-14
FB-01,SKU-023,1,Expired,2026-11-14
FB-01,SKU-024,1,Expired,2026-11-14
FB-02,SKU-004,1,Expired,2026-11-14
FB-02,SKU-014,1,Damaged,2026-11-14
FB-02,SKU-015,2,Expired,2026-11-14
FB-02,SKU-017,1,Expired,2026-11-14
FB-02,SKU-019,1,Expired,2026-11-14
FB-02,SKU-023,1,Damaged,2026-11-14
FB-02,SKU-025,2,Expired,2026-11-14
FB-03,SKU-003,1,Expired,2026-11-14
FB-03,SKU-005,1,Damaged,2026-11-14
FB-03,SKU-011,1,Expired,2026-11-14
FB-03,SKU-020,1,Expired,2026-11-14
FB-03,SKU-023,1,Expired,2026-11-14
FB-03,SKU-025,1,Expired,2026-11-14
FB-04,SKU-001,1,Quality reject,2026-11-14
FB-04,SKU-005,1,Expired,2026-11-14
FB-04,SKU-011,1,Expired,2026-11-14
FB-04,SKU-014,1,Quality reject,2026-11-14
FB-04,SKU-020,1,Expired,2026-11-14
FB-04,SKU-022,1,Expired,2026-11-14
FB-05,SKU-001,1,Expired,2026-11-14
FB-05,SKU-011,1,Damaged,2026-11-14
FB-05,SKU-023,1,Damaged,2026-11-14
FB-05,SKU-024,1,Expired,2026-11-14
FB-06,SKU-003,1,Expired,2026-11-14
FB-06,SKU-005,1,Damaged,2026-11-14
FB-06,SKU-009,1,Damaged,2026-11-14
FB-06,SKU-011,1,Expired,2026-11-14
FB-06,SKU-013,1,Damaged,2026-11-14
FB-06,SKU-014,1,Expired,2026-11-14
FB-06,SKU-015,2,Expired,2026-11-14
FB-06,SKU-021,1,Expired,2026-11-14
FB-06,SKU-023,1,Damaged,2026-11-14
FB-06,SKU-024,1,Expired,2026-11-14
FB-07,SKU-011,1,Quality reject,2026-11-14
FB-07,SKU-017,1,Expired,2026-11-14
FB-07,SKU-022,1,Quality reject,2026-11-14
FB-07,SKU-023,2,Expired,2026-11-14
FB-08,SKU-005,1,Quality reject,2026-11-14
FB-08,SKU-008,1,Expired,2026-11-14
FB-08,SKU-009,1,Quality reject,2026-11-14
FB-08,SKU-010,2,Expired,2026-11-14
FB-08,SKU-011,7,Expired,2026-11-14
FB-08,SKU-012,3,Expired,2026-11-14
FB-08,SKU-014,3,Damaged,2026-11-14
FB-08,SKU-017,1,Expired,2026-11-14
FB-09,SKU-008,1,Expired,2026-11-14
FB-09,SKU-010,1,Quality reject,2026-11-14
FB-09,SKU-016,1,Expired,2026-11-14
FB-10,SKU-005,1,Quality reject,2026-11-14
FB-10,SKU-012,1,Damaged,2026-11-14
FB-10,SKU-013,2,Expired,2026-11-14
FB-10,SKU-023,1,Expired,2026-11-14
FB-10,SKU-024,1,Expired,2026-11-14
FB-11,SKU-004,1,Expired,2026-11-14
FB-11,SKU-008,1,Quality reject,2026-11-14
FB-11,SKU-010,1,Expired,2026-11-14
FB-11,SKU-014,2,Expired,2026-11-14
FB-11,SKU-015,1,Expired,2026-11-14
FB-12,SKU-010,1,Damaged,2026-11-14
FB-12,SKU-014,1,Expired,2026-11-14
FB-12,SKU-016,1,Damaged,2026-11-14
FB-12,SKU-021,1,Damaged,2026-11-14
FB-12,SKU-022,2,Expired,2026-11-14
FB-12,SKU-023,3,Damaged,2026-11-14
FB-12,SKU-024,2,Expired,2026-11-14
FB-13,SKU-003,1,Expired,2026-11-14
FB-13,SKU-014,1,Expired,2026-11-14
FB-13,SKU-021,1,Quality reject,2026-11-14
FB-13,SKU-023,1,Damaged,2026-11-14
FB-14,SKU-004,1,Expired,2026-11-14
FB-14,SKU-012,1,Expired,2026-11-14
FB-14,SKU-024,2,Expired,2026-11-14
FB-14,SKU-025,1,Damaged,2026-11-14
FB-15,SKU-003,1,Damaged,2026-11-14
FB-15,SKU-012,1,Quality reject,2026-11-14
FB-16,SKU-001,3,Expired,2026-11-14
FB-16,SKU-003,1,Expired,2026-11-14
FB-16,SKU-004,1,Quality reject,2026-11-14
FB-16,SKU-005,1,Expired,2026-11-14
FB-16,SKU-007,1,Quality reject,2026-11-14
FB-16,SKU-010,1,Quality reject,2026-11-14
FB-16,SKU-011,1,Damaged,2026-11-14
FB-16,SKU-012,1,Expired,2026-11-14
FB-16,SKU-014,1,Expired,2026-11-14
FB-16,SKU-021,1,Expired,2026-11-14
FB-16,SKU-023,2,Damaged,2026-11-14
FB-16,SKU-024,2,Expired,2026-11-14
FB-17,SKU-006,1,Expired,2026-11-14
FB-17,SKU-007,1,Expired,2026-11-14
FB-17,SKU-011,1,Expired,2026-11-14
FB-17,SKU-023,1,Quality reject,2026-11-14
FB-18,SKU-005,1,Expired,2026-11-14
FB-18,SKU-007,1,Expired,2026-11-14
FB-18,SKU-011,1,Damaged,2026-11-14
FB-18,SKU-017,1,Expired,2026-11-14
FB-18,SKU-019,1,Expired,2026-11-14
FB-19,SKU-003,1,Quality reject,2026-11-14
FB-19,SKU-012,2,Expired,2026-11-14
FB-19,SKU-013,1,Expired,2026-11-14
FB-19,SKU-021,2,Damaged,2026-11-14
FB-19,SKU-023,1,Expired,2026-11-14
FB-20,SKU-001,1,Quality reject,2026-11-14
FB-20,SKU-003,3,Expired,2026-11-14
FB-20,SKU-004,1,Damaged,2026-11-14
FB-20,SKU-005,1,Expired,2026-11-14
FB-20,SKU-007,1,Quality reject,2026-11-14
FB-20,SKU-011,1,Damaged,2026-11-14
FB-20,SKU-018,1,Expired,2026-11-14
FB-20,SKU-022,2,Expired,2026-11-14
FB-20,SKU-023,1,Quality reject,2026-11-14
FB-20,SKU-024,1,Expired,2026-11-14
FB-21,SKU-001,1,Expired,2026-11-14
FB-21,SKU-003,1,Damaged,2026-11-14
FB-21,SKU-004,3,Expired,2026-11-14
FB-21,SKU-005,1,Expired,2026-11-14
FB-21,SKU-013,1,Damaged,2026-11-14
FB-21,SKU-014,1,Damaged,2026-11-14
FB-21,SKU-022,2,Expired,2026-11-14
FB-22,SKU-003,1,Expired,2026-11-14
FB-22,SKU-005,2,Expired,2026-11-14
FB-22,SKU-006,1,Expired,2026-11-14
FB-22,SKU-007,1,Expired,2026-11-14
FB-22,SKU-009,1,Quality reject,2026-11-14
FB-22,SKU-011,2,Expired,2026-11-14
FB-22,SKU-014,2,Quality reject,2026-11-14
FB-22,SKU-022,2,Quality reject,2026-11-14
FB-22,SKU-025,1,Damaged,2026-11-14
FB-23,SKU-006,1,Damaged,2026-11-14
FB-23,SKU-010,1,Expired,2026-11-14
FB-23,SKU-011,1,Expired,2026-11-14
FB-24,SKU-005,1,Expired,2026-11-14
FB-24,SKU-012,1,Expired,2026-11-14
FB-24,SKU-013,2,Expired,2026-11-14
FB-25,SKU-003,1,Damaged,2026-11-14
FB-25,SKU-006,2,Damaged,2026-11-14
FB-25,SKU-012,1,Expired,2026-11-14
FB-25,SKU-019,1,Expired,2026-11-14
FB-25,SKU-021,1,Damaged,2026-11-14
FB-25,SKU-022,1,Expired,2026-11-14
FB-01,SKU-003,1,Expired,2026-11-15
FB-01,SKU-004,2,Damaged,2026-11-15
FB-01,SKU-007,1,Expired,2026-11-15
FB-01,SKU-013,2,Expired,2026-11-15
FB-01,SKU-025,1,Damaged,2026-11-15
FB-02,SKU-003,3,Expired,2026-11-15
FB-02,SKU-004,2,Damaged,2026-11-15
FB-02,SKU-005,2,Quality reject,2026-11-15
FB-02,SKU-010,2,Expired,2026-11-15
FB-02,SKU-011,1,Expired,2026-11-15
FB-02,SKU-013,1,Quality reject,2026-11-15
FB-02,SKU-014,2,Quality reject,2026-11-15
FB-02,SKU-018,1,Expired,2026-11-15
FB-02,SKU-020,1,Expired,2026-11-15
FB-02,SKU-022,3,Quality reject,2026-11-15
FB-02,SKU-023,1,Quality reject,2026-11-15
FB-03,SKU-002,1,Damaged,2026-11-15
FB-03,SKU-003,1,Expired,2026-11-15
FB-03,SKU-005,1,Expired,2026-11-15
FB-03,SKU-014,1,Quality reject,2026-11-15
FB-03,SKU-024,1,Expired,2026-11-15
FB-04,SKU-002,1,Expired,2026-11-15
FB-04,SKU-004,1,Expired,2026-11-15
FB-04,SKU-008,1,Damaged,2026-11-15
FB-04,SKU-017,2,Expired,2026-11-15
FB-04,SKU-022,2,Damaged,2026-11-15
FB-04,SKU-024,2,Damaged,2026-11-15
FB-05,SKU-004,1,Expired,2026-11-15
FB-05,SKU-006,1,Damaged,2026-11-15
FB-05,SKU-011,1,Expired,2026-11-15
FB-05,SKU-013,1,Expired,2026-11-15
FB-05,SKU-014,1,Expired,2026-11-15
FB-05,SKU-020,1,Expired,2026-11-15
FB-05,SKU-022,2,Expired,2026-11-15
FB-05,SKU-023,1,Quality reject,2026-11-15
FB-06,SKU-002,1,Quality reject,2026-11-15
FB-06,SKU-003,1,Expired,2026-11-15
FB-06,SKU-004,1,Expired,2026-11-15
FB-06,SKU-005,1,Damaged,2026-11-15
FB-06,SKU-012,1,Quality reject,2026-11-15
FB-06,SKU-017,1,Expired,2026-11-15
FB-06,SKU-022,2,Damaged,2026-11-15
FB-06,SKU-023,2,Expired,2026-11-15
FB-06,SKU-024,1,Expired,2026-11-15
FB-07,SKU-010,1,Expired,2026-11-15
FB-07,SKU-011,1,Expired,2026-11-15
FB-07,SKU-014,2,Expired,2026-11-15
FB-07,SKU-021,1,Expired,2026-11-15
FB-07,SKU-022,1,Expired,2026-11-15
FB-08,SKU-005,1,Expired,2026-11-15
FB-08,SKU-007,3,Quality reject,2026-11-15
FB-08,SKU-008,1,Damaged,2026-11-15
FB-08,SKU-010,2,Expired,2026-11-15
FB-08,SKU-011,4,Expired,2026-11-15
FB-08,SKU-012,1,Damaged,2026-11-15
FB-08,SKU-022,1,Expired,2026-11-15
FB-08,SKU-023,1,Expired,2026-11-15
FB-09,SKU-004,1,Expired,2026-11-15
FB-09,SKU-009,1,Damaged,2026-11-15
FB-09,SKU-011,1,Expired,2026-11-15
FB-09,SKU-014,1,Damaged,2026-11-15
FB-09,SKU-024,1,Damaged,2026-11-15
FB-09,SKU-025,1,Expired,2026-11-15
FB-10,SKU-006,1,Expired,2026-11-15
FB-10,SKU-013,1,Expired,2026-11-15
FB-10,SKU-014,1,Damaged,2026-11-15
FB-10,SKU-019,1,Damaged,2026-11-15
FB-10,SKU-023,1,Expired,2026-11-15
FB-11,SKU-004,1,Expired,2026-11-15
FB-11,SKU-010,1,Damaged,2026-11-15
FB-11,SKU-013,1,Expired,2026-11-15
FB-11,SKU-022,1,Quality reject,2026-11-15
FB-12,SKU-004,1,Expired,2026-11-15
FB-12,SKU-005,2,Quality reject,2026-11-15
FB-12,SKU-007,1,Expired,2026-11-15
FB-12,SKU-011,1,Expired,2026-11-15
FB-12,SKU-014,2,Expired,2026-11-15
FB-12,SKU-017,1,Quality reject,2026-11-15
FB-12,SKU-024,1,Damaged,2026-11-15
FB-13,SKU-001,1,Quality reject,2026-11-15
FB-13,SKU-003,1,Expired,2026-11-15
FB-13,SKU-005,4,Expired,2026-11-15
FB-13,SKU-007,1,Quality reject,2026-11-15
FB-13,SKU-011,2,Expired,2026-11-15
FB-13,SKU-013,1,Damaged,2026-11-15
FB-13,SKU-014,1,Damaged,2026-11-15
FB-13,SKU-017,1,Quality reject,2026-11-15
FB-13,SKU-019,2,Expired,2026-11-15
FB-13,SKU-020,1,Expired,2026-11-15
FB-13,SKU-023,3,Expired,2026-11-15
FB-14,SKU-003,1,Expired,2026-11-15
FB-14,SKU-011,1,Expired,2026-11-15
FB-14,SKU-014,1,Expired,2026-11-15
FB-14,SKU-015,1,Quality reject,2026-11-15
FB-14,SKU-017,1,Expired,2026-11-15
FB-14,SKU-023,3,Expired,2026-11-15
FB-14,SKU-024,1,Damaged,2026-11-15
FB-14,SKU-025,1,Expired,2026-11-15
FB-15,SKU-016,1,Quality reject,2026-11-15
FB-15,SKU-020,1,Expired,2026-11-15
FB-15,SKU-023,1,Damaged,2026-11-15
FB-15,SKU-025,1,Expired,2026-11-15
FB-16,SKU-013,1,Expired,2026-11-15
FB-16,SKU-014,1,Expired,2026-11-15
FB-16,SKU-018,1,Quality reject,2026-11-15
FB-16,SKU-019,1,Expired,2026-11-15
FB-16,SKU-024,2,Expired,2026-11-15
FB-17,SKU-002,1,Expired,2026-11-15
FB-17,SKU-014,1,Quality reject,2026-11-15
FB-17,SKU-019,1,Expired,2026-11-15
FB-18,SKU-006,1,Damaged,2026-11-15
FB-18,SKU-013,1,Quality reject,2026-11-15
FB-18,SKU-015,1,Quality reject,2026-11-15
FB-19,SKU-012,1,Expired,2026-11-15
FB-19,SKU-021,1,Quality reject,2026-11-15
FB-19,SKU-023,1,Damaged,2026-11-15
FB-20,SKU-001,2,Expired,2026-11-15
FB-20,SKU-003,2,Quality reject,2026-11-15
FB-20,SKU-011,2,Expired,2026-11-15
FB-20,SKU-015,1,Expired,2026-11-15
FB-20,SKU-022,1,Expired,2026-11-15
FB-20,SKU-024,3,Expired,2026-11-15
FB-20,SKU-025,1,Damaged,2026-11-15
FB-21,SKU-001,1,Expired,2026-11-15
FB-21,SKU-005,1,Expired,2026-11-15
FB-21,SKU-013,1,Damaged,2026-11-15
FB-21,SKU-014,1,Damaged,2026-11-15
FB-21,SKU-017,1,Expired,2026-11-15
FB-21,SKU-023,1,Damaged,2026-11-15
FB-21,SKU-025,1,Expired,2026-11-15
FB-22,SKU-001,1,Damaged,2026-11-15
FB-22,SKU-005,2,Expired,2026-11-15
FB-22,SKU-010,1,Expired,2026-11-15
FB-22,SKU-011,1,Quality reject,2026-11-15
FB-22,SKU-019,1,Expired,2026-11-15
FB-22,SKU-022,1,Expired,2026-11-15
FB-22,SKU-023,2,Expired,2026-11-15
FB-22,SKU-025,1,Damaged,2026-11-15
FB-23,SKU-006,2,Damaged,2026-11-15
FB-23,SKU-011,1,Damaged,2026-11-15
FB-23,SKU-012,1,Expired,2026-11-15
FB-23,SKU-021,1,Expired,2026-11-15
FB-23,SKU-022,1,Damaged,2026-11-15
FB-23,SKU-025,1,Damaged,2026-11-15
FB-24,SKU-003,1,Expired,2026-11-15
FB-24,SKU-008,2,Damaged,2026-11-15
FB-24,SKU-015,2,Quality reject,2026-11-15
FB-24,SKU-019,1,Expired,2026-11-15
FB-24,SKU-020,1,Expired,2026-11-15
FB-24,SKU-021,1,Expired,2026-11-15
FB-24,SKU-023,1,Damaged,2026-11-15
FB-25,SKU-011,2,Expired,2026-11-15
FB-25,SKU-017,1,Damaged,2026-11-15
FB-25,SKU-019,1,Quality reject,2026-11-15
FB-25,SKU-023,2,Expired,2026-11-15
